<?xml version="1.0" encoding="UTF-8" standalone="yes"?>
<contentHaul xmlns:a="http://www.appian.com/ae/types/2009">
    <versionUuid>_a-0000e9a7-6d42-8000-e63f-01ef9001ef90_5864228</versionUuid>
    <rule>
        <name>SCDO_llenarReportesAuditoriaDadoReportes</name>
        <uuid>88b69a51-faf2-4a7c-a011-715a197ae740</uuid>
        <description>Regla de expresión que permite guardar reportes de auditoria dado una lista de reportes, ya sean aprobados o reportes en general</description>
        <parentUuid>_a-0000e9a3-ab27-8000-e63d-01ef9001ef90_4829216</parentUuid>
        <visibility>
            <advertise>false</advertise>
            <hierarchy>true</hierarchy>
            <indexable>true</indexable>
            <quota>false</quota>
            <searchable>true</searchable>
            <system>false</system>
            <unlogged>false</unlogged>
        </visibility>
        <definition>a!localVariables(
  
  local!reportes_auditoria: #"SYSTEM_SYSRULES_forEach"(
    items: if(a!isNullOrEmpty(ri!reportes), ri!reportesAprobados, ri!reportes),
    expression: {
      'type!{urn:com:appian:types}cdo_reportes_auditoria'(
        mercado: fv!item.mercado,
        operacion: fv!item.operacion,
        contrato: fv!item.contrato,
        nombre: fv!item.nombre,
        emisora: fv!item.emisora,
        monto: fv!item.monto,
        promotor: fv!item.promotor,
        ccostos: fv!item.ccostos,
        usuario: fv!item.usuario,
        fechacaptura: fv!item.fechacaptura,
        horacaptura: fv!item.horacaptura,
        bitacora: fv!item.bitacora,
        riesgo: fv!item.riesgo,
        revisado: fv!item.revisado,
        usuarioreviso: fv!item.usuarioreviso,
        ccreviso: fv!item.ccreviso,
        ip: fv!item.ip,
        fechareviso: fv!item.fechareviso,
        observaciones: fv!item.observaciones,
        extra1: fv!item.extra1,
        extra2: fv!item.extra2,
        extra3: fv!item.extra3,
        extra4: fv!item.extra4,
        extra5: fv!item.extra5,
        obligatorio: fv!item.obligatorio,
        titulo: fv!item.titulo,
/* TODO       */
        dml: null,
        fchaDml: null
      )
    }
  ),
  local!reportes_auditoria
)</definition>
        <namedTypedValue>
            <name>reportes</name>
            <type>
                <name>cdo_reportes?list</name>
                <namespace>urn:com:appian:types</namespace>
            </type>
        </namedTypedValue>
        <namedTypedValue>
            <name>reportesAprobados</name>
            <type>
                <name>cdo_reportes_aprobados?list</name>
                <namespace>urn:com:appian:types</namespace>
            </type>
        </namedTypedValue>
        <preferredEditor>legacy</preferredEditor>
        <offlineEnabled>false</offlineEnabled>
    </rule>
    <roleMap public="true">
        <role inherit="true" allowForAll="false" name="readers">
            <users/>
            <groups/>
        </role>
        <role inherit="true" allowForAll="false" name="authors">
            <users/>
            <groups/>
        </role>
        <role inherit="true" allowForAll="false" name="administrators">
            <users/>
            <groups/>
        </role>
        <role inherit="false" allowForAll="false" name="denyReaders">
            <users/>
            <groups/>
        </role>
        <role inherit="false" allowForAll="false" name="denyAuthors">
            <users/>
            <groups/>
        </role>
        <role inherit="false" allowForAll="false" name="denyAdministrators">
            <users/>
            <groups/>
        </role>
    </roleMap>
    <history>
        <historyInfo versionUuid="_a-0000e9a7-6d42-8000-e63f-01ef9001ef90_5864228"/>
    </history>
</contentHaul>
