<?xml version="1.0" encoding="UTF-8" standalone="yes"?>
<contentHaul xmlns:a="http://www.appian.com/ae/types/2009">
    <versionUuid>_a-0000eb53-0a0e-8000-e689-01ef9001ef90_9387520</versionUuid>
    <interface>
        <name>SCDO_CorreccionDatosProcess</name>
        <uuid>_a-0000e9a7-6d42-8000-e63f-01ef9001ef90_5221704</uuid>
        <description>Interfaz para la corrección de datos</description>
        <parentUuid>_a-0000e801-560f-8000-e5d9-01ef9001ef90_1707049</parentUuid>
        <visibility>
            <advertise>false</advertise>
            <hierarchy>true</hierarchy>
            <indexable>true</indexable>
            <quota>false</quota>
            <searchable>true</searchable>
            <system>false</system>
            <unlogged>false</unlogged>
        </visibility>
        <definition>#"SYSTEM_SYSRULES_formLayout_v1"(
  label: "Modificación de datos",
  contents: {
    #"SYSTEM_SYSRULES_sectionLayout_v1"(
      label: "",
      contents: {
        #"SYSTEM_SYSRULES_columnsLayout"(
          columns: {
            #"SYSTEM_SYSRULES_columnLayout"(
              contents: {
                #"SYSTEM_SYSRULES_textField"(
                  label: "Promotor",
                  labelPosition: "ABOVE",
                  value: ri!operaciones.promotor,
                  saveInto: ri!operaciones.promotor, 
                  refreshAfter: "UNFOCUS",
                  validations: {}
                )
              }
            ),
            #"SYSTEM_SYSRULES_columnLayout"(
              contents: {
                #"SYSTEM_SYSRULES_textField"(
                  label: "Usuario",
                  labelPosition: "ABOVE",
                  value: ri!operaciones.usuario,
                  saveInto: ri!operaciones.usuario,
                  refreshAfter: "UNFOCUS",
                  validations: {}
                )
              }
            ),
            #"SYSTEM_SYSRULES_columnLayout"(
              contents: {
                #"SYSTEM_SYSRULES_textField"(
                  label: "Nombre de Usuario",
                  labelPosition: "ABOVE",
                  value: ri!operaciones.nombreusuario,
                  saveInto: ri!operaciones.nombreusuario,
                  refreshAfter: "UNFOCUS",
                  validations: {}
                )
              }
            )
          }
        ),
        #"SYSTEM_SYSRULES_columnsLayout"(
          columns: {
            #"SYSTEM_SYSRULES_columnLayout"(
              contents: {
                #"SYSTEM_SYSRULES_textField"(
                  label: "Número de contrato",
                  labelPosition: "ABOVE",
                  value:ri!operaciones.contrato,
                  saveInto: ri!operaciones.contrato,
                  refreshAfter: "UNFOCUS",
                  validations: {}
                )
              }
            ),
            #"SYSTEM_SYSRULES_columnLayout"(
              contents: {
                #"SYSTEM_SYSRULES_textField"(
                  label: "Nombre del cliente",
                  labelPosition: "ABOVE",
                  value:ri!operaciones.nombre,
                  saveInto: ri!operaciones.nombre,
                  refreshAfter: "UNFOCUS",
                  validations: {}
                )
              }
            ),
            #"SYSTEM_SYSRULES_columnLayout"(
              contents: {
                #"SYSTEM_SYSRULES_textField"(
                  label: "Número de Operación",
                  labelPosition: "ABOVE",
                  value: ri!operaciones.operacion,
                  saveInto: ri!operaciones.operacion,
                  refreshAfter: "UNFOCUS",
                  validations: {}
                )
              }
            )
          }
        ),
        #"SYSTEM_SYSRULES_columnsLayout"(
          columns: {
            #"SYSTEM_SYSRULES_columnLayout"(
              contents: {
                #"SYSTEM_SYSRULES_textField"(
                  label: "Montos de operación",
                  labelPosition: "ABOVE",
                  value:ri!operaciones.titulo,
                  saveInto: ri!operaciones.titulo,
                  refreshAfter: "UNFOCUS",
                  validations: {}
                )
              }
            ),
            #"SYSTEM_SYSRULES_columnLayout"(
              contents: {
                #"SYSTEM_SYSRULES_textField"(
                  label: "Emisora",
                  labelPosition: "ABOVE",
                  value:ri!operaciones.emisora,
                  saveInto: ri!operaciones.emisora,
                  refreshAfter: "UNFOCUS",
                  validations: {}
                )
              }
            ),
            #"SYSTEM_SYSRULES_columnLayout"(
              contents: {
                #"SYSTEM_SYSRULES_dropdownField_v1"(
                  label: "Tipo de Operación",
                  labelPosition: "ABOVE",
                  placeholder: "Seleccione Valor",
                  choiceLabels: {"Compra","Venta"},
                  choiceValues: {"C","V"},
                  saveInto: ri!operaciones.extra4,
                  value: ri!operaciones.extra4,
                  searchDisplay: "AUTO",
                  validations: {}
                )
              }
            )
          }
        )
      }
    )
  },
  buttons: #"SYSTEM_SYSRULES_ButtonLayout"(
    primaryButtons: {
      #"SYSTEM_SYSRULES_ButtonWidget"(
        label: "Guardar",
        value: false,
        saveInto: ri!cancel,
        submit: true,
        style: "PRIMARY"
      )
    },
    secondaryButtons: {
      #"SYSTEM_SYSRULES_ButtonWidget"(
        label: "Cancelar",
        value: true,
        saveInto: ri!cancel,
        submit: true,
        style: "NORMAL",
        validate: false
      )
    }
  )
)</definition>
        <namedTypedValue>
            <name>cancel</name>
            <type>
                <name>boolean</name>
                <namespace>http://www.w3.org/2001/XMLSchema</namespace>
            </type>
        </namedTypedValue>
        <namedTypedValue>
            <name>operaciones</name>
            <type>
                <name>V_CDO_NoDocumental</name>
                <namespace>urn:com:appian:types</namespace>
            </type>
        </namedTypedValue>
        <preferredEditor>interface</preferredEditor>
        <offlineEnabled>false</offlineEnabled>
        <isCustom>false</isCustom>
    </interface>
    <roleMap public="true">
        <role inherit="true" allowForAll="false" name="readers">
            <users/>
            <groups/>
        </role>
        <role inherit="true" allowForAll="false" name="authors">
            <users/>
            <groups/>
        </role>
        <role inherit="true" allowForAll="false" name="administrators">
            <users/>
            <groups/>
        </role>
        <role inherit="false" allowForAll="false" name="denyReaders">
            <users/>
            <groups/>
        </role>
        <role inherit="false" allowForAll="false" name="denyAuthors">
            <users/>
            <groups/>
        </role>
        <role inherit="false" allowForAll="false" name="denyAdministrators">
            <users/>
            <groups/>
        </role>
    </roleMap>
    <history>
        <historyInfo versionUuid="_a-0000e9a7-6d42-8000-e63f-01ef9001ef90_5247103"/>
        <historyInfo versionUuid="_a-0000eb53-0a0e-8000-e689-01ef9001ef90_9387520"/>
    </history>
</contentHaul>
