<?xml version="1.0" encoding="UTF-8" standalone="yes"?>
<contentHaul xmlns:a="http://www.appian.com/ae/types/2009">
    <versionUuid>_a-0000eb53-0a0e-8000-e689-01ef9001ef90_9389047</versionUuid>
    <interface>
        <name>SCDO_Ejecutivo_LLamada_nuevo</name>
        <uuid>_a-0000eaa5-8248-8000-e681-01ef9001ef90_8314689</uuid>
        <description>Pantalla que muestra si a operación se realiza por llamada y es nueva</description>
        <parentUuid>_a-0000e801-560f-8000-e5d9-01ef9001ef90_1707049</parentUuid>
        <visibility>
            <advertise>false</advertise>
            <hierarchy>true</hierarchy>
            <indexable>true</indexable>
            <quota>false</quota>
            <searchable>true</searchable>
            <system>false</system>
            <unlogged>false</unlogged>
        </visibility>
        <definition>a!localVariables(
  /*local!cartel_contrato_existe:false,*/
  local!desactivar: false,
  local!bitacora,
  local!documentos,
  {
  #"SYSTEM_SYSRULES_sectionLayout_v1"(
    label: "",
    contents: {
      #"SYSTEM_SYSRULES_richTextDisplayField"(
        labelPosition: "COLLAPSED",
        value: {
          #"SYSTEM_SYSRULES_richTextItem_v1"(
            text: {
              "Selecciona los documentos que se estarán adjuntando."
            },
            size: "MEDIUM"
          ),
          char(10),
          #"SYSTEM_SYSRULES_richTextItem_v1"(
            text: {
              "Los documentos que ya estén preseleccionados indica que ya se cuenta con ellos."
            },
            size: "MEDIUM"
          )
        }
      )
    }
  ),
  #"SYSTEM_SYSRULES_columnsLayout"(
    columns: {
      #"SYSTEM_SYSRULES_columnLayout"(
        contents: {
          #"SYSTEM_SYSRULES_checkboxField"(
            label: "",
            labelPosition: "ABOVE",
            choiceLabels: {"Es llamada telefónica (No tengo imagenes para la(s) operaciones)"},
            choiceValues: {1},
            value: ri!activo,
            saveInto: {ri!activo,
            a!save(
              local!bitacora,null
            )
            },
            validations: {},
            disabled: local!desactivar = true,
          ),
          #"SYSTEM_SYSRULES_columnsLayout"(
            columns: {
              
              #"SYSTEM_SYSRULES_columnLayout"(
                contents: {
                  #"SYSTEM_SYSRULES_textField"(
                    label: "Ingresa la extensión, fecha y hora de la llamada:",
                    labelPosition: "ABOVE",
                    placeholder: "(Extensión-dd/mm/aaaa-hh:mm)",
                    instructions: "(Extensión-dd/mm/aaaa-hh:mm)",
                    value: local!bitacora,
                    saveInto: local!bitacora,
                    refreshAfter: "KEYPRESS",
                    validations: {},
                    disabled: local!desactivar = true
                  )
                },
                width: "MEDIUM_PLUS"
              ),
              #"SYSTEM_SYSRULES_columnLayout"(
                contents: {
                  #"SYSTEM_SYSRULES_ButtonArrayLayout"(
                    buttons: {
                      #"SYSTEM_SYSRULES_ButtonWidget"(
                        label: "Guardar",
                        style: "PRIMARY",
                        icon: "save",
                        size: "SMALL",
                        loadingIndicator: true,
                        disabled: if(
                          a!isNullOrEmpty(local!bitacora),
                          true,
                          if(
                             a!isNullOrEmpty(ri!deal),
                            true,
                            if(local!desactivar = true, true, false)
                          )
                        ),
                        saveInto: {
                          /*a!save(*/
                            /*local!cartel_contrato_existe,*/
                           /*false*/
                          /*),*/
                          a!save(
                            local!documentos,
                            #"_a-0000e982-d80b-8000-e63b-01ef9001ef90_4679364"(contrato: ri!contrato,deal:ri!deal,cc:ri!ejecutivo.idsegmento,usuario:ri!ejecutivo.usuarioopics),
                          ),
                          a!save(
                            ri!cartel_contrato_existe,
                            if(a!isNotNullOrEmpty(local!documentos),
                            true,false)

                          ),
                          if(a!isNullOrEmpty(local!documentos),
                          #"SYSTEM_SYSRULES_startProcess"(
                            processModel: #"_a-0000eaa5-8248-8000-e681-01ef9001ef90_8314890",
                            processParameters: {

                              ipremota: "",
                              observaciones:local!bitacora,

                              deal: ri!deal,
                              contrato: ri!contrato,

                              ejecutivo: ri!ejecutivo
                            },
                            onSuccess: {

                              a!save(ri!deal, null),
                              a!save(ri!contrato, null),
                              a!save(local!bitacora, null),
                              a!save(ri!activo, null),
                              /*a!save(ri!refreshCount, ri!refreshCount +1),*/

                            }
                          ), 
                     ""
                          ),
                          a!save(ri!deal, null),
                         
                          a!save(local!bitacora, null),
                          a!save(ri!activo, null),
                         
                        }
                      )
                    },
                    align: "START",
                    marginAbove: "STANDARD"
                  )
                }
              )
            },
            showWhen: if(and(isnull(ri!activo), local!desactivar = false),false,true)
          )
        }
      )
    }
  ),
  /*if(*/
    /*a!isNotNullOrEmpty(local!documentos),*/
    /*{*/
      /*a!richTextDisplayField(*/
        /*showWhen: and(local!cartel_contrato_existe,ri!activo=1),*/
        /*value: {*/
          /*a!richTextIcon(*/
            /*icon: "warning",*/
            /*size: "MEDIUM",*/
            /*color: "NEGATIVE"*/
          /*),*/
          /*a!richTextItem(*/
            /*text: " El contrato buscado y la operación/deal ya existe en las operaciones pendientes",*/
            /*color: "NEGATIVE",*/
            /*size: "MEDIUM",*/
            /*style: "STRONG"*/
          /*)*/
        /*}*/
      /*)*/
    /*},*/
    /*{}*/
  /*),*/
}
)</definition>
        <namedTypedValue>
            <name>activo</name>
            <type>
                <name>int</name>
                <namespace>http://www.w3.org/2001/XMLSchema</namespace>
            </type>
        </namedTypedValue>
        <namedTypedValue>
            <name>batchSize</name>
            <type>
                <name>int</name>
                <namespace>http://www.w3.org/2001/XMLSchema</namespace>
            </type>
        </namedTypedValue>
        <namedTypedValue>
            <name>ejecutivo</name>
            <type>
                <name>V_CDO_Ejecutivo</name>
                <namespace>urn:com:appian:types</namespace>
            </type>
        </namedTypedValue>
        <namedTypedValue>
            <name>deal</name>
            <type>
                <name>string</name>
                <namespace>http://www.w3.org/2001/XMLSchema</namespace>
            </type>
            <value/>
        </namedTypedValue>
        <namedTypedValue>
            <name>contrato</name>
            <type>
                <name>string</name>
                <namespace>http://www.w3.org/2001/XMLSchema</namespace>
            </type>
            <value/>
        </namedTypedValue>
        <namedTypedValue>
            <name>cartel_contrato_existe</name>
            <type>
                <name>boolean</name>
                <namespace>http://www.w3.org/2001/XMLSchema</namespace>
            </type>
        </namedTypedValue>
        <preferredEditor>interface</preferredEditor>
        <offlineEnabled>false</offlineEnabled>
        <isCustom>false</isCustom>
    </interface>
    <roleMap public="true">
        <role inherit="true" allowForAll="false" name="readers">
            <users/>
            <groups/>
        </role>
        <role inherit="true" allowForAll="false" name="authors">
            <users/>
            <groups/>
        </role>
        <role inherit="true" allowForAll="false" name="administrators">
            <users/>
            <groups/>
        </role>
        <role inherit="false" allowForAll="false" name="denyReaders">
            <users/>
            <groups/>
        </role>
        <role inherit="false" allowForAll="false" name="denyAuthors">
            <users/>
            <groups/>
        </role>
        <role inherit="false" allowForAll="false" name="denyAdministrators">
            <users/>
            <groups/>
        </role>
    </roleMap>
    <history>
        <historyInfo versionUuid="_a-0000eaa5-8248-8000-e681-01ef9001ef90_8337562"/>
        <historyInfo versionUuid="_a-0000eb53-0a0e-8000-e689-01ef9001ef90_9389047"/>
    </history>
</contentHaul>
