<?xml version="1.0" encoding="UTF-8" standalone="yes"?>
<contentHaul xmlns:a="http://www.appian.com/ae/types/2009">
    <versionUuid>_a-0000eb53-0a0e-8000-e689-01ef9001ef90_9504505</versionUuid>
    <rule>
        <name>SCDO_obtenerIdSegmentoPorSegmento</name>
        <uuid>_a-0000e982-d80b-8000-e63b-01ef9001ef90_4751361</uuid>
        <description>Regla de expresión que devuelve el IdSegmento dado el nombre del Segmento</description>
        <parentUuid>_a-0000e9a3-ab27-8000-e63d-01ef9001ef90_4831415</parentUuid>
        <visibility>
            <advertise>false</advertise>
            <hierarchy>true</hierarchy>
            <indexable>true</indexable>
            <quota>false</quota>
            <searchable>true</searchable>
            <system>false</system>
            <unlogged>false</unlogged>
        </visibility>
        <definition>a!localVariables(
  local!idsegmento: if(
    a!isNullOrEmpty(ri!nombre),
    -1,
    if(a!isNotNullOrEmpty(#"SYSTEM_SYSRULES_queryEntity_v2"(
      entity: #"_a-0000e878-569a-8000-e5e4-01ef9001ef90_2233345",
      query: #"SYSTEM_SYSRULES_query"(
        logicalExpression: #"SYSTEM_SYSRULES_queryLogicalExpression"(
          operator: "AND",
          filters: {
            #"SYSTEM_SYSRULES_queryFilter"(
              field: "segmento",
              operator: "=",
              value: ri!nombre
            )
          },
          ignoreFiltersWithEmptyValues: true
        ),
        pagingInfo: #"SYSTEM_SYSRULES_pagingInfo"(
          startIndex: 1,
          batchSize: 1
        )
      ),
      fetchTotalCount: false
    ).data),
    #"SYSTEM_SYSRULES_queryEntity_v2"(
      entity: #"_a-0000e878-569a-8000-e5e4-01ef9001ef90_2233345",
      query: #"SYSTEM_SYSRULES_query"(
        logicalExpression: #"SYSTEM_SYSRULES_queryLogicalExpression"(
          operator: "AND",
          filters: {
            #"SYSTEM_SYSRULES_queryFilter"(
              field: "segmento",
              operator: "=",
              value: ri!nombre
            )
          },
          ignoreFiltersWithEmptyValues: true
        ),
        pagingInfo: #"SYSTEM_SYSRULES_pagingInfo"(
          startIndex: 1,
          batchSize: 1
        )
      ),
      fetchTotalCount: false
    ).data[1].idsegmento,
    -1
    )
    
  ),
  local!idsegmento
)</definition>
        <namedTypedValue>
            <name>nombre</name>
            <type>
                <name>string</name>
                <namespace>http://www.w3.org/2001/XMLSchema</namespace>
            </type>
            <value/>
        </namedTypedValue>
        <preferredEditor>legacy</preferredEditor>
        <offlineEnabled>false</offlineEnabled>
    </rule>
    <roleMap public="true">
        <role inherit="true" allowForAll="false" name="readers">
            <users/>
            <groups/>
        </role>
        <role inherit="true" allowForAll="false" name="authors">
            <users/>
            <groups/>
        </role>
        <role inherit="true" allowForAll="false" name="administrators">
            <users/>
            <groups/>
        </role>
        <role inherit="false" allowForAll="false" name="denyReaders">
            <users/>
            <groups/>
        </role>
        <role inherit="false" allowForAll="false" name="denyAuthors">
            <users/>
            <groups/>
        </role>
        <role inherit="false" allowForAll="false" name="denyAdministrators">
            <users/>
            <groups/>
        </role>
    </roleMap>
    <history>
        <historyInfo versionUuid="_a-0000e9a3-ab27-8000-e63d-01ef9001ef90_4831431"/>
        <historyInfo versionUuid="_a-0000eb53-0a0e-8000-e689-01ef9001ef90_9386978"/>
        <historyInfo versionUuid="_a-0000eb53-0a0e-8000-e689-01ef9001ef90_9450846"/>
        <historyInfo versionUuid="_a-0000eb53-0a0e-8000-e689-01ef9001ef90_9504505"/>
    </history>
</contentHaul>
