<?xml version="1.0" encoding="UTF-8" standalone="yes"?>
<contentHaul xmlns:a="http://www.appian.com/ae/types/2009">
    <versionUuid>_a-0000eb9b-4ec6-8000-e68b-01ef9001ef90_9605538</versionUuid>
    <interface>
        <name>SCDO_MarcajeObligatorioSubidaExcel</name>
        <uuid>_a-0000e9a7-6d42-8000-e63f-01ef9001ef90_5711673</uuid>
        <description>Regla de interfaz para la carga del archivo Excel con las operaciones y sus contratos.</description>
        <parentUuid>_a-0000e801-560f-8000-e5d9-01ef9001ef90_1707049</parentUuid>
        <visibility>
            <advertise>false</advertise>
            <hierarchy>true</hierarchy>
            <indexable>true</indexable>
            <quota>false</quota>
            <searchable>true</searchable>
            <system>false</system>
            <unlogged>false</unlogged>
        </visibility>
        <definition>a!localVariables(
  local!mostrarSubida: false,
  
  #"SYSTEM_SYSRULES_formLayout_v1"(
    label: "Marcaje de Operaciones",
    contents: {
      #"SYSTEM_SYSRULES_richTextDisplayField"(
        value: {
          #"SYSTEM_SYSRULES_richTextItem_v1"(
            text: "Para el marcaje de operaciones a obligatorias debe subir un excel con las características que aparecen a continuación:",
            color: "STANDARD",
            style: "STRONG"
          )
        },
        align: "CENTER"
      ),
      #"SYSTEM_SYSRULES_imageField_v1"(
        images: {
          #"SYSTEM_SYSRULES_documentImage"(
            document: #"_a-0000eb9b-4ec6-8000-e68b-01ef9001ef90_9605501",
            caption: "Imagen de Muestra"
          )
        },
        size: "LARGE",
        align: "CENTER"
      ),
      #"SYSTEM_SYSRULES_richTextDisplayField"(
        value: {
          #"SYSTEM_SYSRULES_richTextIcon"(
            icon: "file-upload",
            caption: "Subir excel",
            link: #"SYSTEM_SYSRULES_dynamicLink"(
              value: true,
              saveInto: {
                local!mostrarSubida
              }
            ),
            linkStyle: "STANDALONE",
            color: "ACCENT",
            size: "LARGE"
          )
        },
        showWhen: not(local!mostrarSubida),
        align: "CENTER"
      ),
      #"SYSTEM_SYSRULES_columnsLayout"(
        columns: {
          #"SYSTEM_SYSRULES_columnLayout"(
            contents: {
              #"SYSTEM_SYSRULES_fileUploadField_v1"(
                label: "Seleccione un Excel",
                instructions: "Seleccione un excel con las características de la imagen",
                helpTooltip: "El formato del archivo subido debe ser de tipo .xlsx",
                target: #"_a-0000e8c4-62ba-8000-e603-01ef9001ef90_2656160",
                fileNames: /*"marcaje"&amp;now()*/concat("Marcaje",text(now(), "yyyy-MM-dd hh:mm:ss")/*,".",fv!file.extension*/),
                maxSelections: 1,
                value: ri!documentoSubido,
                saveInto: ri!documentoSubido,
                showWhen: local!mostrarSubida,
                validations: {
                  a!localVariables(
                    local!invalidExtensions: difference(upper(fv!files.extension), { "XLSX", "XLS" }),
                    if(
                      length(local!invalidExtensions) &gt; 0, 
                      "El archivo adjunto debe ser de tipo Excel: (XLSX, XLS). ELIMINAR ARCHIVO CARGADO: " &amp; 
                      index(fv!files, "name", wherecontains(local!invalidExtensions, upper(fv!files.extension)), {}), 
                      ""
                    )


                  )
                },
                validationGroup: "archivo_incorrecto"
              )
            }
          ),
          #"SYSTEM_SYSRULES_columnLayout"(
            contents: {
              #"SYSTEM_SYSRULES_ButtonArrayLayout"(
                buttons: {
                  #"SYSTEM_SYSRULES_ButtonWidget"(
                    label: "Cancelar",
                    value: true,
                    saveInto: ri!cancel,
                    submit: true,
                    style: "SECONDARY"
                  ),
                  #"SYSTEM_SYSRULES_ButtonWidget"(
                    label: "Marcar Operaciones",
                    icon: {
                      if(
                        a!isNullOrEmpty(ri!documentoSubido),
                        "square-o",
                        "check-square-o"
                      )
                    },
                    submit: true,
                    style: "PRIMARY",
                    disabled: a!isNullOrEmpty(ri!documentoSubido),
                    loadingIndicator: true,
                    validate:true,
                    validationGroup: "archivo_incorrecto",
                    confirmHeader: "¿Desea marcar a obligatorio las operaciones del Excel subido?",
                    /*confirmMessage: "Se le enviará un correo con los detalles del marcaje.",*/
                    confirmButtonLabel: "Si, Marcar Operaciones",
                    cancelButtonLabel: "No"
                  )
                },
                align: "START",
                marginAbove: "MORE"
              )
            },
            showWhen: local!mostrarSubida
          )
        }
      )
      
      
    },
    buttons: {
      #"SYSTEM_SYSRULES_ButtonArrayLayout"(
        buttons: {
          #"SYSTEM_SYSRULES_ButtonWidget"(
            label: "Cancelar",
            value: true,
            saveInto: ri!cancel,
            submit: true,
            style: "SECONDARY"
          )
        },
        showWhen: not(local!mostrarSubida),
        align: "START"
      )
    }
  )
)</definition>
        <namedTypedValue>
            <name>cancel</name>
            <type>
                <name>boolean</name>
                <namespace>http://www.w3.org/2001/XMLSchema</namespace>
            </type>
        </namedTypedValue>
        <namedTypedValue>
            <name>documentoSubido</name>
            <type>
                <name>CollaborationDocument</name>
                <namespace>http://www.appian.com/ae/types/2009</namespace>
            </type>
        </namedTypedValue>
        <preferredEditor>interface</preferredEditor>
        <offlineEnabled>false</offlineEnabled>
        <isCustom>false</isCustom>
    </interface>
    <roleMap public="true">
        <role inherit="true" allowForAll="false" name="readers">
            <users/>
            <groups/>
        </role>
        <role inherit="true" allowForAll="false" name="authors">
            <users/>
            <groups/>
        </role>
        <role inherit="true" allowForAll="false" name="administrators">
            <users/>
            <groups/>
        </role>
        <role inherit="false" allowForAll="false" name="denyReaders">
            <users/>
            <groups/>
        </role>
        <role inherit="false" allowForAll="false" name="denyAuthors">
            <users/>
            <groups/>
        </role>
        <role inherit="false" allowForAll="false" name="denyAdministrators">
            <users/>
            <groups/>
        </role>
    </roleMap>
    <history>
        <historyInfo versionUuid="_a-0000e9a7-6d42-8000-e63f-01ef9001ef90_5816751"/>
        <historyInfo versionUuid="_a-0000eaa5-8248-8000-e681-01ef9001ef90_8193871"/>
        <historyInfo versionUuid="_a-0000eabf-35e2-8000-e683-01ef9001ef90_8440419"/>
        <historyInfo versionUuid="_a-0000eae4-5659-8000-e685-01ef9001ef90_8693711"/>
        <historyInfo versionUuid="_a-0000eb53-0a0e-8000-e689-01ef9001ef90_9389014"/>
        <historyInfo versionUuid="_a-0000eb9b-4ec6-8000-e68b-01ef9001ef90_9605538"/>
    </history>
</contentHaul>
