<?xml version="1.0" encoding="UTF-8" standalone="yes"?>
<contentHaul xmlns:a="http://www.appian.com/ae/types/2009">
    <versionUuid>_a-0000eb53-0a0e-8000-e689-01ef9001ef90_9392586</versionUuid>
    <constant>
        <name>SCDO_TIPOS_DOCUMENTOS_ARRIBADOS</name>
        <uuid>_a-0000e9a7-6d42-8000-e63f-01ef9001ef90_5791175</uuid>
        <description>Constante que contiene los distintos tipos de documentos arribados</description>
        <parentUuid>_a-0000e982-d80b-8000-e63b-01ef9001ef90_4780406</parentUuid>
        <visibility>
            <advertise>false</advertise>
            <hierarchy>true</hierarchy>
            <indexable>true</indexable>
            <quota>false</quota>
            <searchable>true</searchable>
            <system>false</system>
            <unlogged>false</unlogged>
        </visibility>
        <typedValue>
            <type>
                <name>Text?list</name>
                <namespace>http://www.appian.com/ae/types/2009</namespace>
            </type>
            <value>
                <el>Adendum(BCOM523),</el>
                <el>BCOM515 (Exclusivo Interventoria Corporativa)</el>
                <el>Cuestionario Razonabilidad Con Contrato OPICS</el>
                <el>Contrato documentado por traspaso de BPriv</el>
                <el>Carta Comision Mercantil</el>
                <el>BCOM-533 Carta de Instrucciones AIR</el>
                <el>Perfilamiento Agil Presencial</el>
                <el>Perfilamiento Agil Telefónico</el>
            </value>
        </typedValue>
        <isEnvironmentSpecific>false</isEnvironmentSpecific>
    </constant>
    <roleMap public="true">
        <role inherit="true" allowForAll="false" name="readers">
            <users/>
            <groups/>
        </role>
        <role inherit="true" allowForAll="false" name="authors">
            <users/>
            <groups/>
        </role>
        <role inherit="true" allowForAll="false" name="administrators">
            <users/>
            <groups/>
        </role>
        <role inherit="false" allowForAll="false" name="denyReaders">
            <users/>
            <groups/>
        </role>
        <role inherit="false" allowForAll="false" name="denyAuthors">
            <users/>
            <groups/>
        </role>
        <role inherit="false" allowForAll="false" name="denyAdministrators">
            <users/>
            <groups/>
        </role>
    </roleMap>
    <history>
        <historyInfo versionUuid="_a-0000e9a7-6d42-8000-e63f-01ef9001ef90_5791186"/>
        <historyInfo versionUuid="_a-0000eb53-0a0e-8000-e689-01ef9001ef90_9392586"/>
    </history>
</contentHaul>
