<?xml version="1.0" encoding="UTF-8" standalone="yes"?>
<contentHaul xmlns:a="http://www.appian.com/ae/types/2009">
    <versionUuid>_a-0000eb53-0a0e-8000-e689-01ef9001ef90_9451482</versionUuid>
    <rule>
        <name>SCDO_obtenerCentroCostosNoRegistrados</name>
        <uuid>_a-0000e9f5-96e6-8000-e641-01ef9001ef90_6351963</uuid>
        <description>Regla de expresión que devuelve los centros de costos que no han sido dados de alta</description>
        <parentUuid>_a-0000e9a3-ab27-8000-e63d-01ef9001ef90_4829216</parentUuid>
        <visibility>
            <advertise>false</advertise>
            <hierarchy>true</hierarchy>
            <indexable>true</indexable>
            <quota>false</quota>
            <searchable>true</searchable>
            <system>false</system>
            <unlogged>false</unlogged>
        </visibility>
        <definition>a!localVariables(
  local!centrosNoBD: a!refreshVariable(
    value: a!flatten(
      #"SYSTEM_SYSRULES_queryEntity_v2"(
        entity: #"_a-0000e9f5-96e6-8000-e641-01ef9001ef90_6396770",
        query: #"SYSTEM_SYSRULES_query"(
          logicalexpression: {
            #"SYSTEM_SYSRULES_queryLogicalExpression"(
              operator: "AND",
              filters: {
                #"SYSTEM_SYSRULES_queryFilter"(
                  field: "ccostos",
                  operator: "includes",
                  value: ri!ccosto,
                  applywhen: a!isNotNullOrEmpty(ri!ccosto)
                )
              }
            )
          },
          paginginfo: #"SYSTEM_SYSRULES_pagingInfo"(
            startIndex: 1,
            batchSize: -1,
            sort: #"SYSTEM_SYSRULES_sortInfo"(
              field: "ccostos",
              ascending: true
            )
          ),
        )
      ).data,
    ),
    refreshAlways: true,
    refreshOnVarChange: ri!refreshCount,
    refreshOnReferencedVarChange:  true,
  ),
  local!centros: #"SYSTEM_SYSRULES_forEach"(
    items: local!centrosNoBD,
    expression: 'type!{urn:com:appian:types}cdo_centroscostos'(
      cc: fv!item.ccostos,
      nombre: null,
      idregion: null,
      idsegmento: null,
    )
  ),
  local!centros,
)</definition>
        <namedTypedValue>
            <name>ccosto</name>
            <type>
                <name>string</name>
                <namespace>http://www.w3.org/2001/XMLSchema</namespace>
            </type>
            <value/>
        </namedTypedValue>
        <namedTypedValue>
            <name>refreshCount</name>
            <type>
                <name>int</name>
                <namespace>http://www.w3.org/2001/XMLSchema</namespace>
            </type>
        </namedTypedValue>
        <preferredEditor>legacy</preferredEditor>
        <offlineEnabled>false</offlineEnabled>
    </rule>
    <roleMap public="true">
        <role inherit="true" allowForAll="false" name="readers">
            <users/>
            <groups/>
        </role>
        <role inherit="true" allowForAll="false" name="authors">
            <users/>
            <groups/>
        </role>
        <role inherit="true" allowForAll="false" name="administrators">
            <users/>
            <groups/>
        </role>
        <role inherit="false" allowForAll="false" name="denyReaders">
            <users/>
            <groups/>
        </role>
        <role inherit="false" allowForAll="false" name="denyAuthors">
            <users/>
            <groups/>
        </role>
        <role inherit="false" allowForAll="false" name="denyAdministrators">
            <users/>
            <groups/>
        </role>
    </roleMap>
    <history>
        <historyInfo versionUuid="_a-0000ea2e-319c-8000-e644-01ef9001ef90_6793066"/>
        <historyInfo versionUuid="_a-0000eb53-0a0e-8000-e689-01ef9001ef90_9386361"/>
        <historyInfo versionUuid="_a-0000eb53-0a0e-8000-e689-01ef9001ef90_9451482"/>
    </history>
</contentHaul>
