<?xml version="1.0" encoding="UTF-8" standalone="yes"?>
<contentHaul xmlns:a="http://www.appian.com/ae/types/2009">
    <versionUuid>_a-0000eb53-0a0e-8000-e689-01ef9001ef90_9388994</versionUuid>
    <interface>
        <name>SCDO_Ejecutivo_LLamada</name>
        <uuid>_a-0000e968-30a1-8000-e639-01ef9001ef90_4429544</uuid>
        <description>Pantalla que muestra si a operación se realiza por llamada</description>
        <parentUuid>_a-0000e801-560f-8000-e5d9-01ef9001ef90_1707049</parentUuid>
        <visibility>
            <advertise>false</advertise>
            <hierarchy>true</hierarchy>
            <indexable>true</indexable>
            <quota>false</quota>
            <searchable>true</searchable>
            <system>false</system>
            <unlogged>false</unlogged>
        </visibility>
        <definition>a!localVariables(
  local!desactivar: false,
  {
  #"SYSTEM_SYSRULES_sectionLayout_v1"(
    label: "",
    contents: {
      #"SYSTEM_SYSRULES_richTextDisplayField"(
        labelPosition: "COLLAPSED",
        value: {
          #"SYSTEM_SYSRULES_richTextItem_v1"(
            text: {
              "Selecciona los documentos que se estarán adjuntando."
            },
            size: "MEDIUM"
          ),
          char(10),
          #"SYSTEM_SYSRULES_richTextItem_v1"(
            text: {
              "Los documentos que ya estén preseleccionados indica que ya se cuenta con ellos."
            },
            size: "MEDIUM"
          )
        }
      )
    }
  ),
  #"SYSTEM_SYSRULES_columnsLayout"(
    columns: {
      #"SYSTEM_SYSRULES_columnLayout"(
        contents: {
          #"SYSTEM_SYSRULES_checkboxField"(
            label: "",
            labelPosition: "ABOVE",
            choiceLabels: {"Es llamada telefónica (No tengo imagenes para la(s) operaciones)"},
            choiceValues: {1},
            value: ri!activo,
            saveInto: {ri!activo},
            validations: {},
            disabled: local!desactivar = true,
          ),
          #"SYSTEM_SYSRULES_columnsLayout"(
            columns: {
              
              #"SYSTEM_SYSRULES_columnLayout"(
                contents: {
                  #"SYSTEM_SYSRULES_textField"(
                    label: "Ingresa la extensión, fecha y hora de la llamada:",
                    labelPosition: "ABOVE",
                    placeholder: "(Extensión-dd/mm/aaaa-hh:mm)",
                    instructions: "(Extensión-dd/mm/aaaa-hh:mm)",
                    value: ri!bitacora,
                    saveInto: ri!bitacora,
                    refreshAfter: "KEYPRESS",
                    validations: {},
                    disabled: local!desactivar = true
                  )
                },
                width: "MEDIUM_PLUS"
              ),
              #"SYSTEM_SYSRULES_columnLayout"(
                contents: {
                  #"SYSTEM_SYSRULES_ButtonArrayLayout"(
                    buttons: {
                      #"SYSTEM_SYSRULES_ButtonWidget"(
                        label: "Guardar",
                        style: "PRIMARY",
                        icon: "save",
                        size: "SMALL",
                        loadingIndicator: true,
                        disabled: if(
                          a!isNullOrEmpty(ri!bitacora),
                          true,
                          if(
                            and(ri!esImagenPendiente = true, a!isNullOrEmpty(ri!deal)),
                            true,
                            if(local!desactivar = true, true, false)
                          )
                        ),
                        saveInto: {
                          #"SYSTEM_SYSRULES_startProcess"(
                            processModel: #"_a-0000e9a7-6d42-8000-e63f-01ef9001ef90_4876437",
                            processParameters: {
                              datos: if(ri!esImagenPendiente = true, null, ri!datos),
                              ipremota: "",
                              observaciones:ri!bitacora,
                              esImagenPendiente: ri!esImagenPendiente,
                              deal: ri!deal,
                              contrato: ri!contrato,
                              tipo: "OBS",
                              ejecutivo: ri!ejecutivo
                            },
                            onSuccess: {
                              a!save(ri!datos, fv!processInfo.pv.datos),
                              a!save(ri!deal, null),
                              a!save(ri!contrato, null),
                              a!save(ri!bitacora, null),
                              a!save(ri!refreshCount, ri!refreshCount +1),
                              a!save(ri!idReporteSeleccionado, null),
                            }
                          ), 
                        }
                      )
                    },
                    align: "START",
                    marginAbove: "STANDARD"
                  )
                }
              )
            },
            showWhen: if(and(isnull(ri!activo), local!desactivar = false),false,true)
          )
        }
      )
    }
  )
})</definition>
        <namedTypedValue>
            <name>bitacora</name>
            <type>
                <name>string</name>
                <namespace>http://www.w3.org/2001/XMLSchema</namespace>
            </type>
            <value/>
        </namedTypedValue>
        <namedTypedValue>
            <name>activo</name>
            <type>
                <name>int</name>
                <namespace>http://www.w3.org/2001/XMLSchema</namespace>
            </type>
        </namedTypedValue>
        <namedTypedValue>
            <name>datos</name>
            <type>
                <name>cdo_reportes</name>
                <namespace>urn:com:appian:types</namespace>
            </type>
        </namedTypedValue>
        <namedTypedValue>
            <name>refreshCount</name>
            <type>
                <name>int</name>
                <namespace>http://www.w3.org/2001/XMLSchema</namespace>
            </type>
        </namedTypedValue>
        <namedTypedValue>
            <name>startIndex</name>
            <type>
                <name>int</name>
                <namespace>http://www.w3.org/2001/XMLSchema</namespace>
            </type>
        </namedTypedValue>
        <namedTypedValue>
            <name>batchSize</name>
            <type>
                <name>int</name>
                <namespace>http://www.w3.org/2001/XMLSchema</namespace>
            </type>
        </namedTypedValue>
        <namedTypedValue>
            <name>idReporteSeleccionado</name>
            <type>
                <name>string</name>
                <namespace>http://www.w3.org/2001/XMLSchema</namespace>
            </type>
            <value/>
        </namedTypedValue>
        <namedTypedValue>
            <name>esImagenPendiente</name>
            <type>
                <name>boolean</name>
                <namespace>http://www.w3.org/2001/XMLSchema</namespace>
            </type>
        </namedTypedValue>
        <namedTypedValue>
            <name>ejecutivo</name>
            <type>
                <name>V_CDO_Ejecutivo</name>
                <namespace>urn:com:appian:types</namespace>
            </type>
        </namedTypedValue>
        <namedTypedValue>
            <name>deal</name>
            <type>
                <name>string</name>
                <namespace>http://www.w3.org/2001/XMLSchema</namespace>
            </type>
            <value/>
        </namedTypedValue>
        <namedTypedValue>
            <name>contrato</name>
            <type>
                <name>string</name>
                <namespace>http://www.w3.org/2001/XMLSchema</namespace>
            </type>
            <value/>
        </namedTypedValue>
        <preferredEditor>interface</preferredEditor>
        <offlineEnabled>false</offlineEnabled>
        <isCustom>false</isCustom>
    </interface>
    <roleMap public="true">
        <role inherit="true" allowForAll="false" name="readers">
            <users/>
            <groups/>
        </role>
        <role inherit="true" allowForAll="false" name="authors">
            <users/>
            <groups/>
        </role>
        <role inherit="true" allowForAll="false" name="administrators">
            <users/>
            <groups/>
        </role>
        <role inherit="false" allowForAll="false" name="denyReaders">
            <users/>
            <groups/>
        </role>
        <role inherit="false" allowForAll="false" name="denyAuthors">
            <users/>
            <groups/>
        </role>
        <role inherit="false" allowForAll="false" name="denyAdministrators">
            <users/>
            <groups/>
        </role>
    </roleMap>
    <history>
        <historyInfo versionUuid="_a-0000ea2e-319c-8000-e644-01ef9001ef90_6815386"/>
        <historyInfo versionUuid="_a-0000eb53-0a0e-8000-e689-01ef9001ef90_9388994"/>
    </history>
</contentHaul>
