<?xml version="1.0" encoding="UTF-8" standalone="yes"?>
<contentHaul xmlns:a="http://www.appian.com/ae/types/2009">
    <versionUuid>_a-0000eb53-0a0e-8000-e689-01ef9001ef90_9504571</versionUuid>
    <rule>
        <name>SCDO_DocumentoFiltrodocumento</name>
        <uuid>_a-0000e8d8-9b98-8000-e605-01ef9001ef90_2694147</uuid>
        <description>Regla que filtra por el campo Documento al CDT Catalogo Documentos</description>
        <parentUuid>_a-0000e982-d80b-8000-e63b-01ef9001ef90_4816217</parentUuid>
        <visibility>
            <advertise>false</advertise>
            <hierarchy>true</hierarchy>
            <indexable>true</indexable>
            <quota>false</quota>
            <searchable>true</searchable>
            <system>false</system>
            <unlogged>false</unlogged>
        </visibility>
        <definition>#"_a-0000e8b9-0989-8000-e5fd-01ef9001ef90_2420859"(
  dataStoreEntity_dt: #"_a-0000e8d8-9b98-8000-e605-01ef9001ef90_2694251",
  selectionColumn_txt: ri!selectionColumn_txt,
  queryFilter_any: {
    #"SYSTEM_SYSRULES_queryFilter"(
      field: "iddocumento",
      operator: "=",
      value: ri!iddocumento,
      applyWhen: isnull(ri!iddocumento) &lt;&gt; true
    ),
    #"SYSTEM_SYSRULES_queryFilter"(
      field: "documento",
      operator: "=",
      value: ri!documento,
      applyWhen: isnull(ri!documento) &lt;&gt; true
    ),
    #"SYSTEM_SYSRULES_queryFilter"(
      field: "documentaa",
      operator: "=",
      value: ri!documentaa,
      applyWhen: isnull(ri!documentaa) &lt;&gt; true
    ),
    
    #"SYSTEM_SYSRULES_queryFilter"(
      field: "idsegmento",
      operator: "=",
      value: ri!idsegmento,
      applyWhen: isnull(ri!idsegmento) &lt;&gt; true
    ),
    #"SYSTEM_SYSRULES_queryFilter"(
      field: "orden",
      operator: "=",
      value: ri!orden,
      applyWhen: isnull(ri!orden) &lt;&gt; true
    ),
    #"SYSTEM_SYSRULES_queryFilter"(
      field: "descripcion",
      operator: "=",
      value: ri!descripcion,
      applyWhen: isnull(ri!descripcion) &lt;&gt; true
    )
  },
  pagingInfo_pi: ri!paginInfo,
  ignoreFiltersWithEmptyValues_bool: true,
  fetchTotalCount_bool: true()
)



</definition>
        <namedTypedValue>
            <name>paginInfo</name>
            <type>
                <name>PagingInfo</name>
                <namespace>http://www.appian.com/ae/types/2009</namespace>
            </type>
        </namedTypedValue>
        <namedTypedValue>
            <name>documento</name>
            <type>
                <name>string</name>
                <namespace>http://www.w3.org/2001/XMLSchema</namespace>
            </type>
            <value/>
        </namedTypedValue>
        <namedTypedValue>
            <name>selectionColumn_txt</name>
            <type>
                <name>string</name>
                <namespace>http://www.w3.org/2001/XMLSchema</namespace>
            </type>
            <value/>
        </namedTypedValue>
        <namedTypedValue>
            <name>iddocumento</name>
            <type>
                <name>int</name>
                <namespace>http://www.w3.org/2001/XMLSchema</namespace>
            </type>
        </namedTypedValue>
        <namedTypedValue>
            <name>documentaa</name>
            <type>
                <name>string</name>
                <namespace>http://www.w3.org/2001/XMLSchema</namespace>
            </type>
            <value/>
        </namedTypedValue>
        <namedTypedValue>
            <name>idsegmento</name>
            <type>
                <name>int</name>
                <namespace>http://www.w3.org/2001/XMLSchema</namespace>
            </type>
        </namedTypedValue>
        <namedTypedValue>
            <name>orden</name>
            <type>
                <name>int</name>
                <namespace>http://www.w3.org/2001/XMLSchema</namespace>
            </type>
        </namedTypedValue>
        <namedTypedValue>
            <name>descripcion</name>
            <type>
                <name>string</name>
                <namespace>http://www.w3.org/2001/XMLSchema</namespace>
            </type>
            <value/>
        </namedTypedValue>
        <preferredEditor>legacy</preferredEditor>
        <offlineEnabled>false</offlineEnabled>
    </rule>
    <roleMap public="true">
        <role inherit="true" allowForAll="false" name="readers">
            <users/>
            <groups/>
        </role>
        <role inherit="true" allowForAll="false" name="authors">
            <users/>
            <groups/>
        </role>
        <role inherit="true" allowForAll="false" name="administrators">
            <users/>
            <groups/>
        </role>
        <role inherit="false" allowForAll="false" name="denyReaders">
            <users/>
            <groups/>
        </role>
        <role inherit="false" allowForAll="false" name="denyAuthors">
            <users/>
            <groups/>
        </role>
        <role inherit="false" allowForAll="false" name="denyAdministrators">
            <users/>
            <groups/>
        </role>
    </roleMap>
    <history>
        <historyInfo versionUuid="_a-0000e94c-78eb-8000-e637-01ef9001ef90_3742349"/>
        <historyInfo versionUuid="_a-0000e9a3-ab27-8000-e63d-01ef9001ef90_4829084"/>
        <historyInfo versionUuid="_a-0000eb53-0a0e-8000-e689-01ef9001ef90_9386635"/>
        <historyInfo versionUuid="_a-0000eb53-0a0e-8000-e689-01ef9001ef90_9504571"/>
    </history>
</contentHaul>
