<?xml version="1.0" encoding="UTF-8" standalone="yes"?>
<contentHaul xmlns:a="http://www.appian.com/ae/types/2009">
    <versionUuid>_a-0000eb53-0a0e-8000-e689-01ef9001ef90_9451691</versionUuid>
    <rule>
        <name>SCDO_getcdo_catalogo_documentos</name>
        <uuid>_a-0000e968-30a1-8000-e639-01ef9001ef90_4493570</uuid>
        <description>Regla que consulta todos los datos del CDT cdo_catalogo_documentos</description>
        <parentUuid>_a-0000e982-d80b-8000-e63b-01ef9001ef90_4816217</parentUuid>
        <visibility>
            <advertise>false</advertise>
            <hierarchy>true</hierarchy>
            <indexable>true</indexable>
            <quota>false</quota>
            <searchable>true</searchable>
            <system>false</system>
            <unlogged>false</unlogged>
        </visibility>
        <definition>#"SYSTEM_SYSRULES_queryEntity_v2"(
  entity: #"_a-0000e8d8-9b98-8000-e605-01ef9001ef90_2694251",
  query: #"SYSTEM_SYSRULES_query"(
    logicalExpression: #"SYSTEM_SYSRULES_queryLogicalExpression"(
      operator: "AND",
      filters: {
        #"SYSTEM_SYSRULES_queryFilter"(
          field: "iddocumento",
          operator: "=",
          value: ri!iddocumento
        ),
        #"SYSTEM_SYSRULES_queryFilter"(
          field: "iddocumento",
          operator: "in",
          value: ri!idsDocumentos,
          applywhen: a!isNotNullOrEmpty(ri!idsDocumentos)
        ),
        #"SYSTEM_SYSRULES_queryFilter"(
          field: "documentaa",
          operator: "=",
          value: ri!tipo
        ),
        #"SYSTEM_SYSRULES_queryFilter"(
          field: "documento",
          operator: "includes",
          value: ri!documento
        ),
        #"SYSTEM_SYSRULES_queryFilter"(
          field: "idsegmento",
          operator: "=",
          value: ri!idsegmento,
        ),
        #"SYSTEM_SYSRULES_queryFilter"(
          field: "adf",
          operator: "=",
          value: ri!adf,
          applywhen: a!isNotNullOrEmpty(ri!adf)
        ),
        /*a!queryFilter(*/
          /*field: "adf",*/
          /*operator: "is null",*/
          /*applywhen: a!isNullOrEmpty(ri!adf)*/
        /*)*/
      },
      ignoreFiltersWithEmptyValues: true
    ),
    pagingInfo: #"SYSTEM_SYSRULES_pagingInfo"(
      startIndex: 1,
      batchSize: 500,
      sort: #"SYSTEM_SYSRULES_sortInfo"(field: "iddocumento", ascending: true())
    )
  ),
  fetchTotalCount: false
).data</definition>
        <namedTypedValue>
            <name>iddocumento</name>
            <type>
                <name>int</name>
                <namespace>http://www.w3.org/2001/XMLSchema</namespace>
            </type>
        </namedTypedValue>
        <namedTypedValue>
            <name>tipo</name>
            <type>
                <name>string</name>
                <namespace>http://www.w3.org/2001/XMLSchema</namespace>
            </type>
            <value/>
        </namedTypedValue>
        <namedTypedValue>
            <name>documento</name>
            <type>
                <name>string</name>
                <namespace>http://www.w3.org/2001/XMLSchema</namespace>
            </type>
            <value/>
        </namedTypedValue>
        <namedTypedValue>
            <name>adf</name>
            <type>
                <name>string</name>
                <namespace>http://www.w3.org/2001/XMLSchema</namespace>
            </type>
            <value/>
        </namedTypedValue>
        <namedTypedValue>
            <name>idsDocumentos</name>
            <type>
                <name>Integer?list</name>
                <namespace>http://www.appian.com/ae/types/2009</namespace>
            </type>
        </namedTypedValue>
        <namedTypedValue>
            <name>idsegmento</name>
            <type>
                <name>int</name>
                <namespace>http://www.w3.org/2001/XMLSchema</namespace>
            </type>
        </namedTypedValue>
        <preferredEditor>legacy</preferredEditor>
        <offlineEnabled>false</offlineEnabled>
    </rule>
    <roleMap public="true">
        <role inherit="true" allowForAll="false" name="readers">
            <users/>
            <groups/>
        </role>
        <role inherit="true" allowForAll="false" name="authors">
            <users/>
            <groups/>
        </role>
        <role inherit="true" allowForAll="false" name="administrators">
            <users/>
            <groups/>
        </role>
        <role inherit="false" allowForAll="false" name="denyReaders">
            <users/>
            <groups/>
        </role>
        <role inherit="false" allowForAll="false" name="denyAuthors">
            <users/>
            <groups/>
        </role>
        <role inherit="false" allowForAll="false" name="denyAdministrators">
            <users/>
            <groups/>
        </role>
    </roleMap>
    <history>
        <historyInfo versionUuid="_a-0000ea3c-477e-8000-e648-01ef9001ef90_6935143"/>
        <historyInfo versionUuid="_a-0000eaa5-8248-8000-e681-01ef9001ef90_8326598"/>
        <historyInfo versionUuid="_a-0000eb53-0a0e-8000-e689-01ef9001ef90_9385937"/>
        <historyInfo versionUuid="_a-0000eb53-0a0e-8000-e689-01ef9001ef90_9451691"/>
    </history>
</contentHaul>
