<?xml version="1.0" encoding="UTF-8" standalone="yes"?>
<contentHaul xmlns:a="http://www.appian.com/ae/types/2009">
    <versionUuid>_a-0000eb53-0a0e-8000-e689-01ef9001ef90_9393189</versionUuid>
    <constant>
        <name>SCDO_ENTIDAD_SEGMENTOUSUARIO</name>
        <uuid>_a-0000e878-569a-8000-e5e4-01ef9001ef90_2233338</uuid>
        <description>Apunta a la entidad cdo_segmentosusuario</description>
        <parentUuid>_a-0000e878-569a-8000-e5e4-01ef9001ef90_1932877</parentUuid>
        <visibility>
            <advertise>false</advertise>
            <hierarchy>true</hierarchy>
            <indexable>true</indexable>
            <quota>false</quota>
            <searchable>true</searchable>
            <system>false</system>
            <unlogged>false</unlogged>
        </visibility>
        <typedValue>
            <type>
                <name>DataStoreEntity</name>
                <namespace>http://www.appian.com/ae/types/2009</namespace>
            </type>
            <value a:id="bc712e4f-6d54-4aa7-bbe9-30f16a3884d3@_a-0000e867-3fd5-8000-e5e3-01ef9001ef90_1836197"/>
        </typedValue>
        <isEnvironmentSpecific>false</isEnvironmentSpecific>
    </constant>
    <roleMap public="true">
        <role inherit="true" allowForAll="false" name="readers">
            <users/>
            <groups/>
        </role>
        <role inherit="true" allowForAll="false" name="authors">
            <users/>
            <groups/>
        </role>
        <role inherit="true" allowForAll="false" name="administrators">
            <users/>
            <groups/>
        </role>
        <role inherit="false" allowForAll="false" name="denyReaders">
            <users/>
            <groups/>
        </role>
        <role inherit="false" allowForAll="false" name="denyAuthors">
            <users/>
            <groups/>
        </role>
        <role inherit="false" allowForAll="false" name="denyAdministrators">
            <users/>
            <groups/>
        </role>
    </roleMap>
    <history>
        <historyInfo versionUuid="_a-0000e878-569a-8000-e5e4-01ef9001ef90_2233343"/>
        <historyInfo versionUuid="_a-0000e9a7-6d42-8000-e63f-01ef9001ef90_5025964"/>
        <historyInfo versionUuid="_a-0000eb53-0a0e-8000-e689-01ef9001ef90_9393189"/>
    </history>
</contentHaul>
