<?xml version="1.0" encoding="UTF-8" standalone="yes"?>
<contentHaul xmlns:a="http://www.appian.com/ae/types/2009">
    <versionUuid>_a-0000eb53-0a0e-8000-e689-01ef9001ef90_9386782</versionUuid>
    <rule>
        <name>SCDO_getVistaDocumental</name>
        <uuid>_a-0000e982-d80b-8000-e63b-01ef9001ef90_4804899</uuid>
        <description>Consulta los datos de vista documental</description>
        <parentUuid>_a-0000e9a3-ab27-8000-e63d-01ef9001ef90_4829156</parentUuid>
        <visibility>
            <advertise>false</advertise>
            <hierarchy>true</hierarchy>
            <indexable>true</indexable>
            <quota>false</quota>
            <searchable>true</searchable>
            <system>false</system>
            <unlogged>false</unlogged>
        </visibility>
        <definition>#"_a-0000e8b9-0989-8000-e5fd-01ef9001ef90_2420859"(
  dataStoreEntity_dt: #"_a-0000e878-569a-8000-e5e4-01ef9001ef90_1932909",
  queryFilter_any: {

  #"SYSTEM_SYSRULES_queryFilter"(
    field: "riesgo",
    operator: "=",
    value: ri!riesgo,
    applyWhen: isnull(ri!riesgo) &lt;&gt; true
  ),
  #"SYSTEM_SYSRULES_queryFilter"(
    field: "segmento",
    operator: "=",
    value: ri!segmento,
    applyWhen: isnull(ri!segmento) &lt;&gt; true
  ),
  /*a!queryFilter(*/
    /*field: "region",*/
    /*operator: "=",*/
    /*value: ri!region,*/
    /*applyWhen: isnull(ri!region) &lt;&gt; true*/
  /*),*/
  },
  pagingInfo_pi: if(
    not(isnull(ri!paginInfo)),
    ri!paginInfo,
    #"SYSTEM_SYSRULES_pagingInfo"(
      startIndex: 1,
      batchSize: -1,
      sort: #"SYSTEM_SYSRULES_sortInfo"(field: "region", ascending: true())
    )
  ),
  selectionColumn_txt: ri!seleccionColumnas,
  /*pagingInfo_pi: ri!paginInfo,*/
  ignoreFiltersWithEmptyValues_bool: true,
  fetchTotalCount_bool: true()
)
</definition>
        <namedTypedValue>
            <name>riesgo</name>
            <type>
                <name>int</name>
                <namespace>http://www.w3.org/2001/XMLSchema</namespace>
            </type>
        </namedTypedValue>
        <namedTypedValue>
            <name>segmento</name>
            <type>
                <name>string</name>
                <namespace>http://www.w3.org/2001/XMLSchema</namespace>
            </type>
            <value/>
        </namedTypedValue>
        <namedTypedValue>
            <name>paginInfo</name>
            <type>
                <name>PagingInfo</name>
                <namespace>http://www.appian.com/ae/types/2009</namespace>
            </type>
        </namedTypedValue>
        <namedTypedValue>
            <name>seleccionColumnas</name>
            <type>
                <name>string</name>
                <namespace>http://www.w3.org/2001/XMLSchema</namespace>
            </type>
            <value/>
        </namedTypedValue>
        <preferredEditor>legacy</preferredEditor>
        <offlineEnabled>false</offlineEnabled>
    </rule>
    <roleMap public="true">
        <role inherit="true" allowForAll="false" name="readers">
            <users/>
            <groups/>
        </role>
        <role inherit="true" allowForAll="false" name="authors">
            <users/>
            <groups/>
        </role>
        <role inherit="true" allowForAll="false" name="administrators">
            <users/>
            <groups/>
        </role>
        <role inherit="false" allowForAll="false" name="denyReaders">
            <users/>
            <groups/>
        </role>
        <role inherit="false" allowForAll="false" name="denyAuthors">
            <users/>
            <groups/>
        </role>
        <role inherit="false" allowForAll="false" name="denyAdministrators">
            <users/>
            <groups/>
        </role>
    </roleMap>
    <history>
        <historyInfo versionUuid="_a-0000e9a3-ab27-8000-e63d-01ef9001ef90_4831073"/>
        <historyInfo versionUuid="_a-0000eb53-0a0e-8000-e689-01ef9001ef90_9386782"/>
    </history>
</contentHaul>
