<?xml version="1.0" encoding="UTF-8" standalone="yes"?>
<contentHaul xmlns:a="http://www.appian.com/ae/types/2009">
    <versionUuid>_a-0000eb53-0a0e-8000-e689-01ef9001ef90_9392603</versionUuid>
    <outboundIntegration>
        <name>SCDO_GetAccesToken</name>
        <uuid>_a-0000eabf-35e2-8000-e683-01ef9001ef90_8396865</uuid>
        <description>Integracion para obtener el access_ token  para gateway</description>
        <parentUuid>_a-0000e867-3fd5-8000-e5e3-01ef9001ef90_1882447</parentUuid>
        <visibility>
            <advertise>false</advertise>
            <hierarchy>true</hierarchy>
            <indexable>true</indexable>
            <quota>false</quota>
            <searchable>true</searchable>
            <system>false</system>
            <unlogged>false</unlogged>
        </visibility>
        <definition></definition>
        <namedTypedValue>
            <name>client_id</name>
            <type>
                <name>string</name>
                <namespace>http://www.w3.org/2001/XMLSchema</namespace>
            </type>
            <value/>
        </namedTypedValue>
        <namedTypedValue>
            <name>client_secret</name>
            <type>
                <name>string</name>
                <namespace>http://www.w3.org/2001/XMLSchema</namespace>
            </type>
            <value/>
        </namedTypedValue>
        <namedTypedValue>
            <name>grant_type</name>
            <type>
                <name>string</name>
                <namespace>http://www.w3.org/2001/XMLSchema</namespace>
            </type>
            <value/>
        </namedTypedValue>
        <namedTypedValue>
            <name>scope</name>
            <type>
                <name>string</name>
                <namespace>http://www.w3.org/2001/XMLSchema</namespace>
            </type>
            <value/>
        </namedTypedValue>
        <metadataExpr></metadataExpr>
        <preferredEditor>legacy</preferredEditor>
        <offlineEnabled>false</offlineEnabled>
        <sharedConfigParameters>
            <a:Dictionary xmlns:xsd="http://www.w3.org/2001/XMLSchema" xmlns:xsi="http://www.w3.org/2001/XMLSchema-instance">
                <url xsi:type="xsd:string"/>
                <isInheritedUrlOptionSelected xsi:type="xsd:boolean">true</isInheritedUrlOptionSelected>
                <relativePath xsi:type="xsd:string">/grants/oauth2/v1/token</relativePath>
                <authType xsi:type="xsd:string">None</authType>
                <authDetails xsi:type="xsd:string"/>
            </a:Dictionary>
        </sharedConfigParameters>
        <configParameters>
            <a:Dictionary xmlns:xsd="http://www.w3.org/2001/XMLSchema" xmlns:xsi="http://www.w3.org/2001/XMLSchema-instance">
                <contentType xsi:type="xsd:string">application/json</contentType>
                <automaticallyConvert xsi:type="xsd:boolean">true</automaticallyConvert>
                <shouldReceiveDocuments xsi:type="xsd:boolean">false</shouldReceiveDocuments>
                <jsonSchema xsi:nil="true" xsi:type="a:NestedChoice?list"/>
                <receiveFolderConfig xsi:type="a:Dictionary">
                    <asExpr xsi:type="xsd:boolean">false</asExpr>
                    <value xsi:type="a:Variant?list"/>
                </receiveFolderConfig>
                <bodyParseType xsi:type="xsd:string">application/json+19.3</bodyParseType>
                <parameters xsi:type="a:NameValue?list">
                    <item>
                        <a:name>client_id</a:name>
                        <a:value xsi:type="a:Expression">#"_a-0000eae4-5659-8000-e685-01ef9001ef90_8697955"</a:value>
                    </item>
                    <item>
                        <a:name>client_secret</a:name>
                        <a:value xsi:type="a:Expression">#"_a-0000eae4-5659-8000-e685-01ef9001ef90_8697967"</a:value>
                    </item>
                    <item>
                        <a:name>grant_type</a:name>
                        <a:value xsi:type="a:Expression">#"_a-0000eae4-5659-8000-e685-01ef9001ef90_8697973"</a:value>
                    </item>
                    <item>
                        <a:name>scope</a:name>
                        <a:value xsi:type="a:Expression">ri!scope</a:value>
                    </item>
                </parameters>
                <removeNullOrEmptyJsonFields xsi:type="xsd:boolean">true</removeNullOrEmptyJsonFields>
                <method xsi:type="xsd:string">POST</method>
                <headers xsi:type="a:NameValue?list">
                    <item>
                        <a:name>Cookie</a:name>
                        <a:value xsi:type="xsd:string">cec6257352a21c0f87dd9c65678ef602=67d8b038fe408d985d55cd5a43951c27</a:value>
                    </item>
                    <item>
                        <a:name>Content-Type</a:name>
                        <a:value xsi:type="xsd:string">application/x-www-form-urlencoded</a:value>
                    </item>
                </headers>
                <excludeNullHeaders xsi:type="xsd:boolean">true</excludeNullHeaders>
                <documentConfig xsi:type="xsd:string"/>
                <excludeNullParams xsi:type="xsd:boolean">true</excludeNullParams>
                <isMultipartExpression xsi:type="xsd:boolean">true</isMultipartExpression>
                <featureVersion xsi:type="xsd:int">1</featureVersion>
                <timeout xsi:type="xsd:int">10</timeout>
                <body xsi:nil="true" xsi:type="a:Expression"/>
                <flattenedJsonSchema xsi:nil="true" xsi:type="a:Text?list"/>
            </a:Dictionary>
        </configParameters>
        <isWrite>false</isWrite>
        <integrationType>system.http</integrationType>
        <connectedSystemUuid>_a-0000eabf-35e2-8000-e683-01ef9001ef90_8396853</connectedSystemUuid>
        <isConnectedSystemConnectionOptionSelected>true</isConnectedSystemConnectionOptionSelected>
        <integrationOutputs>
            <a:Dictionary xmlns:xsd="http://www.w3.org/2001/XMLSchema" xmlns:xsi="http://www.w3.org/2001/XMLSchema-instance">
                <outputs xsi:type="a:IntegrationOutput?list"/>
            </a:Dictionary>
        </integrationOutputs>
        <isRequestResponseLoggingEnabled>false</isRequestResponseLoggingEnabled>
    </outboundIntegration>
    <roleMap public="true">
        <role inherit="true" allowForAll="false" name="readers">
            <users/>
            <groups/>
        </role>
        <role inherit="true" allowForAll="false" name="authors">
            <users/>
            <groups/>
        </role>
        <role inherit="true" allowForAll="false" name="administrators">
            <users/>
            <groups/>
        </role>
        <role inherit="false" allowForAll="false" name="denyReaders">
            <users/>
            <groups/>
        </role>
        <role inherit="false" allowForAll="false" name="denyAuthors">
            <users/>
            <groups/>
        </role>
        <role inherit="false" allowForAll="false" name="denyAdministrators">
            <users/>
            <groups/>
        </role>
    </roleMap>
    <typedValue>
        <type>
            <name>RuleTestConfig?list</name>
            <namespace>http://www.appian.com/ae/types/2009</namespace>
        </type>
        <value>
            <el>
                <a:name/>
                <a:ruleInputTestConfigs>
                    <a:value xmlns:xsi="http://www.w3.org/2001/XMLSchema-instance" xsi:type="a:Expression">"nPatFz41U-cLG46-fMBrBtHAuW4MmnUETam22DYyjKw"</a:value>
                    <a:nameRef>client_id</a:nameRef>
                    <a:id/>
                </a:ruleInputTestConfigs>
                <a:ruleInputTestConfigs>
                    <a:value xmlns:xsi="http://www.w3.org/2001/XMLSchema-instance" xsi:type="a:Expression">"pFLAKQIm5s2CuzeTTHD9CV-4wY8KXxqlwr6j1ZZ5xnk"</a:value>
                    <a:nameRef>client_secret</a:nameRef>
                    <a:id/>
                </a:ruleInputTestConfigs>
                <a:ruleInputTestConfigs>
                    <a:value xmlns:xsi="http://www.w3.org/2001/XMLSchema-instance" xsi:type="a:Expression">"client_credentials"</a:value>
                    <a:nameRef>grant_type</a:nameRef>
                    <a:id/>
                </a:ruleInputTestConfigs>
                <a:ruleInputTestConfigs>
                    <a:value xmlns:xsi="http://www.w3.org/2001/XMLSchema-instance" xsi:type="a:Expression">"cdo"</a:value>
                    <a:nameRef>scope</a:nameRef>
                    <a:id/>
                </a:ruleInputTestConfigs>
                <a:assertions xmlns:xsi="http://www.w3.org/2001/XMLSchema-instance" xsi:nil="true"/>
            </el>
        </value>
    </typedValue>
    <history>
        <historyInfo versionUuid="_a-0000eabf-35e2-8000-e683-01ef9001ef90_8411214"/>
        <historyInfo versionUuid="_a-0000eae4-5659-8000-e685-01ef9001ef90_8698023"/>
        <historyInfo versionUuid="_a-0000eb53-0a0e-8000-e689-01ef9001ef90_9392603"/>
    </history>
</contentHaul>
