<?xml version="1.0" encoding="UTF-8" standalone="yes"?>
<contentHaul xmlns:a="http://www.appian.com/ae/types/2009">
    <versionUuid>_a-0000eb53-0a0e-8000-e689-01ef9001ef90_9389581</versionUuid>
    <interface>
        <name>SCDO_Boton_Exportar_Excel_Reporte_Operaciones</name>
        <uuid>_a-0000e8d8-9b98-8000-e605-01ef9001ef90_3004185</uuid>
        <description>Muestra la funcionalidad para exportar el catálogo excel de la funcionalidad Reporte de Operaciones</description>
        <parentUuid>_a-0000e801-560f-8000-e5d9-01ef9001ef90_1707049</parentUuid>
        <visibility>
            <advertise>false</advertise>
            <hierarchy>true</hierarchy>
            <indexable>true</indexable>
            <quota>false</quota>
            <searchable>true</searchable>
            <system>false</system>
            <unlogged>false</unlogged>
        </visibility>
        <definition>{
  if(
    isnull(ri!documento_doc),
    #"SYSTEM_SYSRULES_ButtonArrayLayout"(
      buttons: {
        #"SYSTEM_SYSRULES_ButtonWidget"(
          label: "Generar Excel",
          icon: "file-excel-o",
          size: "SMALL",
          loadingIndicator: true,
          showWhen: ri!showWhen_bool,
          style: "LINK",
          saveInto: {
            #"SYSTEM_SYSRULES_startProcess"(
              processModel: #"_a-0000e916-edcb-8000-e60c-01ef9001ef90_3167085",
              processParameters: {
                fecha: ri!fecha,
                fechal: ri!fechal,
                fechaDividida: ri!fechaDividida,
                fechaalDividida: ri!fechaalDividida,
                tipoReporte: ri!tipoReporte
              },
              onSuccess: {
                a!save(ri!documento_doc, fv!processInfo.pv.documentoExcel
                )
              },
              onError: "No se puede generar el EXCEL"
            )
            },

        )  
      },
      align: "START"
    ),
    /*a!richTextDisplayField(*/
      /*value: a!richTextItem(*/
        /*text: {*/
          /*a!richTextIcon(icon: "file-excel-o", size: "MEDIUM"),*/
          /*"GENERAR REPORTE DE OPERACIONES"*/
        /*},*/
        /*link: a!dynamicLink(*/
          /*saveInto: a!startProcess(*/
            /*processModel: cons!SCDO_PROCESO_REPORTE_OPERACIONES,*/
            /*processParameters: {*/
              /*fecha: ri!fecha,*/
              /*fechal: ri!fechal,*/
              /*fechaDividida: ri!fechaDividida,*/
              /*fechaalDividida: ri!fechaalDividida,*/
              /*tipoReporte: ri!tipoReporte*/
            /*},*/
            /*onSuccess: {*/
              /*a!save(ri!documento_doc, fv!processInfo.pv.documentoExcel*/
              /*)*/
            /*},*/
            /*onError: "No se puede generar el EXCEL"*/
          /*)*/
        /*),*/
        /*linkStyle: "STANDALONE",*/
        /*style: "STRONG",*/
        /*color: "#cc0000"*/
      /*),*/
      /*showWhen: ri!showWhen_bool*/
    /*),*/
    #"SYSTEM_SYSRULES_richTextDisplayField"(
      value: #"SYSTEM_SYSRULES_richTextItem_v1"(
        text: {
          #"SYSTEM_SYSRULES_richTextIcon"(icon: "download", size: "MEDIUM"),
          "DESCARGAR REPORTE DE OPERACIONES"
        },
        link: #"SYSTEM_SYSRULES_documentDownloadLink"(document: ri!documento_doc),
        linkStyle: "STANDALONE",
        style: "STRONG",
        color: "#cc0000"
      ),
      showWhen: ri!showWhen_bool
    )
   
  )
}</definition>
        <namedTypedValue>
            <name>documento_doc</name>
            <type>
                <name>CollaborationDocument</name>
                <namespace>http://www.appian.com/ae/types/2009</namespace>
            </type>
        </namedTypedValue>
        <namedTypedValue>
            <name>showWhen_bool</name>
            <type>
                <name>boolean</name>
                <namespace>http://www.w3.org/2001/XMLSchema</namespace>
            </type>
        </namedTypedValue>
        <namedTypedValue>
            <name>fechaDividida</name>
            <type>
                <name>Text?list</name>
                <namespace>http://www.appian.com/ae/types/2009</namespace>
            </type>
        </namedTypedValue>
        <namedTypedValue>
            <name>fechaalDividida</name>
            <type>
                <name>Text?list</name>
                <namespace>http://www.appian.com/ae/types/2009</namespace>
            </type>
        </namedTypedValue>
        <namedTypedValue>
            <name>tipoReporte</name>
            <type>
                <name>int</name>
                <namespace>http://www.w3.org/2001/XMLSchema</namespace>
            </type>
        </namedTypedValue>
        <namedTypedValue>
            <name>fecha</name>
            <type>
                <name>date</name>
                <namespace>http://www.w3.org/2001/XMLSchema</namespace>
            </type>
        </namedTypedValue>
        <namedTypedValue>
            <name>fechal</name>
            <type>
                <name>date</name>
                <namespace>http://www.w3.org/2001/XMLSchema</namespace>
            </type>
        </namedTypedValue>
        <preferredEditor>interface</preferredEditor>
        <offlineEnabled>false</offlineEnabled>
        <isCustom>false</isCustom>
    </interface>
    <roleMap public="true">
        <role inherit="true" allowForAll="false" name="readers">
            <users/>
            <groups/>
        </role>
        <role inherit="true" allowForAll="false" name="authors">
            <users/>
            <groups/>
        </role>
        <role inherit="true" allowForAll="false" name="administrators">
            <users/>
            <groups/>
        </role>
        <role inherit="false" allowForAll="false" name="denyReaders">
            <users/>
            <groups/>
        </role>
        <role inherit="false" allowForAll="false" name="denyAuthors">
            <users/>
            <groups/>
        </role>
        <role inherit="false" allowForAll="false" name="denyAdministrators">
            <users/>
            <groups/>
        </role>
    </roleMap>
    <typedValue>
        <type>
            <name>RuleTestConfig?list</name>
            <namespace>http://www.appian.com/ae/types/2009</namespace>
        </type>
        <value>
            <el>
                <a:name/>
                <a:ruleInputTestConfigs>
                    <a:value xmlns:xsi="http://www.w3.org/2001/XMLSchema-instance" xsi:nil="true" xsi:type="a:CollaborationDocument"/>
                    <a:nameRef>documento_doc</a:nameRef>
                    <a:id>1</a:id>
                </a:ruleInputTestConfigs>
                <a:ruleInputTestConfigs>
                    <a:value xmlns:xsd="http://www.w3.org/2001/XMLSchema" xmlns:xsi="http://www.w3.org/2001/XMLSchema-instance" xsi:nil="true" xsi:type="xsd:boolean"/>
                    <a:nameRef>showWhen_bool</a:nameRef>
                    <a:id>2</a:id>
                </a:ruleInputTestConfigs>
                <a:ruleInputTestConfigs>
                    <a:value xmlns:xsi="http://www.w3.org/2001/XMLSchema-instance" xsi:type="a:Expression">"2013-08-22 12:37:13"</a:value>
                    <a:nameRef>fechaDividida</a:nameRef>
                    <a:id>3</a:id>
                </a:ruleInputTestConfigs>
                <a:ruleInputTestConfigs>
                    <a:value xmlns:xsi="http://www.w3.org/2001/XMLSchema-instance" xsi:type="a:Expression">"2013-08-27 12:37:13"</a:value>
                    <a:nameRef>fechaalDividida</a:nameRef>
                    <a:id>4</a:id>
                </a:ruleInputTestConfigs>
                <a:ruleInputTestConfigs>
                    <a:value xmlns:xsd="http://www.w3.org/2001/XMLSchema" xmlns:xsi="http://www.w3.org/2001/XMLSchema-instance" xsi:nil="true" xsi:type="xsd:int"/>
                    <a:nameRef>tipoReporte</a:nameRef>
                    <a:id>5</a:id>
                </a:ruleInputTestConfigs>
                <a:ruleInputTestConfigs>
                    <a:value xmlns:xsd="http://www.w3.org/2001/XMLSchema" xmlns:xsi="http://www.w3.org/2001/XMLSchema-instance" xsi:nil="true" xsi:type="xsd:date"/>
                    <a:nameRef>fecha</a:nameRef>
                    <a:id>6</a:id>
                </a:ruleInputTestConfigs>
                <a:ruleInputTestConfigs>
                    <a:value xmlns:xsd="http://www.w3.org/2001/XMLSchema" xmlns:xsi="http://www.w3.org/2001/XMLSchema-instance" xsi:nil="true" xsi:type="xsd:date"/>
                    <a:nameRef>fechal</a:nameRef>
                    <a:id>7</a:id>
                </a:ruleInputTestConfigs>
                <a:assertions xmlns:xsi="http://www.w3.org/2001/XMLSchema-instance" xsi:nil="true"/>
            </el>
        </value>
    </typedValue>
    <history>
        <historyInfo versionUuid="_a-0000e916-edcb-8000-e60c-01ef9001ef90_3228175"/>
        <historyInfo versionUuid="_a-0000ea52-e6d5-8000-e654-01ef9001ef90_7493884"/>
        <historyInfo versionUuid="_a-0000ea7b-6ff1-8000-e67d-01ef9001ef90_8050328"/>
        <historyInfo versionUuid="_a-0000eae4-5659-8000-e685-01ef9001ef90_8672444"/>
        <historyInfo versionUuid="_a-0000eb53-0a0e-8000-e689-01ef9001ef90_9389581"/>
    </history>
</contentHaul>
