<?xml version="1.0" encoding="UTF-8" standalone="yes"?>
<contentHaul xmlns:a="http://www.appian.com/ae/types/2009">
    <versionUuid>_a-0000eb53-0a0e-8000-e689-01ef9001ef90_9386522</versionUuid>
    <rule>
        <name>SCDO_getAdministradoresByFilters</name>
        <uuid>_a-0000e8b3-d748-8000-e5f3-01ef9001ef90_2402181</uuid>
        <description>Regresa la información de los administradores por filtros para SCDO.</description>
        <parentUuid>_a-0000e9a3-ab27-8000-e63d-01ef9001ef90_4831457</parentUuid>
        <visibility>
            <advertise>false</advertise>
            <hierarchy>true</hierarchy>
            <indexable>true</indexable>
            <quota>false</quota>
            <searchable>true</searchable>
            <system>false</system>
            <unlogged>false</unlogged>
        </visibility>
        <definition>#"_a-0000e8b9-0989-8000-e5fd-01ef9001ef90_2420859"(
  dataStoreEntity_dt: #"_a-0000e8b3-d748-8000-e5f3-01ef9001ef90_2402150",
  queryFilter_any: {
    #"SYSTEM_SYSRULES_queryFilter"(
      field: "idadmon",
      operator: "=",
      value: ri!idAdmon
    ),
    #"SYSTEM_SYSRULES_queryFilter"(
      field: "usuario",
      operator: "=",
      value: ri!usuario
    ),
    #"SYSTEM_SYSRULES_queryFilter"(
      field: "nombre",
      operator: "=",
      value: ri!nombre
    ),
    #"SYSTEM_SYSRULES_queryFilter"(
      field: "tipo",
      operator: "=",
      value: ri!tipo
    ),
    #"SYSTEM_SYSRULES_queryFilter"(
      field: "password",
      operator: "=",
      value: ri!password
    ),
    #"SYSTEM_SYSRULES_queryFilter"(
      field: "usuarion",
      operator: "=",
      value: ri!usuarion
    )
  },
  selectionColumn_txt: ri!seleccionColumnas,
  pagingInfo_pi: ri!paginInfo,
  ignoreFiltersWithEmptyValues_bool: true,
  fetchTotalCount_bool: true
)</definition>
        <namedTypedValue>
            <name>idAdmon</name>
            <type>
                <name>int</name>
                <namespace>http://www.w3.org/2001/XMLSchema</namespace>
            </type>
        </namedTypedValue>
        <namedTypedValue>
            <name>usuario</name>
            <type>
                <name>string</name>
                <namespace>http://www.w3.org/2001/XMLSchema</namespace>
            </type>
            <value/>
        </namedTypedValue>
        <namedTypedValue>
            <name>nombre</name>
            <type>
                <name>string</name>
                <namespace>http://www.w3.org/2001/XMLSchema</namespace>
            </type>
            <value/>
        </namedTypedValue>
        <namedTypedValue>
            <name>tipo</name>
            <type>
                <name>string</name>
                <namespace>http://www.w3.org/2001/XMLSchema</namespace>
            </type>
            <value/>
        </namedTypedValue>
        <namedTypedValue>
            <name>password</name>
            <type>
                <name>string</name>
                <namespace>http://www.w3.org/2001/XMLSchema</namespace>
            </type>
            <value/>
        </namedTypedValue>
        <namedTypedValue>
            <name>paginInfo</name>
            <type>
                <name>PagingInfo</name>
                <namespace>http://www.appian.com/ae/types/2009</namespace>
            </type>
        </namedTypedValue>
        <namedTypedValue>
            <name>seleccionColumnas</name>
            <type>
                <name>string</name>
                <namespace>http://www.w3.org/2001/XMLSchema</namespace>
            </type>
            <value/>
        </namedTypedValue>
        <namedTypedValue>
            <name>usuarion</name>
            <type>
                <name>string</name>
                <namespace>http://www.w3.org/2001/XMLSchema</namespace>
            </type>
            <value/>
        </namedTypedValue>
        <preferredEditor>legacy</preferredEditor>
        <offlineEnabled>false</offlineEnabled>
    </rule>
    <roleMap public="true">
        <role inherit="true" allowForAll="false" name="readers">
            <users/>
            <groups/>
        </role>
        <role inherit="true" allowForAll="false" name="authors">
            <users/>
            <groups/>
        </role>
        <role inherit="true" allowForAll="false" name="administrators">
            <users/>
            <groups/>
        </role>
        <role inherit="false" allowForAll="false" name="denyReaders">
            <users/>
            <groups/>
        </role>
        <role inherit="false" allowForAll="false" name="denyAuthors">
            <users/>
            <groups/>
        </role>
        <role inherit="false" allowForAll="false" name="denyAdministrators">
            <users/>
            <groups/>
        </role>
    </roleMap>
    <history>
        <historyInfo versionUuid="_a-0000e8c4-62ba-8000-e603-01ef9001ef90_2675911"/>
        <historyInfo versionUuid="_a-0000e9a7-6d42-8000-e63f-01ef9001ef90_4874279"/>
        <historyInfo versionUuid="_a-0000eabf-35e2-8000-e683-01ef9001ef90_8526129"/>
        <historyInfo versionUuid="_a-0000eb53-0a0e-8000-e689-01ef9001ef90_9386522"/>
    </history>
</contentHaul>
