<?xml version="1.0" encoding="UTF-8" standalone="yes"?>
<contentHaul xmlns:a="http://www.appian.com/ae/types/2009">
    <versionUuid>_a-0000eb53-0a0e-8000-e689-01ef9001ef90_9505697</versionUuid>
    <interface>
        <name>SCDO_CargaMDocumentos</name>
        <uuid>_a-0000e9a7-6d42-8000-e63f-01ef9001ef90_5214775</uuid>
        <description>Interfaz para la Carga Maisva de Documentos</description>
        <parentUuid>_a-0000e801-560f-8000-e5d9-01ef9001ef90_1707049</parentUuid>
        <visibility>
            <advertise>false</advertise>
            <hierarchy>true</hierarchy>
            <indexable>true</indexable>
            <quota>false</quota>
            <searchable>true</searchable>
            <system>false</system>
            <unlogged>false</unlogged>
        </visibility>
        <definition>a!localVariables(
  local!user_name_opic,
 
  local!catalogo_documentos_contrato: #"_a-0000e968-30a1-8000-e639-01ef9001ef90_4493570"(
    iddocumento: null,
    tipo:"CONTRATO",
    documento: null, 
  ),
  local!catalogo_documentos_adf: reject(
    fn!isnull,
    a!flatten(
      #"SYSTEM_SYSRULES_forEach"(
        items: local!catalogo_documentos_contrato,
        expression: {
          if(a!isNullOrEmpty(fv!item.adf), null, fv!item)
        }
      )
    )
  ),
  local!catalogo_documentos_operacion: #"_a-0000e968-30a1-8000-e639-01ef9001ef90_4493570"(
    iddocumento: null,
    tipo: "OPERACION"
  ),
  local!pasos: {
    "Configuración del documento",
    "Configuración del Excel con Reportes"
  },
  local!pasoActivo: 1,
  local!datosUsuariosopics: #"_a-0000e878-569a-8000-e5e4-01ef9001ef90_2152641"(idUsuarioOpic: null),
  local!usuariosopics: reject(
    fn!isnull,
    a!flatten(
      #"SYSTEM_SYSRULES_forEach"(
        items: local!datosUsuariosopics.data,
        expression: {
          if(
            a!isNullOrEmpty(fv!item.idusuarioopics),
            null,
            fv!item
          )
        }
      )
    )
  ),
  {
    #"SYSTEM_SYSRULES_richTextDisplayField"(
      labelPosition: "COLLAPSED",
      value: {
        #"SYSTEM_SYSRULES_richTextItem_v1"(
          text: { "Carga Masiva de Documentos" },
          color: "#ff0000",
          size: "MEDIUM_PLUS",
          style: { "STRONG" }
        )
      },
      align: "CENTER"
    ),
    #"SYSTEM_SYSRULES_milestoneField"(
      steps: local!pasos,
      active: local!pasoActivo
    ),
    #"SYSTEM_SYSRULES_sectionLayout_v1"(
      contents: {
        #"SYSTEM_SYSRULES_sectionLayout_v1"(
          contents: {
            #"SYSTEM_SYSRULES_sideBySideLayout"(
              items: {
                #"SYSTEM_SYSRULES_sideBySideItem"(
                  item: #"SYSTEM_SYSRULES_radioButtonField"(
                    label: "Seleccione el tipo de carga de documentos",
                    labelPosition: "ABOVE",
                    choiceLabels: { "Operación", "Contrato" },
                    choiceValues: { 1, 2 },
                    value: ri!tipo_operacion,
                    saveInto: {
                      ri!tipo_operacion,
                      a!save(ri!id_documento, null),
                      a!save(ri!tipo_doc, null),
                      a!save(ri!adf, null)
                    },
                    choiceLayout: "STACKED",
                    validations: {
                      if(
                        isnull(ri!tipo_operacion),
                        "Seleccione el tipo de carga",
                        ""
                      )
                    }
                  )
                ),
                #"SYSTEM_SYSRULES_sideBySideItem"(
                  item: #"SYSTEM_SYSRULES_dropdownField_v1"(
                    label: "Elegir el tipo de documento",
                    labelPosition: "ABOVE",
                    placeholder: "--- Seleccionar un valor ---",
                    instructions: if(a!isNullOrEmpty(ri!tipo_operacion), "Seleccione el tipo de carga primero", if(and(ri!tipo_operacion = 2, a!isNullOrEmpty(ri!tipo_doc)), "Seleccione el tipo de documentación primero", "")),
                    choiceLabels: if(
                      a!isNullOrEmpty(ri!tipo_operacion), 
                      {}, 
                      if(
                        ri!tipo_operacion = 1, 
                        index(local!catalogo_documentos_operacion,"documento",{}), 
                        if(
                          and(ri!tipo_operacion = 2, isnull(ri!tipo_doc)),
                          index(local!catalogo_documentos_contrato,"documento",{}),
                          if(
                            and(ri!tipo_operacion = 2, ri!tipo_doc = 1),
                            index(local!catalogo_documentos_contrato,"documento",{}),
                            if(
                              and(ri!tipo_operacion = 2, ri!tipo_doc = 2),
                              index(local!catalogo_documentos_adf,"iddocumento",{}),
                              /*cons!SCDO_TIPOS_DOCUMENTOS_ARRIBADOS,*/
                              {}
                            )
                          )
                        )
                      ),
                    ),
                    choiceValues: if(
                      a!isNullOrEmpty(ri!tipo_operacion), 
                      {},
                      if(
                        ri!tipo_operacion = 1, 
                        index(local!catalogo_documentos_operacion,"iddocumento",{}), 
                        if(
                          and(ri!tipo_operacion = 2, isnull(ri!tipo_doc)),
                          index(local!catalogo_documentos_contrato,"iddocumento",{}),
                          if(
                            and(ri!tipo_operacion = 2, ri!tipo_doc = 1),
                            index(local!catalogo_documentos_contrato,"iddocumento",{}),
                            if(
                              and(ri!tipo_operacion = 2, ri!tipo_doc = 2),
                              index(local!catalogo_documentos_adf,"iddocumento",{}),
                              
                              {}
                            )
                          )
                        )
                      ),
                    ),
                    value: ri!id_documento,
                    saveInto: ri!id_documento,
                    disabled: or(isnull( ri!tipo_operacion),and(ri!tipo_operacion = 2,isnull(ri!tipo_doc))),
                    searchDisplay: "AUTO",
                    validations: {}
                  )
                )
              }
            ),
            #"SYSTEM_SYSRULES_sideBySideLayout"(
              items: {
                #"SYSTEM_SYSRULES_sideBySideItem"(
                  item: #"SYSTEM_SYSRULES_radioButtonField"(
                    label: "Seleccione el tipo de documentación",
                    labelPosition: "ABOVE",
                    choiceLabels: {
                      "Archivo",
                      "ADF"
                    },
                    choiceValues: {
                      1,
                      2
                    },
                    value: ri!tipo_doc,
                    saveInto: {ri!tipo_doc,
                    a!save(ri!id_documento,null)},
                    showWhen: ri!tipo_operacion = 2,
                    choiceLayout: "STACKED",
                    validations: {}
                  )
                ),
                #"SYSTEM_SYSRULES_sideBySideItem"(
                  item: if(
                    or(
                      and(ri!tipo_operacion = 2, ri!tipo_doc = 1),
                      or(ri!tipo_operacion = 1, isnull(ri!tipo_doc))
                    ),
                    #"SYSTEM_SYSRULES_fileUploadField_v1"(
                     
                      label: "Documento a agregar",
                      labelPosition: "ABOVE",
                      
                      instructions: if(
                        a!isNullOrEmpty(ri!tipo_operacion),
                        "Antes de cargar el documento seleccione el tipo de carga",
                        if(
                          and(ri!tipo_operacion = 2, a!isNullOrEmpty(ri!tipo_doc)),
                          "Antes de cargar el documento seleccione el tipo de documentación a Archivo",
                          ""
                        )
                      ),
                      target: 
                      #"_a-0000e867-3fd5-8000-e5e3-01ef9001ef90_1899606",
                      fileNames: concat("CargaMasivaDocumentos",text(now(), "yyyy-MM-dd hh:mm:ss")/*,".",fv!file.extension*/),
                     
                      maxSelections: 1,
                      value: ri!documento,
                      saveInto:{ ri!documento,
                      
                      },
                      disabled: if(
                        and(a!isNullOrEmpty(ri!tipo_operacion)),
                        true,
                        if(
                          and(a!isNotNullOrEmpty(ri!tipo_operacion), a!isNullOrEmpty(ri!tipo_doc)),
                          if(
                            ri!tipo_operacion = 1,
                            false,
                            true
                          ),
                          if(
                            and(a!isNotNullOrEmpty(ri!tipo_operacion), ri!tipo_doc = 1 ),
                            false,
                            true
                          )
                        )
                      ),
                      validations:{ 
                        /*a!localVariables(*/
                        /*local!invalidExtensions: difference(upper(fv!files.extension), { "XLSX", "XLS" }),*/
                        /*if(*/
                          /*length(local!invalidExtensions) &gt; 0, */
                          /*"El archivo adjunto debe ser de tipo Excel: (XLSX, XLS). Eliminar: " &amp; */
                          /*index(fv!files, "name", wherecontains(local!invalidExtensions, upper(fv!files.extension)), {}), */
                          /*""*/
                        /*),*/
/*                     */
                      /*)*/
                      }
                    ),
                    #"SYSTEM_SYSRULES_integerField"(
                      label: "ADF: ",
                      labelPosition: "ADJACENT",
                      value: ri!adf,
                      instructions: if(a!isNullOrEmpty(ri!adf), "Introduce el número de ADF correspondiente", ""),
                      saveInto: ri!adf,
                      refreshAfter: "UNFOCUS",
                      validations: {
                        if(
                          len(tostring(ri!adf)) &gt; 8,
                          "El numero de ADF debe de tener hasta 8 caracteres",
                          ""
                        )
                      },
                      validationGroup: "adf",
                      showWhen: if(or(a!isNullOrEmpty(ri!tipo_operacion), a!isNullOrEmpty(ri!tipo_doc)), false, if(and(ri!tipo_operacion = 2, ri!tipo_doc = 2), true, false))
                    )
                  )
                )
              },
              alignVertical: "MIDDLE"
            )
          },
          showWhen: local!pasoActivo = 1
        ),
        #"SYSTEM_SYSRULES_sectionLayout_v1"(
          contents: {
            #"SYSTEM_SYSRULES_richTextDisplayField"(
              value: {
                #"SYSTEM_SYSRULES_richTextItem_v1"(
                  text: "La estructura del excel debe ser la siguiente: ",
                  size: "MEDIUM",
                  style: "STRONG"
                )
              }
            ),
            #"SYSTEM_SYSRULES_imageField_v1"(
              images: {
                #"SYSTEM_SYSRULES_documentImage"(
                  document: if(isnull(ri!adf),#"_a-0000eb53-0a0e-8000-e689-01ef9001ef90_9432317",#"_a-0000eaa5-8248-8000-e681-01ef9001ef90_8240317") ,
                  caption: "Imagen de la estructura del Excel a cargar"
                )
              },
              size: "FIT",
              align: "CENTER"
            ),
            #"SYSTEM_SYSRULES_sideBySideLayout"(
              items: {
                #"SYSTEM_SYSRULES_sideBySideItem"(
                  item: #"SYSTEM_SYSRULES_fileUploadField_v1"(
                   
                    
                    label: "Cargar documento Excel con los reportes",
                    labelPosition: "ABOVE",
                    target: #"_a-0000e867-3fd5-8000-e5e3-01ef9001ef90_1899606",
                    validationGroup: "prueba",
                    fileNames: 
                    
                    /*concat(*/
                      /*"ReportesCargaMasiva",*/
                      /*"|",*/
                      /*datetext(now(), "yyyy/MM/dd")*/
                    /*)*/
                    concat(
                      "ExcelReportesCargaMasiva",
                      
                      text(now(), "yyyy-MM-dd hh:mm:ss"/*,".",fv!file.extension*/)
                    )
                    
                    ,
                    fileDescriptions: "Excel con reportes para la carga masiva de documentos",
                    maxSelections: 1,
                    value: ri!excel_reportes,
                    saveInto: {ri!excel_reportes,
                   
                    },
                    validations:{
                      a!localVariables(
                      local!invalidExtensions: difference(upper(fv!files.extension), { "XLSX", "XLS" }),
                      if(
                        length(local!invalidExtensions) &gt; 0, 
                        "El archivo adjunto debe ser de tipo Excel: (XLSX, XLS). ELIMINAR ARCHIVO CARGADO: " &amp; 
                        index(fv!files, "name", wherecontains(local!invalidExtensions, upper(fv!files.extension)), {}), 
                        ""
                      ),
                     
                   

                    )
                    }
                  )
                ),
                #"SYSTEM_SYSRULES_sideBySideItem"(
                  showWhen: isnull(ri!adf),
                  item: #"SYSTEM_SYSRULES_dropdownField_v1"(
                    label: "Segmento",
                    labelPosition: "ABOVE",
                    instructions: "Si se desea asignar el documento a un segmento específico de los reportes, seleccione un segmento",
                    placeholder: "Seleccione un Segmento",
                    choiceLabels: {
                      index(#"_a-0000e878-569a-8000-e5e4-01ef9001ef90_2233353"(idSegmento: null).data,"segmento",{})
                    },
                    choiceValues: {
                      index(#"_a-0000e878-569a-8000-e5e4-01ef9001ef90_2233353"(idSegmento: null).data,"idsegmento",{})
                    },
                    value: ri!segmento,
                    saveInto: ri!segmento,
                    validations: {}
                  )
                ),
                #"SYSTEM_SYSRULES_sideBySideItem"(
                  item: #"SYSTEM_SYSRULES_dropdownField_v1"(
                    label: "Cargado Por",
                    labelPosition: "ABOVE",
                    instructions: "Si se desea que el documento sea cargado por un usuario Opics específico, seleccione un usuario",
                    placeholder: "Seleccione un Usuario",
                    choiceLabels: { index(local!usuariosopics,"usuarioopics",{}) },
                    choiceValues: { index(local!usuariosopics,"idusuarioopics",{}) },
                    value: ri!usuarioCarga,
                    saveInto: {ri!usuarioCarga,
                    a!save(
                    local!user_name_opic,
                    #"_a-0000e878-569a-8000-e5e4-01ef9001ef90_2152641"(idusuarioopic:ri!usuarioCarga).data[1].usuarioopics
                    )
                    },
                    validations: {}
                  )
                )
              }
            )
          },
          showWhen: local!pasoActivo = 2,
          divider: "ABOVE"
        )
      }
    ),
    if(
      and(local!pasoActivo = 1),
      #"SYSTEM_SYSRULES_richTextDisplayField"(
        value: {
          #"SYSTEM_SYSRULES_richTextItem_v1"(
            text: concat(
              "Debe llenar los siguientes campos: ",
              char(10)
            ),
            showWhen: or(
              isnull(ri!tipo_operacion),
              isnull(ri!id_documento),
              and(a!isNullOrEmpty(ri!documento),isnull(ri!adf))
            ),
            color: "NEGATIVE"
          ),
          #"SYSTEM_SYSRULES_richTextItem_v1"(
            text: concat(
              if(
                a!isNullOrEmpty(ri!tipo_operacion),
                "* Tipo de Carga",
                ""
              ),
              char(10)
            ),
            showWhen: a!isNullOrEmpty(ri!tipo_operacion),
            color: "NEGATIVE"
          ),
          #"SYSTEM_SYSRULES_richTextItem_v1"(
            text: concat(
              if(
                and(a!isNullOrEmpty(ri!documento),a!isNotNullOrEmpty(ri!tipo_operacion), a!isNotNullOrEmpty(ri!tipo_doc)),
                if(
                  and(or(ri!tipo_doc = 1, ri!tipo_operacion = 2), or(ri!tipo_doc &lt;&gt; 2, a!isNullOrEmpty(ri!tipo_doc))),
                  "* Documento",
                  "* Número de ADF"
                ),
                "* Documento"
              ),
              char(10)
            ),
            showWhen: and(a!isNullOrEmpty(ri!documento),isnull(ri!adf)),
            color: "NEGATIVE"
          ),
          #"SYSTEM_SYSRULES_richTextItem_v1"(
            text: concat(
              if(
                isnull(ri!id_documento),
                "* Tipo Documento",
                ""
              ),
              char(10)
            ),
            showWhen: isnull(ri!id_documento),
            color: "NEGATIVE"
          )
        },
        align: "RIGHT"
      ),
      {}
    ),
    #"SYSTEM_SYSRULES_ButtonArrayLayout"(
      buttons: {
        #"SYSTEM_SYSRULES_ButtonWidget"(
          label: "Atrás",
          saveInto: {
            a!save(local!pasoActivo, local!pasoActivo - 1)
          },
          style: "SECONDARY",
          showWhen: if(local!pasoActivo = 2, true, false)
        ),
        #"SYSTEM_SYSRULES_ButtonWidget"(
          validationGroup: "prueba",
          validate:true,
          label: if(
            local!pasoActivo = 1,
            "Siguiente Paso",
            "Cargar"
          ),
          saveInto: {
            a!save(
              local!pasoActivo,
              if(
                local!pasoActivo = 1,
                local!pasoActivo + 1,
                local!pasoActivo
              ),
            ),
          },
          submit: if(
            and(
              local!pasoActivo = 2,
              a!isNotNullOrEmpty(ri!excel_reportes)
            ),
            true,
            false
          ),
          style: if(
            local!pasoActivo = 2,
            "PRIMARY",
            "STANDARD"
          ),
          disabled:/*or(*/
            if(
            and(
              or(a!isNotNullOrEmpty(ri!documento),and(a!isNotNullOrEmpty(ri!adf), len(tostring(ri!adf)) &lt; 9)),
              a!isNotNullOrEmpty(ri!tipo_operacion),
              a!isNotNullOrEmpty(ri!id_documento),
             
              local!pasoActivo = 1
            ),
            false,
            if(
              or(a!isNullOrEmpty(ri!excel_reportes),a!isNullOrEmpty(ri!usuarioCarga)),
              /*or(a!isNullOrEmpty(ri!excel_reportes),rule!SCDO_COMPROBAR_FORMATOS_EXCEL(texto:tostring(ri!excel_reportes))=false),*/
              true,
              if(
                and(a!isNotNullOrEmpty(ri!adf), len(tostring(ri!adf)) &gt; 8),
                true,
                false
              )
            ),
            
          )
          ,
          /*if(a!isNotNullOrEmpty(ri!documento),
          if(and(document(ri!documento,"extension")&lt;&gt;"XLSX",a!document(ri!documento,"extension")&lt;&gt;"XLS"),true,false),true)),*/
          loadingIndicator: { if(local!pasoActivo = 2, true, false) }
        )
      },
      align: "END"
    ),
    #"SYSTEM_SYSRULES_ButtonArrayLayout"(
      buttons: {
        #"SYSTEM_SYSRULES_ButtonWidget"(
          label: "Cancelar",
          icon: "times",
          value: true,
          saveInto: ri!cancel,
          submit: true,
          style: "DESTRUCTIVE"
        )
      },
      align: "START"
    )
    
  }
)</definition>
        <namedTypedValue>
            <name>cancel</name>
            <type>
                <name>boolean</name>
                <namespace>http://www.w3.org/2001/XMLSchema</namespace>
            </type>
        </namedTypedValue>
        <namedTypedValue>
            <name>tipo_operacion</name>
            <type>
                <name>int</name>
                <namespace>http://www.w3.org/2001/XMLSchema</namespace>
            </type>
        </namedTypedValue>
        <namedTypedValue>
            <name>documento</name>
            <type>
                <name>CollaborationDocument</name>
                <namespace>http://www.appian.com/ae/types/2009</namespace>
            </type>
        </namedTypedValue>
        <namedTypedValue>
            <name>excel_reportes</name>
            <type>
                <name>CollaborationDocument</name>
                <namespace>http://www.appian.com/ae/types/2009</namespace>
            </type>
        </namedTypedValue>
        <namedTypedValue>
            <name>id_documento</name>
            <type>
                <name>int</name>
                <namespace>http://www.w3.org/2001/XMLSchema</namespace>
            </type>
        </namedTypedValue>
        <namedTypedValue>
            <name>segmento</name>
            <type>
                <name>int</name>
                <namespace>http://www.w3.org/2001/XMLSchema</namespace>
            </type>
        </namedTypedValue>
        <namedTypedValue>
            <name>usuarioCarga</name>
            <type>
                <name>int</name>
                <namespace>http://www.w3.org/2001/XMLSchema</namespace>
            </type>
        </namedTypedValue>
        <namedTypedValue>
            <name>adf</name>
            <type>
                <name>string</name>
                <namespace>http://www.w3.org/2001/XMLSchema</namespace>
            </type>
            <value/>
        </namedTypedValue>
        <namedTypedValue>
            <name>tipo_doc</name>
            <type>
                <name>int</name>
                <namespace>http://www.w3.org/2001/XMLSchema</namespace>
            </type>
        </namedTypedValue>
        <preferredEditor>interface</preferredEditor>
        <offlineEnabled>false</offlineEnabled>
        <isCustom>false</isCustom>
    </interface>
    <roleMap public="true">
        <role inherit="true" allowForAll="false" name="readers">
            <users/>
            <groups/>
        </role>
        <role inherit="true" allowForAll="false" name="authors">
            <users/>
            <groups/>
        </role>
        <role inherit="true" allowForAll="false" name="administrators">
            <users/>
            <groups/>
        </role>
        <role inherit="false" allowForAll="false" name="denyReaders">
            <users/>
            <groups/>
        </role>
        <role inherit="false" allowForAll="false" name="denyAuthors">
            <users/>
            <groups/>
        </role>
        <role inherit="false" allowForAll="false" name="denyAdministrators">
            <users/>
            <groups/>
        </role>
    </roleMap>
    <history>
        <historyInfo versionUuid="_a-0000e9f5-96e6-8000-e641-01ef9001ef90_6016182"/>
        <historyInfo versionUuid="_a-0000eaa5-8248-8000-e681-01ef9001ef90_8241576"/>
        <historyInfo versionUuid="_a-0000eabf-35e2-8000-e683-01ef9001ef90_8440396"/>
        <historyInfo versionUuid="_a-0000eabf-35e2-8000-e683-01ef9001ef90_8530722"/>
        <historyInfo versionUuid="_a-0000eb09-d442-8000-e687-01ef9001ef90_8825595"/>
        <historyInfo versionUuid="_a-0000eb53-0a0e-8000-e689-01ef9001ef90_9391090"/>
        <historyInfo versionUuid="_a-0000eb53-0a0e-8000-e689-01ef9001ef90_9432441"/>
        <historyInfo versionUuid="_a-0000eb53-0a0e-8000-e689-01ef9001ef90_9468321"/>
        <historyInfo versionUuid="_a-0000eb53-0a0e-8000-e689-01ef9001ef90_9505697"/>
    </history>
</contentHaul>
