<?xml version="1.0" encoding="UTF-8" standalone="yes"?>
<contentHaul xmlns:a="http://www.appian.com/ae/types/2009">
    <versionUuid>_a-0000eb53-0a0e-8000-e689-01ef9001ef90_9450751</versionUuid>
    <rule>
        <name>SCDO_DocumentoFiltrodocumento_Docuemento_Buzon</name>
        <uuid>_a-0000e982-d80b-8000-e63b-01ef9001ef90_4689904</uuid>
        <description>Regla que consulta todos los datos del CDT Catálogo de Documentos</description>
        <parentUuid>_a-0000e982-d80b-8000-e63b-01ef9001ef90_4816217</parentUuid>
        <visibility>
            <advertise>false</advertise>
            <hierarchy>true</hierarchy>
            <indexable>true</indexable>
            <quota>false</quota>
            <searchable>true</searchable>
            <system>false</system>
            <unlogged>false</unlogged>
        </visibility>
        <definition>#"SYSTEM_SYSRULES_queryEntity_v2"(
  fetchTotalCount: ri!fetchTotalCount,
  entity: #"_a-0000e8d8-9b98-8000-e605-01ef9001ef90_2694251",
  query: #"SYSTEM_SYSRULES_query"(
    selection: if(
      a!isNullOrEmpty(
        ri!seleccionColumnas
      ),
      {},
      #"SYSTEM_SYSRULES_querySelection"(
        columns: {
          #"SYSTEM_SYSRULES_forEach"(
            items: ri!seleccionColumnas,
            expression: #"SYSTEM_SYSRULES_queryColumn"(
              field: fv!item
            )
          )
        }
      )
    ),
    logicalExpression:
    #"SYSTEM_SYSRULES_queryLogicalExpression"(
      ignoreFiltersWithEmptyValues: true(),
      operator: "AND",
      logicalexpressions: {

        #"SYSTEM_SYSRULES_queryLogicalExpression"(

          operator: "AND",
          filters: {
            #"SYSTEM_SYSRULES_queryFilter"(
              field: "iddocumento",
              operator: "=",
              value: ri!iddocumento,
              applywhen: a!isNotNullOrEmpty(ri!iddocumento)
            ),
            #"SYSTEM_SYSRULES_queryFilter"(
              field: "documento",
              operator: "includes",
              value: ri!documento,
              applywhen: a!isNotNullOrEmpty(ri!documento)
            ),
            #"SYSTEM_SYSRULES_queryFilter"(
              field: "documentaa",
              operator: "includes",
              value: ri!documentaa,
              applywhen: a!isNotNullOrEmpty(ri!documentaa)
            )
    
          },
          ignoreFiltersWithEmptyValues: true
        ),


      }

    ),

    pagingInfo: a!defaultValue(ri!paginInfo,#"SYSTEM_SYSRULES_pagingInfo"(1, 20))
  ),

).data


</definition>
        <namedTypedValue>
            <name>iddocumento</name>
            <type>
                <name>int</name>
                <namespace>http://www.w3.org/2001/XMLSchema</namespace>
            </type>
        </namedTypedValue>
        <namedTypedValue>
            <name>documento</name>
            <type>
                <name>string</name>
                <namespace>http://www.w3.org/2001/XMLSchema</namespace>
            </type>
            <value/>
        </namedTypedValue>
        <namedTypedValue>
            <name>documentaa</name>
            <type>
                <name>int</name>
                <namespace>http://www.w3.org/2001/XMLSchema</namespace>
            </type>
        </namedTypedValue>
        <namedTypedValue>
            <name>fetchTotalCount</name>
            <type>
                <name>boolean</name>
                <namespace>http://www.w3.org/2001/XMLSchema</namespace>
            </type>
        </namedTypedValue>
        <namedTypedValue>
            <name>paginInfo</name>
            <type>
                <name>PagingInfo</name>
                <namespace>http://www.appian.com/ae/types/2009</namespace>
            </type>
        </namedTypedValue>
        <namedTypedValue>
            <name>seleccionColumnas</name>
            <type>
                <name>string</name>
                <namespace>http://www.w3.org/2001/XMLSchema</namespace>
            </type>
            <value/>
        </namedTypedValue>
        <preferredEditor>legacy</preferredEditor>
        <offlineEnabled>false</offlineEnabled>
    </rule>
    <roleMap public="true">
        <role inherit="true" allowForAll="false" name="readers">
            <users/>
            <groups/>
        </role>
        <role inherit="true" allowForAll="false" name="authors">
            <users/>
            <groups/>
        </role>
        <role inherit="true" allowForAll="false" name="administrators">
            <users/>
            <groups/>
        </role>
        <role inherit="false" allowForAll="false" name="denyReaders">
            <users/>
            <groups/>
        </role>
        <role inherit="false" allowForAll="false" name="denyAuthors">
            <users/>
            <groups/>
        </role>
        <role inherit="false" allowForAll="false" name="denyAdministrators">
            <users/>
            <groups/>
        </role>
    </roleMap>
    <history>
        <historyInfo versionUuid="_a-0000e9a3-ab27-8000-e63d-01ef9001ef90_4829095"/>
        <historyInfo versionUuid="_a-0000eb53-0a0e-8000-e689-01ef9001ef90_9386599"/>
        <historyInfo versionUuid="_a-0000eb53-0a0e-8000-e689-01ef9001ef90_9450751"/>
    </history>
</contentHaul>
