<?xml version="1.0" encoding="UTF-8" standalone="yes"?>
<contentHaul xmlns:a="http://www.appian.com/ae/types/2009">
    <versionUuid>_a-0000eb9b-4ec6-8000-e68b-01ef9001ef90_9647973</versionUuid>
    <interface>
        <name>SCDO_AdjuntoDocumentoInterfazEjecutivo</name>
        <uuid>_a-0000e9f5-96e6-8000-e641-01ef9001ef90_6327654</uuid>
        <description>Regla de interfaz para adjuntar documentos en la interfaz de Ejecutivo</description>
        <parentUuid>_a-0000e801-560f-8000-e5d9-01ef9001ef90_1707049</parentUuid>
        <visibility>
            <advertise>false</advertise>
            <hierarchy>true</hierarchy>
            <indexable>true</indexable>
            <quota>false</quota>
            <searchable>true</searchable>
            <system>false</system>
            <unlogged>false</unlogged>
        </visibility>
        <definition>a!localVariables(
  /* Se Obtiene el reporte  */
  local!datos: #"_a-0000e982-d80b-8000-e63b-01ef9001ef90_4635413"(idreporte: ri!idReporteSeleccionado)[1],
  local!nombre_documento: concat(
    local!datos.contrato,
    "_",
    ri!ejecutivo.usuarioopics,
    "_",
    text(now(), "yyyy-MM-dd hh_mm_ss")
  ),
  /* Se obtienen los documentos por el segmento del ejecutivo */
  local!catalogoDelSegmento: if(
    a!isNullOrEmpty(
      #"_a-0000e968-30a1-8000-e639-01ef9001ef90_4493495"(
        idsegmento: 2,
        pagingInfo: #"SYSTEM_SYSRULES_pagingInfo"(startIndex: 1, batchSize: - 1)
      )
    ),
    null,
    #"_a-0000e968-30a1-8000-e639-01ef9001ef90_4493570"(
      idsDocumentos: #"_a-0000e968-30a1-8000-e639-01ef9001ef90_4493495"(
        idsegmento: ri!ejecutivo.idsegmento,
        pagingInfo: #"SYSTEM_SYSRULES_pagingInfo"(startIndex: 1, batchSize: - 1)
      ).iddocumento
    ),

  ),
  /* 
  Depende de catalogoDelSegmento
  Se obtienen los documentos que sean CONTRATO
  */
  local!catDocContratoGeneral: if(
    a!isNullOrEmpty(local!catalogoDelSegmento),
    null,
    reject(
      fn!isnull,
      #"SYSTEM_SYSRULES_forEach"(
        items: local!catalogoDelSegmento,
        expression: if(
          and(
            fv!item.documentaa = "CONTRATO",
            /*if(*/
              /*a!isNotNullOrEmpty(fv!item.adf),*/
              /*tointeger(fv!item.adf) &lt;&gt; 1,*/
              /*true*/
            /*)*/
          ),
          fv!item,
          null
        )
      )
    ),

  ),
  /* 
  Depende de catalogoDelSegmento
  Se obtienen los documentos que sean CONTRATO y cuyo ADF sea igual a 1
  --Observacion
  Debido a que no se verifica que sean nulos en la parte de arriba se
  se obtendrian de ambos lugares documentos con ADF = 1
  */
  local!catDocADFGeneral: if(
    a!isNullOrEmpty(local!catalogoDelSegmento),
    null,
    reject(
      fn!isnull,
      #"SYSTEM_SYSRULES_forEach"(
        items: local!catalogoDelSegmento,
        expression: if(
          and(
            fv!item.documentaa = "CONTRATO",
            a!isNotNullOrEmpty(fv!item.adf) = 1
          ),
          fv!item,
          null
        )
      )
    ),

  ),
  /* 
  Depende de catalogoDelSegmento
  Se obtienen los documentos que sean OPERACION
  */
  local!catDocOperacionGeneral: if(
    a!isNullOrEmpty(local!catalogoDelSegmento),
    null,
    reject(
      fn!isnull,
      #"SYSTEM_SYSRULES_forEach"(
        items: local!catalogoDelSegmento,
        expression: if(
          fv!item.documentaa = "OPERACION",
          fv!item,
          null
        )
      )
    ),

  ),
  /* Se obtienen los documentos que ya han sido documentados y rechazados en digitalizados y rechazados */
  /*
  Obtiene los documentos aprobados
  */
  local!documentacionAceptados: if(
    a!isNullOrEmpty(local!catDocContratoGeneral),
    null,
    #"_a-0000e8b2-d897-8000-e5f1-01ef9001ef90_2372887"(
      contrato: local!datos.contrato,
      idsDocumentos: local!catDocContratoGeneral.iddocumento,
      estado: "A",
      /*usuariocargo:ri!ejecutivo.expediente*/
    ).data,

  ),
  /*
  Obtiene los documentos rechazados
  */
  local!documentacionRechazados: if(
    a!isNullOrEmpty(local!catDocContratoGeneral),
    null,
    #"_a-0000e982-d80b-8000-e63b-01ef9001ef90_4763710"(
      contrato: local!datos.contrato,
      idsDocumentos: local!catDocContratoGeneral.iddocumento
    )
  ),
  /*
  Depende de documentacionAceptados y catDocContratoGeneral
  Obtiene los documentos ACEPTADOS que esten en documentacionACeptada y 
  provengan de catDocContratoGeneral
  */
  local!catDocAceptadosDeContrato: if(
    a!isNullOrEmpty(local!documentacionAceptados),
    {},
    reject(
      fn!isnull,
      #"SYSTEM_SYSRULES_forEach"(
        items: local!catDocContratoGeneral,
        expression: if(
          contains(
            local!documentacionAceptados.iddocumento,
            fv!item.iddocumento
          ),
          fv!item,
          null
        )
      ),

    ),

  ),
  /*
  Depende de documentacionAceptados y catDocContratoGeneral
  Obtiene los documentos RECHAZADOS que esten en documentacionACeptada y 
  provengan de catDocContratoGeneral
  */
  local!catDocRechazadosDeContrato: if(
    a!isNullOrEmpty(local!documentacionRechazados),
    {},
    reject(
      fn!isnull,
      #"SYSTEM_SYSRULES_forEach"(
        items: local!catDocContratoGeneral,
        expression: if(
          contains(
            local!documentacionRechazados.iddocumento,
            fv!item.iddocumento
          ),
          fv!item,
          null
        )
      )
    )
  ),

  /* Usa los documentos cuyo ADF = 1 y obtiene los doctos fisicos*/
  local!adfsAceptados: if(
    a!isNullOrEmpty(local!catDocADFGeneral),
    {},
    #"_a-0000e982-d80b-8000-e63b-01ef9001ef90_4749073"(
      idsDocumentos: local!catDocADFGeneral.iddocumento,
      contrato: local!datos.contrato
    ),

  ),
  /*
  Depende de adfsAceptados y catDocADFGeneral
  obtiene de catDocADFGeneral los documentos que esten  en adfsAceptados
  */
  local!catDocParaADFAceptado: if(
    a!isNullOrEmpty(local!adfsAceptados),
    {},
    reject(
      fn!isnull,
      #"SYSTEM_SYSRULES_forEach"(
        items: local!catDocADFGeneral,
        expression: if(
          contains(
            local!adfsAceptados.iddocumento,
            fv!item.iddocumento
          ),
          fv!item,
          null
        )
      ),

    ),

  ),

  local!observacion,
  /* Obtiene documentos aprovados de OPERACION */
  local!digitalizadosAceptados: if(
    a!isNullOrEmpty(local!catDocOperacionGeneral),
    null,
    #"_a-0000e916-edcb-8000-e60c-01ef9001ef90_3117428"(
      idsDocumentos: local!catDocOperacionGeneral,
      contrato: local!datos.contrato,
      operacion: local!datos.operacion,
      estado: "A"
    )
  ),
  /*Filtra para obtener los documentos de operacion aprobados que esten en
  el segmento de catDocOperacionGeneral*/
  local!catDocAceptadoDeOperacion: if(
    a!isNullOrEmpty(local!digitalizadosAceptados),
    {},
    reject(
      fn!isnull,
      #"SYSTEM_SYSRULES_forEach"(
        items: local!catDocOperacionGeneral,
        expression: if(
          contains(
            local!digitalizadosAceptados.iddocumento,
            fv!item.iddocumento
          ),
          fv!item,
          null
        )
      )
    )
  ),
  local!digitalizadosRechazados: if(
    a!isNullOrEmpty(local!catDocOperacionGeneral),
    null,
    #"_a-0000e982-d80b-8000-e63b-01ef9001ef90_4776405"(
      operacion: local!datos.operacion,
      contrato: local!datos.contrato,
      idsDocumentos: local!catDocOperacionGeneral.iddocumento
    )
  ),
  local!catDocRechazadosDeOperacion: if(
    a!isNullOrEmpty(local!digitalizadosRechazados),
    {},
    reject(
      fn!isnull,
      #"SYSTEM_SYSRULES_forEach"(
        items: local!catDocOperacionGeneral,
        expression: if(
          contains(
            local!digitalizadosRechazados.iddocumento,
            fv!item.iddocumento
          ),
          fv!item,
          null
        )
      )
    )
  ),
  /*Obtiene los documentos faltantes de operación*/
  local!catDocFaltantesDeOperacion: if(
    a!isNullOrEmpty(local!catDocOperacionGeneral),
    {},
    #"_a-0000eb53-0a0e-8000-e689-01ef9001ef90_9534907"(
      arreglo_1:local!catDocOperacionGeneral,
      arreglo_2:local!catDocAceptadoDeOperacion,
      arreglo_3:local!catDocRechazadosDeOperacion
    )
    /*difference(*/
      /*local!catDocOperacionGeneral,*/
      /*local!catDocAceptadoDeOperacion,*/
      /*local!catDocRechazadosDeOperacion*/
    /*)*/
  ),
  /*  Se crean las variables para los dropdowns*/
 
  local!documentoAceptadoADF: if(
    a!isNullOrEmpty(local!catDocParaADFAceptado),
    {},
    local!catDocParaADFAceptado.iddocumento
  ),
  local!valorescontrato,
  local!valoresADF,
  local!documentoperacion: if(
    a!isNullOrEmpty(local!catDocAceptadoDeOperacion),
    {},
    local!catDocAceptadoDeOperacion.iddocumento
  ),
  local!valoresoperaciones,
  local!verDetallesAceptado: false,
  local!idDocumentoSeleccionado,
  local!documentoSeleccionado,
  local!documentoRechazadoSeleccionado,
  local!digitalizadoSeleccionado,
  local!digitalizadoRechazadoSeleccionado,
  local!auxiliar_rechazado_operacion,
  /*-----------------*/
  /*
  Depende de catDocAceptadosDeContrato y catDocParaADFAceptado
  */
  local!solo_aceptados_contrato: 
  #"_a-0000eb53-0a0e-8000-e689-01ef9001ef90_9534907"(
    arreglo_1:local!catDocAceptadosDeContrato,
    arreglo_2: local!catDocParaADFAceptado
  ),
  /*difference(*/
    /*local!catDocAceptadosDeContrato,*/
    /*local!catDocParaADFAceptado*/
  /*),*/
  local!auxiliar_aceptado_contrato: if(
    a!isNullOrEmpty(local!solo_aceptados_contrato),
    null,
    tointeger(
      local!solo_aceptados_contrato.iddocumento
    )
  ),
 
  local!solo_rechazados_contrato: local!catDocRechazadosDeContrato,
  local!auxiliar_rechazado_contrato,
  
  local!estan_en_documentacion_pendientes_contrato: if(
    a!isNullOrEmpty(local!catDocContratoGeneral),
    null,
    #"_a-0000e8b2-d897-8000-e5f1-01ef9001ef90_2372887"(
      contrato: local!datos.contrato,
      idsDocumentos: local!catDocContratoGeneral.iddocumento,
      estado: "P"
    ).data,

  ),
  local!catestan_en_documentacion_pendientes_contrato: if(
    a!isNullOrEmpty(local!estan_en_documentacion_pendientes_contrato),
    {},
    reject(
      fn!isnull,
      #"SYSTEM_SYSRULES_forEach"(
        items: local!catDocContratoGeneral,
        expression: if(
          contains(
            local!estan_en_documentacion_pendientes_contrato.iddocumento,
            fv!item.iddocumento
          ),
          fv!item,
          null
        )
      ),

    ),

  ),
  local!faltan_contrato: 
  if(a!isNotNullOrEmpty(local!catDocContratoGeneral),
  #"_a-0000eb53-0a0e-8000-e689-01ef9001ef90_9534907"(
    arreglo_1:local!catDocContratoGeneral,
    arreglo_2:local!catestan_en_documentacion_pendientes_contrato,
    arreglo_3:local!catDocAceptadosDeContrato
  ),
  /*difference(*/
    /*local!catDocContratoGeneral,*/
    /*local!catestan_en_documentacion_pendientes_contrato,*/
    /*local!catDocAceptadosDeContrato*/
  /*),*/
  
  null),

  
  local!auxiliar_faltan_contrato,

  /*-----------------*/
  if(
    a!isNullOrEmpty(local!catalogoDelSegmento),
    {
      #"SYSTEM_SYSRULES_richTextDisplayField"(
        value: {
          #"SYSTEM_SYSRULES_richTextIcon"(
            icon: "warning",
            color: "NEGATIVE",
            size: "MEDIUM"
          ),
          #"SYSTEM_SYSRULES_richTextItem_v1"(
            text: " El segmento no tiene catálogos de documentos asociados, comuníquese con su el admininstrador para solucionar este problema",
            color: "NEGATIVE",
            size: "MEDIUM",
            style: "STRONG"
          )
        }
      )
    },
    {
      #"_a-0000e968-30a1-8000-e639-01ef9001ef90_4429544"(
        bitacora: local!observacion,
        activo: ri!activo,
        datos: local!datos,
        refreshCount: ri!refreshCount,
        startIndex: ri!startIndex,
        batchSize: ri!batchSize,
        idReporteSeleccionado: ri!idReporteSeleccionado,
        esImagenPendiente: false
      ),
      #"SYSTEM_SYSRULES_columnsLayout"(
        columns: {
          #"SYSTEM_SYSRULES_columnLayout"(
            contents: {
              #"SYSTEM_SYSRULES_richTextDisplayField"(
                value: {
                  #"SYSTEM_SYSRULES_richTextItem_v1"(text: "Documentos por Contrato "),
                  #"SYSTEM_SYSRULES_richTextIcon"(icon: "arrow-down")
                }
              ),
           
              if(
                a!isNotNullOrEmpty(local!solo_aceptados_contrato),
                #"SYSTEM_SYSRULES_checkboxField"(
                  label: "",
                  labelPosition: "ABOVE",
                  choiceLabels: #"SYSTEM_SYSRULES_forEach"(
                    local!solo_aceptados_contrato,
                    if(
                      true,
                      fv!item.documento &amp; " - " &amp; "(Aceptado)",
                      ""
                    )
                  ),

                  choiceValues: local!solo_aceptados_contrato.iddocumento,
                  value: local!auxiliar_aceptado_contrato,
                  saveInto: local!auxiliar_aceptado_contrato,
                  disabled: true,
                  validations: {}
                ),
                {}
              ),
              if(
                a!isNotNullOrEmpty(local!catDocParaADFAceptado),
                #"SYSTEM_SYSRULES_checkboxField"(
                  label: "",
                  labelPosition: "ABOVE",

                  choiceLabels: #"SYSTEM_SYSRULES_forEach"(
                    local!catDocParaADFAceptado,
                    if(a!isNotNullOrEmpty(local!catDocAceptadosDeContrato),
                    if(
                      contains(
                        local!catDocAceptadosDeContrato,
                        fv!item
                      ),
                      fv!item.documento &amp; " - " &amp; "(Aceptado)" &amp; " - " &amp; "📜",
                      fv!item.documento &amp; " - " &amp; "📜",

                    ),
                    fv!item.documento &amp; " - " &amp; "📜",
                    )
                    
                  ),
                  choiceValues: local!catDocParaADFAceptado.iddocumento,
                  value: local!documentoAceptadoADF,
                  saveInto: local!documentoAceptadoADF,
                  disabled: true,
                  validations: {}
                ),
                {}
              ),
             
              if(
                a!isNotNullOrEmpty(local!solo_rechazados_contrato),
                #"SYSTEM_SYSRULES_checkboxField"(
                  label: "",
                  labelPosition: "ABOVE",

                  choiceLabels: #"SYSTEM_SYSRULES_forEach"(
                    local!solo_rechazados_contrato,

                    fv!item.documento &amp; " - " &amp; "(Rechazado)"

                  ),
                 
                  choiceValues: local!solo_rechazados_contrato.iddocumento,
                  value: local!auxiliar_rechazado_contrato,
                  saveInto: local!auxiliar_rechazado_contrato,
                  disabled: a!isNotNullOrEmpty(ri!activo),
                  validations: {}
                ),
                {}
              ),
              /*ultimos print de checkbox*/
              if(
                a!isNotNullOrEmpty(local!faltan_contrato),
                #"SYSTEM_SYSRULES_checkboxField"(
                  label: "",
                  labelPosition: "ABOVE",
                  choiceLabels: local!faltan_contrato.documento,
                  choiceValues: local!faltan_contrato.iddocumento,
                  value: local!auxiliar_faltan_contrato,
                  saveInto: local!auxiliar_faltan_contrato,
                  disabled: a!isNotNullOrEmpty(ri!activo),
                  validations: {}
                ),
                {}
              ),

            }
          ),
          #"SYSTEM_SYSRULES_columnLayout"(
            contents: {
              #"SYSTEM_SYSRULES_richTextDisplayField"(
                value: {
                  #"SYSTEM_SYSRULES_richTextItem_v1"(text: "Documentos por Operación "),
                  #"SYSTEM_SYSRULES_richTextIcon"(icon: "arrow-down")
                }
              ),
              if(
                a!isNotNullOrEmpty(local!catDocAceptadoDeOperacion),
                #"SYSTEM_SYSRULES_checkboxField"(
                  label: "",
                  labelPosition: "ABOVE",

                  choiceLabels: #"SYSTEM_SYSRULES_forEach"(
                    local!catDocAceptadoDeOperacion,

                    fv!item.documento &amp; " - " &amp; "(Aceptado)"

                  )
                  ,
                  choiceValues: local!catDocAceptadoDeOperacion.iddocumento,
                  value: local!documentoperacion,
                  saveInto: local!documentoperacion,
                  disabled: true,
                  validations: {}
                ),
                {}
              ),
              if(
                a!isNotNullOrEmpty(local!catDocRechazadosDeOperacion),
                #"SYSTEM_SYSRULES_checkboxField"(
                  label: "",
                  labelPosition: "ABOVE",

                  choiceLabels: #"SYSTEM_SYSRULES_forEach"(
                    local!catDocRechazadosDeOperacion,
                    if(
                      true,
                      fv!item.documento &amp; " - " &amp; "(Rechazado)",
                      ""
                    )
                  ),
                  choiceValues: local!catDocRechazadosDeOperacion.iddocumento,
                  value: local!auxiliar_rechazado_operacion,
                  saveInto: local!auxiliar_rechazado_operacion,
                  disabled: a!isNotNullOrEmpty(ri!activo),
                  validations: {}
                ),
                {}
              ),
              if(
                a!isNotNullOrEmpty(local!catDocFaltantesDeOperacion),
                #"SYSTEM_SYSRULES_checkboxField"(
                  label: "",
                  labelPosition: "ABOVE",
                  choiceLabels: local!catDocFaltantesDeOperacion.documento,
                  choiceValues: local!catDocFaltantesDeOperacion.iddocumento,
                  value: local!valoresoperaciones,
                  saveInto: local!valoresoperaciones,
                  disabled: a!isNotNullOrEmpty(ri!activo),
                  validations: {}
                ),
                {}
              )
            }
          ),
          #"SYSTEM_SYSRULES_columnLayout"(
            contents: {
              #"SYSTEM_SYSRULES_cardLayout"(
                contents: {
                  #"SYSTEM_SYSRULES_richTextDisplayField"(
                    value: #"SYSTEM_SYSRULES_richTextItem_v1"(
                      text: "Información de los documentos",
                      size: "MEDIUM",
                      color: "ACCENT",
                      style: { "STRONG", "EMPHASIS" }
                    ),
                    align: "CENTER"
                  ),
                  if(
                    and(
                      a!isNullOrEmpty(local!catDocAceptadoDeOperacion),
                      a!isNullOrEmpty(local!catDocAceptadosDeContrato)
                    ),
                    #"SYSTEM_SYSRULES_richTextDisplayField"(
                      value: {
                        #"SYSTEM_SYSRULES_richTextItem_v1"(
                          text: "No se han subido documentos para este reporte",
                          color: "NEGATIVE"
                        )
                      },
                      align: "CENTER"
                    ),
                    {
                      #"SYSTEM_SYSRULES_columnsLayout"(
                        columns: {
                          #"SYSTEM_SYSRULES_columnLayout"(
                            contents: {
                              #"SYSTEM_SYSRULES_richTextDisplayField"(
                                value: {
                                  #"SYSTEM_SYSRULES_richTextItem_v1"(text: "Documentos por Contrato "),
                                  #"SYSTEM_SYSRULES_richTextIcon"(icon: "arrow-down")
                                }
                              ),
                              if(
                                a!isNotNullOrEmpty(local!catDocAceptadosDeContrato),
                                {
                                  #"SYSTEM_SYSRULES_forEach"(
                                    items: local!catDocAceptadosDeContrato,
                                    expression: #"SYSTEM_SYSRULES_richTextDisplayField"(
                                      value: {
                                        #"SYSTEM_SYSRULES_richTextItem_v1"(text: concat(fv!item.documento, " "), ),
                                        #"SYSTEM_SYSRULES_richTextIcon"(
                                          icon: "check-circle",
                                          color: "POSITIVE",
                                          caption: "Mostrar Detalles",
                                          linkStyle: "STANDALONE",
                                          link: #"SYSTEM_SYSRULES_dynamicLink"(
                                            value: true,
                                            saveInto: {
                                              local!verDetallesAceptado,
                                              a!save(
                                                local!idDocumentoSeleccionado,
                                                fv!item.iddocumento
                                              ),
                                              a!save(
                                                local!documentoRechazadoSeleccionado,
                                                null
                                              ),
                                              a!save(
                                                local!digitalizadoRechazadoSeleccionado,
                                                null
                                              ),
                                              a!save(local!digitalizadoSeleccionado, null),
                                              a!save(
                                                local!documentoSeleccionado,
                                                a!flatten(
                                                  reject(
                                                    fn!isnull,
                                                    #"SYSTEM_SYSRULES_forEach"(
                                                      items: local!documentacionAceptados,
                                                      expression: if(
                                                        tointeger(fv!item.iddocumento) = local!idDocumentoSeleccionado,
                                                        fv!item,
                                                        null
                                                      )
                                                    )
                                                  )
                                                )
                                              ),

                                            },

                                          )
                                        )
                                      }
                                    )
                                  ),

                                },
                                #"SYSTEM_SYSRULES_richTextDisplayField"(
                                  value: #"SYSTEM_SYSRULES_richTextItem_v1"(
                                    text: "No se ha documentado por contrato"
                                  ),
                                  showWhen: and(
                                    a!isNullOrEmpty(local!catDocAceptadosDeContrato),
                                    a!isNullOrEmpty(local!catDocRechazadosDeOperacion)
                                  )
                                )
                              ),
                              if(
                                a!isNotNullOrEmpty(local!catDocRechazadosDeContrato),
                                #"SYSTEM_SYSRULES_forEach"(
                                  items: local!catDocRechazadosDeContrato,
                                  expression: #"SYSTEM_SYSRULES_richTextDisplayField"(
                                    value: {
                                      #"SYSTEM_SYSRULES_richTextItem_v1"(text: concat(fv!item.documento, " "), ),
                                      #"SYSTEM_SYSRULES_richTextIcon"(
                                        icon: "times-circle",
                                        color: "NEGATIVE",
                                        caption: "Mostrar Detalles",
                                        linkStyle: "STANDALONE",
                                        link: #"SYSTEM_SYSRULES_dynamicLink"(
                                          value: true,
                                          saveInto: {
                                            local!verDetallesAceptado,
                                            a!save(
                                              local!idDocumentoSeleccionado,
                                              fv!item.iddocumento
                                            ),
                                            a!save(local!documentoSeleccionado, null),
                                            a!save(
                                              local!digitalizadoRechazadoSeleccionado,
                                              null
                                            ),
                                            a!save(local!digitalizadoSeleccionado, null),
                                            a!save(
                                              local!documentoRechazadoSeleccionado,
                                              a!flatten(
                                                reject(
                                                  fn!isnull,
                                                  #"SYSTEM_SYSRULES_forEach"(
                                                    items: local!documentacionRechazados,
                                                    expression: if(
                                                      tointeger(fv!item.iddocumento) = local!idDocumentoSeleccionado,
                                                      fv!item,
                                                      null
                                                    )
                                                  )
                                                )
                                              )
                                            ),

                                          },

                                        )
                                      )
                                    }
                                  )
                                ),
                                {}
                              )
                            }
                          ),
                          #"SYSTEM_SYSRULES_columnLayout"(
                            contents: {
                              #"SYSTEM_SYSRULES_richTextDisplayField"(
                                value: {
                                  #"SYSTEM_SYSRULES_richTextItem_v1"(text: "Documentos por Operación "),
                                  #"SYSTEM_SYSRULES_richTextIcon"(icon: "arrow-down")
                                },

                              ),
                              if(
                                a!isNotNullOrEmpty(local!catDocAceptadoDeOperacion),
                                #"SYSTEM_SYSRULES_forEach"(
                                  items: local!catDocAceptadoDeOperacion,
                                  expression: #"SYSTEM_SYSRULES_richTextDisplayField"(
                                    value: {
                                      #"SYSTEM_SYSRULES_richTextItem_v1"(text: fv!item.documento &amp; " ", ),
                                      #"SYSTEM_SYSRULES_richTextIcon"(
                                        icon: "check-circle",
                                        caption: "Mostrar Detalles",
                                        color: "POSITIVE",
                                        linkStyle: "STANDALONE",
                                        link: #"SYSTEM_SYSRULES_dynamicLink"(
                                          value: true,
                                          saveInto: {
                                            local!verDetallesAceptado,
                                            a!save(
                                              local!idDocumentoSeleccionado,
                                              fv!item.iddocumento
                                            ),
                                            a!save(local!documentoSeleccionado, null),
                                            a!save(
                                              local!documentoRechazadoSeleccionado,
                                              null
                                            ),
                                            a!save(
                                              local!digitalizadoRechazadoSeleccionado,
                                              null
                                            ),
                                            a!save(
                                              local!digitalizadoSeleccionado,
                                              a!flatten(
                                                reject(
                                                  fn!isnull,
                                                  #"SYSTEM_SYSRULES_forEach"(
                                                    items: local!digitalizadosAceptados,
                                                    expression: if(
                                                      local!idDocumentoSeleccionado = tointeger(fv!item.iddocumento),
                                                      fv!item,
                                                      null
                                                    )
                                                  )
                                                )
                                              )
                                            )
                                          }
                                        )
                                      )
                                    }
                                  )
                                ),
                                #"SYSTEM_SYSRULES_richTextDisplayField"(
                                  value: #"SYSTEM_SYSRULES_richTextItem_v1"(
                                    text: "No se ha documentado por operación",
                                    color: "NEGATIVE",

                                  ),
                                  showWhen: and(
                                    a!isNullOrEmpty(local!catDocRechazadosDeOperacion),
                                    a!isNullOrEmpty(local!catDocAceptadoDeOperacion)
                                  )
                                )
                              ),
                              if(
                                a!isNotNullOrEmpty(local!catDocRechazadosDeOperacion),
                                #"SYSTEM_SYSRULES_forEach"(
                                  items: local!catDocRechazadosDeOperacion,
                                  expression: #"SYSTEM_SYSRULES_richTextDisplayField"(
                                    value: {
                                      #"SYSTEM_SYSRULES_richTextItem_v1"(text: concat(fv!item.documento, " "), ),
                                      #"SYSTEM_SYSRULES_richTextIcon"(
                                        icon: "times-circle",
                                        color: "NEGATIVE",
                                        caption: "Rechazado",
                                        linkStyle: "STANDALONE",
                                        link: #"SYSTEM_SYSRULES_dynamicLink"(
                                          value: true,
                                          saveInto: {
                                            local!verDetallesAceptado,
                                            a!save(
                                              local!idDocumentoSeleccionado,
                                              fv!item.iddocumento
                                            ),
                                            a!save(
                                              local!digitalizadoRechazadoSeleccionado,
                                              a!flatten(
                                                reject(
                                                  fn!isnull,
                                                  #"SYSTEM_SYSRULES_forEach"(
                                                    items: local!digitalizadosRechazados,
                                                    expression: if(
                                                      tointeger(fv!item.iddocumento) = local!idDocumentoSeleccionado,
                                                      fv!item,
                                                      null
                                                    )
                                                  )
                                                )
                                              )
                                            ),
                                            a!save(local!documentoSeleccionado, null),
                                            a!save(
                                              local!documentoRechazadoSeleccionado,
                                              null
                                            ),
                                            a!save(local!digitalizadoSeleccionado, null)
                                          },

                                        )
                                      )
                                    }
                                  )
                                ),
                                {}
                              )
                            }
                          )
                        }
                      ),
                      /*                     Resumen del documento aprobado */
                      if(
                        and(
                          local!verDetallesAceptado = true,
                          a!isNotNullOrEmpty(local!idDocumentoSeleccionado),
                          a!isNotNullOrEmpty(local!documentoSeleccionado)
                        ),
                        #"SYSTEM_SYSRULES_boxLayout"(
                          label: concat(
                            "Detalles del documento ",
                            reject(
                              fn!isnull,
                              #"SYSTEM_SYSRULES_forEach"(
                                items: local!catalogoDelSegmento,
                                expression: if(
                                  tointeger(fv!item.iddocumento) = local!idDocumentoSeleccionado,
                                  fv!item.documento,
                                  null
                                )
                              )
                            )
                          ),
                          contents: {
                            if(
                              a!isNullOrEmpty(local!documentoSeleccionado),
                              {},
                              {
                                #"SYSTEM_SYSRULES_columnsLayout"(
                                  columns: {
                                    #"SYSTEM_SYSRULES_columnLayout"(
                                      contents: {
                                        #"SYSTEM_SYSRULES_richTextDisplayField"(
                                          value: {
                                            #"SYSTEM_SYSRULES_richTextItem_v1"(
                                              text: concat(
                                                "Nombre de Documento: ",
                                                local!documentoSeleccionado[1].nomdocumento
                                              )
                                            )
                                          }
                                        ),
                                        #"SYSTEM_SYSRULES_richTextDisplayField"(
                                          value: {
                                            #"SYSTEM_SYSRULES_richTextItem_v1"(
                                              text: concat(
                                                "Usuario Carga: ",
                                                local!documentoSeleccionado[1].usuariocargo
                                              )
                                            )
                                          }
                                        ),
                                        #"SYSTEM_SYSRULES_richTextDisplayField"(
                                          value: {
                                            #"SYSTEM_SYSRULES_richTextItem_v1"(
                                              text: concat(
                                                "Fecha de Carga: ",
                                                local!documentoSeleccionado[1].fechacarga
                                              )
                                            )
                                          }
                                        ),
                                        #"SYSTEM_SYSRULES_richTextDisplayField"(
                                          value: {
                                            #"SYSTEM_SYSRULES_richTextItem_v1"(
                                              text: concat(
                                                "Usuario Acepto: ",
                                                local!documentoSeleccionado[1].usuarioacepto
                                              )
                                            )
                                          }
                                        ),

                                      }
                                    ),
                                    #"SYSTEM_SYSRULES_columnLayout"(
                                      contents: {
                                        #"SYSTEM_SYSRULES_ButtonArrayLayout"(
                                          buttons: {
                                            #"SYSTEM_SYSRULES_ButtonWidget"(
                                              icon: "times",
                                              size: "SMALL",
                                              tooltip: "Cerrar Detalles",
                                              saveInto: {
                                                a!save(local!idDocumentoSeleccionado, null),
                                                a!save(local!documentoSeleccionado, null),
                                                a!save(local!verDetallesAceptado, false)
                                              }
                                            )
                                          }
                                        ),

                                      },
                                      width: "EXTRA_NARROW"
                                    )
                                  }
                                ),

                              }
                            )
                          },
                          isCollapsible: true,

                        ),
                        {}
                      ),
                      /*                     Resumen del documento rechazado */
                      if(
                        and(
                          local!verDetallesAceptado = true,
                          a!isNotNullOrEmpty(local!idDocumentoSeleccionado),
                          a!isNotNullOrEmpty(local!documentoRechazadoSeleccionado)
                        ),
                        {
                          #"SYSTEM_SYSRULES_boxLayout"(
                            label: concat(
                              "Detalles del documento rechazado: ",
                              reject(
                                fn!isnull,
                                #"SYSTEM_SYSRULES_forEach"(
                                  items: local!catalogoDelSegmento,
                                  expression: if(
                                    tointeger(fv!item.iddocumento) = local!idDocumentoSeleccionado,
                                    fv!item.documento,
                                    null
                                  )
                                )
                              )
                            ),
                            contents: {
                              if(
                                a!isNullOrEmpty(local!documentoRechazadoSeleccionado),
                                {},
                                {
                                  #"SYSTEM_SYSRULES_columnsLayout"(
                                    columns: {
                                      #"SYSTEM_SYSRULES_columnLayout"(
                                        contents: {
                                          #"SYSTEM_SYSRULES_richTextDisplayField"(
                                            value: {
                                              #"SYSTEM_SYSRULES_richTextItem_v1"(
                                                text: concat(
                                                  "Nombre de Documento: ",
                                                  local!documentoRechazadoSeleccionado[1].nomdocumento
                                                )
                                              )
                                            }
                                          ),
                                          #"SYSTEM_SYSRULES_richTextDisplayField"(
                                            value: {
                                              #"SYSTEM_SYSRULES_richTextItem_v1"(
                                                text: concat(
                                                  "Fecha de Rechazo: ",
                                                  local!documentoRechazadoSeleccionado[1].fecha
                                                )
                                              )
                                            }
                                          ),
                                          #"SYSTEM_SYSRULES_richTextDisplayField"(
                                            value: {
                                              #"SYSTEM_SYSRULES_richTextItem_v1"(
                                                text: concat(
                                                  "Usuario Rechazo: ",
                                                  local!documentoRechazadoSeleccionado[1].usuariorechazo
                                                )
                                              )
                                            }
                                          ),

                                        }
                                      ),
                                      #"SYSTEM_SYSRULES_columnLayout"(
                                        contents: {
                                          #"SYSTEM_SYSRULES_ButtonArrayLayout"(
                                            buttons: {
                                              #"SYSTEM_SYSRULES_ButtonWidget"(
                                                icon: "times",
                                                size: "SMALL",
                                                tooltip: "Cerrar Detalles",
                                                saveInto: {
                                                  a!save(local!idDocumentoSeleccionado, null),
                                                  a!save(
                                                    local!documentoRechazadoSeleccionado,
                                                    null
                                                  ),
                                                  a!save(local!verDetallesAceptado, false)
                                                }
                                              )
                                            }
                                          ),

                                        },
                                        width: "EXTRA_NARROW"
                                      )
                                    }
                                  ),

                                }
                              )
                            },
                            isCollapsible: true,

                          )
                        },
                        {}
                      ),
                      /*                     Resumen del digitalizado aceptado */
                      if(
                        and(
                          local!verDetallesAceptado = true,
                          a!isNotNullOrEmpty(local!idDocumentoSeleccionado),
                          a!isNotNullOrEmpty(local!digitalizadoSeleccionado)
                        ),
                        {
                          #"SYSTEM_SYSRULES_boxLayout"(
                            label: concat(
                              "Detalles del documento rechazado: ",
                              reject(
                                fn!isnull,
                                #"SYSTEM_SYSRULES_forEach"(
                                  items: local!catalogoDelSegmento,
                                  expression: if(
                                    tointeger(fv!item.iddocumento) = local!idDocumentoSeleccionado,
                                    fv!item.documento,
                                    null
                                  )
                                )
                              )
                            ),
                            contents: {
                              if(
                                a!isNullOrEmpty(local!digitalizadoSeleccionado),
                                {},
                                {
                                  #"SYSTEM_SYSRULES_columnsLayout"(
                                    columns: {
                                      #"SYSTEM_SYSRULES_columnLayout"(
                                        contents: {
                                          #"SYSTEM_SYSRULES_richTextDisplayField"(
                                            value: {
                                              #"SYSTEM_SYSRULES_richTextItem_v1"(
                                                text: concat(
                                                  "Nombre de Documento: ",
                                                  local!digitalizadoSeleccionado[1].nombreimagen
                                                )
                                              )
                                            }
                                          ),
                                          #"SYSTEM_SYSRULES_richTextDisplayField"(
                                            value: {
                                              #"SYSTEM_SYSRULES_richTextItem_v1"(
                                                text: concat(
                                                  "Fecha de Acepto: ",
                                                  local!digitalizadoSeleccionado[1].fechaacepto
                                                )
                                              )
                                            }
                                          ),
                                          #"SYSTEM_SYSRULES_richTextDisplayField"(
                                            value: {
                                              #"SYSTEM_SYSRULES_richTextItem_v1"(
                                                text: concat(
                                                  "Usuario Acepto: ",
                                                  local!digitalizadoSeleccionado[1].usuarioacepto
                                                )
                                              )
                                            }
                                          ),

                                        }
                                      ),
                                      #"SYSTEM_SYSRULES_columnLayout"(
                                        contents: {
                                          #"SYSTEM_SYSRULES_ButtonArrayLayout"(
                                            buttons: {
                                              #"SYSTEM_SYSRULES_ButtonWidget"(
                                                icon: "times",
                                                size: "SMALL",
                                                tooltip: "Cerrar Detalles",
                                                saveInto: {
                                                  a!save(local!idDocumentoSeleccionado, null),
                                                  a!save(local!digitalizadoSeleccionado, null),
                                                  a!save(local!verDetallesAceptado, false)
                                                }
                                              )
                                            }
                                          ),

                                        },
                                        width: "EXTRA_NARROW"
                                      )
                                    }
                                  ),

                                }
                              )
                            },
                            isCollapsible: true,

                          )
                        },
                        {}
                      ),
                      /*                     Resumen del digitalizado rechazado */
                      if(
                        and(
                          local!verDetallesAceptado = true,
                          a!isNotNullOrEmpty(local!idDocumentoSeleccionado),
                          a!isNotNullOrEmpty(
                            local!digitalizadoRechazadoSeleccionado
                          )
                        ),
                        {
                          #"SYSTEM_SYSRULES_boxLayout"(
                            label: concat(
                              "Detalles del documento rechazado: ",
                              reject(
                                fn!isnull,
                                #"SYSTEM_SYSRULES_forEach"(
                                  items: local!catalogoDelSegmento,
                                  expression: if(
                                    tointeger(fv!item.iddocumento) = local!idDocumentoSeleccionado,
                                    fv!item.documento,
                                    null
                                  )
                                )
                              )
                            ),
                            contents: {
                              if(
                                a!isNullOrEmpty(
                                  local!digitalizadoRechazadoSeleccionado
                                ),
                                {},
                                {
                                  #"SYSTEM_SYSRULES_columnsLayout"(
                                    columns: {
                                      #"SYSTEM_SYSRULES_columnLayout"(
                                        contents: {
                                          #"SYSTEM_SYSRULES_richTextDisplayField"(
                                            value: {
                                              #"SYSTEM_SYSRULES_richTextItem_v1"(
                                                text: concat(
                                                  "Nombre de Documento: ",
                                                  local!digitalizadoRechazadoSeleccionado[1].nombreimagen
                                                )
                                              )
                                            }
                                          ),
                                          #"SYSTEM_SYSRULES_richTextDisplayField"(
                                            value: {
                                              #"SYSTEM_SYSRULES_richTextItem_v1"(
                                                text: concat(
                                                  "Fecha de Rechazo: ",
                                                  local!digitalizadoRechazadoSeleccionado[1].fecharechazo
                                                )
                                              )
                                            }
                                          ),
                                          #"SYSTEM_SYSRULES_richTextDisplayField"(
                                            value: {
                                              #"SYSTEM_SYSRULES_richTextItem_v1"(
                                                text: concat(
                                                  "Usuario Rechazo: ",
                                                  local!digitalizadoRechazadoSeleccionado[1].usuariorechazo
                                                )
                                              )
                                            }
                                          ),

                                        }
                                      ),
                                      #"SYSTEM_SYSRULES_columnLayout"(
                                        contents: {
                                          #"SYSTEM_SYSRULES_ButtonArrayLayout"(
                                            buttons: {
                                              #"SYSTEM_SYSRULES_ButtonWidget"(
                                                icon: "times",
                                                size: "SMALL",
                                                tooltip: "Cerrar Detalles",
                                                saveInto: {
                                                  a!save(local!idDocumentoSeleccionado, null),
                                                  a!save(
                                                    local!digitalizadoRechazadoSeleccionado,
                                                    null
                                                  ),
                                                  a!save(local!verDetallesAceptado, false)
                                                }
                                              )
                                            }
                                          ),

                                        },
                                        width: "EXTRA_NARROW"
                                      )
                                    }
                                  ),

                                }
                              )
                            },
                            isCollapsible: true,

                          )
                        },
                        {}
                      )
                    }
                  )
                },
                shape: "ROUNDED",
                style: "INFO"
              )
            },
            width: "AUTO"
          )
        }
      ),
      #"SYSTEM_SYSRULES_columnsLayout"(
        columns: {
          #"SYSTEM_SYSRULES_columnLayout"(
            contents: {
              #"SYSTEM_SYSRULES_fileUploadField_v1"(
                label: "Subir Archivo",
                target: #"_a-0000e9a7-6d42-8000-e63f-01ef9001ef90_5940527",
                /*if(*/
                /*a!isNotNullOrEmpty(local!valorescontrato), */
                /*cons!SCDO_CARPETA_DOCUMENTACION_OFICIAL,*/
                /*if(*/
                /*a!isNotNullOrEmpty(local!valoresoperaciones),*/
                /*cons!SCDO_CARPETA_DIGITALIZACION_OFICIAL,*/
                /*if(*/
                /*and(a!isNotNullOrEmpty(local!valorescontrato), a!isNotNullOrEmpty(local!valoresoperaciones)),*/
                /*{cons!SCDO_CARPETA_DOCUMENTACION_OFICIAL, cons!SCDO_CARPETA_DIGITALIZACION_OFICIAL},*/
                /*{}*/
                /*)*/
                /*)*/
                /*),*/
                maxSelections: 1,
                fileNames: /*concat(local!datos.contrato, "_",now(),".",fv!file.extension),*/
                /*concat(ri!contrato,"_",ri!ejecutivo.usuarioopics,"_",text(now(), "yyyy-MM-dd hh:mm:ss")),*/
                local!nombre_documento,
                value: ri!documento,
                saveInto: { ri!documento,  },
                buttonStyle: "STANDARD",
                disabled: or(
                  and(
                    a!isNullOrEmpty(local!valoresoperaciones),
                    a!isNullOrEmpty(local!auxiliar_rechazado_operacion),
                    a!isNullOrEmpty(local!auxiliar_faltan_contrato),
                    a!isNullOrEmpty(local!auxiliar_rechazado_contrato)
                  ),
                  a!isNotNullOrEmpty(ri!activo)
                )
              )
            }
          ),
          #"SYSTEM_SYSRULES_columnLayout"(
            contents: {
              #"SYSTEM_SYSRULES_ButtonArrayLayout"(
                buttons: {
                  #"SYSTEM_SYSRULES_ButtonWidget"(
                    label: "Cancelar",
                    size: "SMALL",
                    style: "DESTRUCTIVE",
                    disabled: if(
                      and(
                        a!isNullOrEmpty(local!auxiliar_rechazado_contrato),
                        a!isNullOrEmpty(local!auxiliar_faltan_contrato),
                        a!isNullOrEmpty(local!valoresoperaciones),
                        a!isNullOrEmpty(local!auxiliar_rechazado_operacion)
                      ),
                      true,
                      false
                    ),
                    /*disabled: if(and(a!isNullOrEmpty(local!valorescontrato), a!isNullOrEmpty(local!valoresoperaciones)), if(a!isNotNullOrEmpty(local!valoresADF), false, true), false),*/
                    value: { {} },
                    saveInto: {
                      local!valorescontrato,
                      local!valoresoperaciones,
                      local!auxiliar_rechazado_contrato,
                      local!auxiliar_faltan_contrato,
                      local!auxiliar_rechazado_operacion,
                      a!save(ri!documento, null)
                    }
                  ),
                  #"SYSTEM_SYSRULES_ButtonWidget"(
                    label: "Guardar",
                    style: "PRIMARY",
                    disabled: if(
                      or(
                        and(
                          a!isNullOrEmpty(local!auxiliar_rechazado_contrato),
                          a!isNullOrEmpty(local!auxiliar_faltan_contrato),
                          a!isNullOrEmpty(local!valoresoperaciones),
                          a!isNullOrEmpty(local!auxiliar_rechazado_operacion)
                        ),
                        a!isNotNullOrEmpty(ri!activo)
                      ),
                      true,
                      if(
                        or(
                          a!isNullOrEmpty(ri!documento),
                          a!isNotNullOrEmpty(ri!activo)
                        ),
                        true,
                        false
                      )
                    ),
                    /*disabled: if(or(and(a!isNullOrEmpty(local!valorescontrato), a!isNullOrEmpty(local!valoresoperaciones)),a!isNotNullOrEmpty(ri!activo)), true, if(or(a!isNullOrEmpty(ri!documento),a!isNotNullOrEmpty(ri!activo)), true, false)),*/
                    submit: true,
                    loadingIndicator: true,
                    icon: "save",
                    size: "SMALL",
                    saveInto: {
                      #"SYSTEM_SYSRULES_startProcess"(
                        processModel: #"_a-0000e9a7-6d42-8000-e63f-01ef9001ef90_4876437",
                        processParameters: {
                          nombre_documento: local!nombre_documento,
                          datos: local!datos,
                          documentoSubido: ri!documento,
                          ejecutivo: ri!ejecutivo,
                          esLlamada: ri!activo,
                          idsDocumentosContrato: if(
                            and(
                              a!isNullOrEmpty(local!auxiliar_rechazado_contrato),
                              a!isNullOrEmpty(local!auxiliar_faltan_contrato)
                            ),
                            null,
                            reject(
                              fn!isnull,
                              a!flatten(
                                union(
                                  tointeger(local!auxiliar_rechazado_contrato),
                                  tointeger(local!auxiliar_faltan_contrato),

                                )
                              )
                            )
                          ),
                          /*idsDocumentosContrato: if(a!isNullOrEmpty(local!valoresADF), local!valorescontrato, a!flatten(reject(fn!isnull, append(local!valorescontrato, local!valoresADF)))),*/
                          /*idsDocumentosOperacion: local!valoresoperaciones,*/
                          idsDocumentosOperacion: if(
                            and(
                              a!isNullOrEmpty(local!auxiliar_rechazado_operacion),
                              a!isNullOrEmpty(local!valoresoperaciones)
                            ),
                            null,
                            reject(
                              fn!isnull,
                              a!flatten(
                                union(
                                  tointeger(local!auxiliar_rechazado_operacion),
                                  tointeger(local!valoresoperaciones),

                                )
                              )
                            )
                          ),
                          ipremota: ""
                        },
                        onSuccess: {
                          a!save(local!valoresADF, null),
                          a!save(local!valorescontrato, null),
                          a!save(local!valoresoperaciones, null),
                          a!save(local!idDocumentoSeleccionado, null),
                          a!save(local!documentoSeleccionado, null),
                          a!save(local!auxiliar_rechazado_contrato, null),
                          a!save(local!auxiliar_faltan_contrato, null),
                          a!save(ri!activo, null),
                          a!save(ri!documento, null),
                          a!save(local!nombre_documento, null)
                        }
                      )
                    }
                  )
                },
                align: "CENTER",
                marginAbove: "MORE"
              ),

            }
          ),
          #"SYSTEM_SYSRULES_columnLayout"(contents: {}),

        }
      )
    }
  )
),</definition>
        <namedTypedValue>
            <name>idReporteSeleccionado</name>
            <type>
                <name>int</name>
                <namespace>http://www.w3.org/2001/XMLSchema</namespace>
            </type>
        </namedTypedValue>
        <namedTypedValue>
            <name>ejecutivo</name>
            <type>
                <name>V_CDO_Ejecutivo</name>
                <namespace>urn:com:appian:types</namespace>
            </type>
        </namedTypedValue>
        <namedTypedValue>
            <name>activo</name>
            <type>
                <name>int</name>
                <namespace>http://www.w3.org/2001/XMLSchema</namespace>
            </type>
        </namedTypedValue>
        <namedTypedValue>
            <name>refreshCount</name>
            <type>
                <name>int</name>
                <namespace>http://www.w3.org/2001/XMLSchema</namespace>
            </type>
        </namedTypedValue>
        <namedTypedValue>
            <name>startIndex</name>
            <type>
                <name>int</name>
                <namespace>http://www.w3.org/2001/XMLSchema</namespace>
            </type>
        </namedTypedValue>
        <namedTypedValue>
            <name>batchSize</name>
            <type>
                <name>int</name>
                <namespace>http://www.w3.org/2001/XMLSchema</namespace>
            </type>
        </namedTypedValue>
        <namedTypedValue>
            <name>documento</name>
            <type>
                <name>CollaborationDocument</name>
                <namespace>http://www.appian.com/ae/types/2009</namespace>
            </type>
        </namedTypedValue>
        <namedTypedValue>
            <name>contrato</name>
            <type>
                <name>string</name>
                <namespace>http://www.w3.org/2001/XMLSchema</namespace>
            </type>
            <value/>
        </namedTypedValue>
        <preferredEditor>interface</preferredEditor>
        <offlineEnabled>false</offlineEnabled>
        <isCustom>false</isCustom>
    </interface>
    <roleMap public="true">
        <role inherit="true" allowForAll="false" name="readers">
            <users/>
            <groups/>
        </role>
        <role inherit="true" allowForAll="false" name="authors">
            <users/>
            <groups/>
        </role>
        <role inherit="true" allowForAll="false" name="administrators">
            <users/>
            <groups/>
        </role>
        <role inherit="false" allowForAll="false" name="denyReaders">
            <users/>
            <groups/>
        </role>
        <role inherit="false" allowForAll="false" name="denyAuthors">
            <users/>
            <groups/>
        </role>
        <role inherit="false" allowForAll="false" name="denyAdministrators">
            <users/>
            <groups/>
        </role>
    </roleMap>
    <typedValue>
        <type>
            <name>RuleTestConfig?list</name>
            <namespace>http://www.appian.com/ae/types/2009</namespace>
        </type>
        <value>
            <el>
                <a:name/>
                <a:ruleInputTestConfigs>
                    <a:value xmlns:xsi="http://www.w3.org/2001/XMLSchema-instance" xsi:type="a:Expression">22576673</a:value>
                    <a:nameRef>idReporteSeleccionado</a:nameRef>
                    <a:id>1</a:id>
                </a:ruleInputTestConfigs>
                <a:ruleInputTestConfigs>
                    <a:value xmlns:xsi="http://www.w3.org/2001/XMLSchema-instance" xsi:type="a:Expression">{usuarion: "x497975", tipoacceso: "usuario-supervisor", fechaingreso: "02102023", nombre: "CHRISTIAN", expediente: "X497975", idsegmento: 2, usuarioopics: "X497975", idacceso: 16269}</a:value>
                    <a:nameRef>ejecutivo</a:nameRef>
                    <a:id>2</a:id>
                </a:ruleInputTestConfigs>
                <a:ruleInputTestConfigs>
                    <a:value xmlns:xsd="http://www.w3.org/2001/XMLSchema" xmlns:xsi="http://www.w3.org/2001/XMLSchema-instance" xsi:nil="true" xsi:type="xsd:int"/>
                    <a:nameRef>activo</a:nameRef>
                    <a:id>3</a:id>
                </a:ruleInputTestConfigs>
                <a:ruleInputTestConfigs>
                    <a:value xmlns:xsd="http://www.w3.org/2001/XMLSchema" xmlns:xsi="http://www.w3.org/2001/XMLSchema-instance" xsi:nil="true" xsi:type="xsd:int"/>
                    <a:nameRef>refreshCount</a:nameRef>
                    <a:id>4</a:id>
                </a:ruleInputTestConfigs>
                <a:ruleInputTestConfigs>
                    <a:value xmlns:xsd="http://www.w3.org/2001/XMLSchema" xmlns:xsi="http://www.w3.org/2001/XMLSchema-instance" xsi:nil="true" xsi:type="xsd:int"/>
                    <a:nameRef>startIndex</a:nameRef>
                    <a:id>5</a:id>
                </a:ruleInputTestConfigs>
                <a:ruleInputTestConfigs>
                    <a:value xmlns:xsd="http://www.w3.org/2001/XMLSchema" xmlns:xsi="http://www.w3.org/2001/XMLSchema-instance" xsi:nil="true" xsi:type="xsd:int"/>
                    <a:nameRef>batchSize</a:nameRef>
                    <a:id>6</a:id>
                </a:ruleInputTestConfigs>
                <a:ruleInputTestConfigs>
                    <a:value xmlns:xsi="http://www.w3.org/2001/XMLSchema-instance" xsi:nil="true" xsi:type="a:CollaborationDocument"/>
                    <a:nameRef>documento</a:nameRef>
                    <a:id>7</a:id>
                </a:ruleInputTestConfigs>
                <a:ruleInputTestConfigs>
                    <a:value xmlns:xsd="http://www.w3.org/2001/XMLSchema" xmlns:xsi="http://www.w3.org/2001/XMLSchema-instance" xsi:type="xsd:string"/>
                    <a:nameRef>contrato</a:nameRef>
                    <a:id>8</a:id>
                </a:ruleInputTestConfigs>
                <a:assertions xmlns:xsi="http://www.w3.org/2001/XMLSchema-instance" xsi:nil="true"/>
            </el>
        </value>
    </typedValue>
    <history>
        <historyInfo versionUuid="_a-0000ea2e-319c-8000-e644-01ef9001ef90_6814920"/>
        <historyInfo versionUuid="_a-0000eaa5-8248-8000-e681-01ef9001ef90_8306448"/>
        <historyInfo versionUuid="_a-0000eabf-35e2-8000-e683-01ef9001ef90_8431850"/>
        <historyInfo versionUuid="_a-0000eabf-35e2-8000-e683-01ef9001ef90_8550883"/>
        <historyInfo versionUuid="_a-0000eb09-d442-8000-e687-01ef9001ef90_8856831"/>
        <historyInfo versionUuid="_a-0000eb09-d442-8000-e687-01ef9001ef90_8992846"/>
        <historyInfo versionUuid="_a-0000eb53-0a0e-8000-e689-01ef9001ef90_9389172"/>
        <historyInfo versionUuid="_a-0000eb53-0a0e-8000-e689-01ef9001ef90_9506854"/>
        <historyInfo versionUuid="_a-0000eb53-0a0e-8000-e689-01ef9001ef90_9539715"/>
        <historyInfo versionUuid="_a-0000eb9b-4ec6-8000-e68b-01ef9001ef90_9607072"/>
        <historyInfo versionUuid="_a-0000eb9b-4ec6-8000-e68b-01ef9001ef90_9647973"/>
    </history>
</contentHaul>
