<?xml version="1.0" encoding="UTF-8" standalone="yes"?>
<contentHaul xmlns:a="http://www.appian.com/ae/types/2009">
    <versionUuid>_a-0000eb53-0a0e-8000-e689-01ef9001ef90_9386339</versionUuid>
    <rule>
        <name>SCDO_DOCUEMNTOS_A_ELIMINAR_SEGUN_RECHAZO</name>
        <uuid>_a-0000eaa5-8248-8000-e681-01ef9001ef90_8252669</uuid>
        <description></description>
        <parentUuid>_a-0000e9a3-ab27-8000-e63d-01ef9001ef90_4829216</parentUuid>
        <visibility>
            <advertise>false</advertise>
            <hierarchy>true</hierarchy>
            <indexable>true</indexable>
            <quota>false</quota>
            <searchable>true</searchable>
            <system>false</system>
            <unlogged>false</unlogged>
        </visibility>
        <definition>a!localVariables(
  local!datos:#"SYSTEM_SYSRULES_forEach"(
    items: ri!ids_documentos,
    expression: if(a!isNotNullOrEmpty(#"_a-0000eaa5-8248-8000-e681-01ef9001ef90_8198227"(contrato:ri!contrato,iddocumento:fv!item)),
    #"_a-0000eaa5-8248-8000-e681-01ef9001ef90_8198227"(contrato:ri!contrato,iddocumento:fv!item),null
    )
  ),
  local!devolver:reject(fn!isnull, a!flatten(local!datos)),
  local!devolver
)</definition>
        <namedTypedValue>
            <name>ids_documentos</name>
            <type>
                <name>Integer?list</name>
                <namespace>http://www.appian.com/ae/types/2009</namespace>
            </type>
        </namedTypedValue>
        <namedTypedValue>
            <name>contrato</name>
            <type>
                <name>string</name>
                <namespace>http://www.w3.org/2001/XMLSchema</namespace>
            </type>
            <value/>
        </namedTypedValue>
        <preferredEditor>legacy</preferredEditor>
        <offlineEnabled>false</offlineEnabled>
    </rule>
    <roleMap public="true">
        <role inherit="true" allowForAll="false" name="readers">
            <users/>
            <groups/>
        </role>
        <role inherit="true" allowForAll="false" name="authors">
            <users/>
            <groups/>
        </role>
        <role inherit="true" allowForAll="false" name="administrators">
            <users/>
            <groups/>
        </role>
        <role inherit="false" allowForAll="false" name="denyReaders">
            <users/>
            <groups/>
        </role>
        <role inherit="false" allowForAll="false" name="denyAuthors">
            <users/>
            <groups/>
        </role>
        <role inherit="false" allowForAll="false" name="denyAdministrators">
            <users/>
            <groups/>
        </role>
    </roleMap>
    <history>
        <historyInfo versionUuid="_a-0000eaa5-8248-8000-e681-01ef9001ef90_8271549"/>
        <historyInfo versionUuid="_a-0000eb53-0a0e-8000-e689-01ef9001ef90_9386339"/>
    </history>
</contentHaul>
