<?xml version="1.0" encoding="UTF-8" standalone="yes"?>
<contentHaul xmlns:a="http://www.appian.com/ae/types/2009">
    <versionUuid>_a-0000eb53-0a0e-8000-e689-01ef9001ef90_9389248</versionUuid>
    <interface>
        <name>SCDO_BotonExportarExcelModificacionesRegistroADF</name>
        <uuid>_a-0000e9a7-6d42-8000-e63f-01ef9001ef90_5889917</uuid>
        <description>Muestra la funcionalidad para exportar y descargar las modificaciones del Registro Arribos.
Interfaz
SCDO_RegistroADF</description>
        <parentUuid>_a-0000e801-560f-8000-e5d9-01ef9001ef90_1707049</parentUuid>
        <visibility>
            <advertise>false</advertise>
            <hierarchy>true</hierarchy>
            <indexable>true</indexable>
            <quota>false</quota>
            <searchable>true</searchable>
            <system>false</system>
            <unlogged>false</unlogged>
        </visibility>
        <definition>a!localVariables(
  local!prueba,
  local!error,
  {
    if(
      isnull(ri!documentoModificaciones),
      #"SYSTEM_SYSRULES_richTextDisplayField"(
        value: #"SYSTEM_SYSRULES_richTextItem_v1"(
          text: {
            #"SYSTEM_SYSRULES_richTextIcon"(icon: "file-excel-o", size: "MEDIUM"),
            "Exportar Datos del Histórico"
          },
          link: #"SYSTEM_SYSRULES_dynamicLink"(
            saveInto: #"SYSTEM_SYSRULES_startProcess"(
              processModel: {
                #"_a-0000e9a7-6d42-8000-e63f-01ef9001ef90_5890147",
              },
              onSuccess: {
                a!save(
                  ri!documentoModificaciones, fv!processInfo.pv.documentoModificaciones
                )
              },

              onError: a!save(local!error, "No se puede generar el EXCEL")
            )
          ),
          linkStyle: "STANDALONE",
          style: "STRONG",
          color: "#cc0000"
        ),
        showWhen: ri!showWhen_bool,
      ),
      #"SYSTEM_SYSRULES_richTextDisplayField"(
        value: #"SYSTEM_SYSRULES_richTextItem_v1"(
          text: {
            #"SYSTEM_SYSRULES_richTextIcon"(icon: "download", size: "MEDIUM"),
            "GENERAR REGISTRO ADF"
          },
          link: #"SYSTEM_SYSRULES_documentDownloadLink"(document: ri!documentoModificaciones),
          linkStyle: "STANDALONE",
          style: "STRONG",
          color: "#cc0000"
        ),
        showWhen: ri!showWhen_bool
      )
    )
  }
)</definition>
        <namedTypedValue>
            <name>showWhen_bool</name>
            <type>
                <name>boolean</name>
                <namespace>http://www.w3.org/2001/XMLSchema</namespace>
            </type>
        </namedTypedValue>
        <namedTypedValue>
            <name>documentoModificaciones</name>
            <type>
                <name>CollaborationDocument</name>
                <namespace>http://www.appian.com/ae/types/2009</namespace>
            </type>
        </namedTypedValue>
        <preferredEditor>interface</preferredEditor>
        <offlineEnabled>false</offlineEnabled>
        <isCustom>false</isCustom>
    </interface>
    <roleMap public="true">
        <role inherit="true" allowForAll="false" name="readers">
            <users/>
            <groups/>
        </role>
        <role inherit="true" allowForAll="false" name="authors">
            <users/>
            <groups/>
        </role>
        <role inherit="true" allowForAll="false" name="administrators">
            <users/>
            <groups/>
        </role>
        <role inherit="false" allowForAll="false" name="denyReaders">
            <users/>
            <groups/>
        </role>
        <role inherit="false" allowForAll="false" name="denyAuthors">
            <users/>
            <groups/>
        </role>
        <role inherit="false" allowForAll="false" name="denyAdministrators">
            <users/>
            <groups/>
        </role>
    </roleMap>
    <history>
        <historyInfo versionUuid="_a-0000e9a7-6d42-8000-e63f-01ef9001ef90_5890579"/>
        <historyInfo versionUuid="_a-0000eb53-0a0e-8000-e689-01ef9001ef90_9389248"/>
    </history>
</contentHaul>
