<?xml version="1.0" encoding="UTF-8" standalone="yes"?>
<contentHaul xmlns:a="http://www.appian.com/ae/types/2009">
    <versionUuid>_a-0000eb53-0a0e-8000-e689-01ef9001ef90_9386465</versionUuid>
    <rule>
        <name>SCDO_getExpedienteByFilters</name>
        <uuid>_a-0000e878-569a-8000-e5e4-01ef9001ef90_2114113</uuid>
        <description>Regresa la información de los expedientes por filtros para SCDO.</description>
        <parentUuid>_a-0000e9a3-ab27-8000-e63d-01ef9001ef90_4830381</parentUuid>
        <visibility>
            <advertise>false</advertise>
            <hierarchy>true</hierarchy>
            <indexable>true</indexable>
            <quota>false</quota>
            <searchable>true</searchable>
            <system>false</system>
            <unlogged>false</unlogged>
        </visibility>
        <definition>#"_a-0000e8b9-0989-8000-e5fd-01ef9001ef90_2420859"(
  dataStoreEntity_dt: #"_a-0000e878-569a-8000-e5e4-01ef9001ef90_2114096",
  queryFilter_any: {
    #"SYSTEM_SYSRULES_queryFilter"(
      field: "idexpediente",
      operator: "=",
      value: ri!idExpediente
    ),
    #"SYSTEM_SYSRULES_queryFilter"(
      field: "expediente",
      operator: "=",
      value: ri!expediente
    ),
    #"SYSTEM_SYSRULES_queryFilter"(
      field: "nombre",
      operator: "=",
      value: ri!nombre
    ),
    #"SYSTEM_SYSRULES_queryFilter"(
      field: "fechaingreso",
      operator: "=",
      value: ri!fechaingreso
    ),
    #"SYSTEM_SYSRULES_queryFilter"(
      field: "extra1",
      operator: "=",
      value: ri!extra1
    ),
    #"SYSTEM_SYSRULES_queryFilter"(
      field: "extra2",
      operator: "=",
      value: ri!extra2
    ),
    #"SYSTEM_SYSRULES_queryFilter"(
      field: "correo",
      operator: "=",
      value: ri!correo
    ),
    #"SYSTEM_SYSRULES_queryFilter"(
      field: "usuarion",
      operator: "=",
      value: ri!usuarion
    ),
    
  },
  selectionColumn_txt: ri!seleccionColumnas,
  pagingInfo_pi: ri!paginInfo,
  ignoreFiltersWithEmptyValues_bool: true,
  fetchTotalCount_bool: true
)</definition>
        <namedTypedValue>
            <name>idExpediente</name>
            <type>
                <name>int</name>
                <namespace>http://www.w3.org/2001/XMLSchema</namespace>
            </type>
        </namedTypedValue>
        <namedTypedValue>
            <name>expediente</name>
            <type>
                <name>string</name>
                <namespace>http://www.w3.org/2001/XMLSchema</namespace>
            </type>
            <value/>
        </namedTypedValue>
        <namedTypedValue>
            <name>nombre</name>
            <type>
                <name>string</name>
                <namespace>http://www.w3.org/2001/XMLSchema</namespace>
            </type>
            <value/>
        </namedTypedValue>
        <namedTypedValue>
            <name>fechaingreso</name>
            <type>
                <name>string</name>
                <namespace>http://www.w3.org/2001/XMLSchema</namespace>
            </type>
            <value/>
        </namedTypedValue>
        <namedTypedValue>
            <name>extra1</name>
            <type>
                <name>string</name>
                <namespace>http://www.w3.org/2001/XMLSchema</namespace>
            </type>
            <value/>
        </namedTypedValue>
        <namedTypedValue>
            <name>extra2</name>
            <type>
                <name>string</name>
                <namespace>http://www.w3.org/2001/XMLSchema</namespace>
            </type>
            <value/>
        </namedTypedValue>
        <namedTypedValue>
            <name>correo</name>
            <type>
                <name>string</name>
                <namespace>http://www.w3.org/2001/XMLSchema</namespace>
            </type>
            <value/>
        </namedTypedValue>
        <namedTypedValue>
            <name>paginInfo</name>
            <type>
                <name>PagingInfo</name>
                <namespace>http://www.appian.com/ae/types/2009</namespace>
            </type>
        </namedTypedValue>
        <namedTypedValue>
            <name>seleccionColumnas</name>
            <type>
                <name>string</name>
                <namespace>http://www.w3.org/2001/XMLSchema</namespace>
            </type>
            <value/>
        </namedTypedValue>
        <namedTypedValue>
            <name>usuarion</name>
            <type>
                <name>string</name>
                <namespace>http://www.w3.org/2001/XMLSchema</namespace>
            </type>
            <value/>
        </namedTypedValue>
        <preferredEditor>legacy</preferredEditor>
        <offlineEnabled>false</offlineEnabled>
    </rule>
    <roleMap public="true">
        <role inherit="true" allowForAll="false" name="readers">
            <users/>
            <groups/>
        </role>
        <role inherit="true" allowForAll="false" name="authors">
            <users/>
            <groups/>
        </role>
        <role inherit="true" allowForAll="false" name="administrators">
            <users/>
            <groups/>
        </role>
        <role inherit="false" allowForAll="false" name="denyReaders">
            <users/>
            <groups/>
        </role>
        <role inherit="false" allowForAll="false" name="denyAuthors">
            <users/>
            <groups/>
        </role>
        <role inherit="false" allowForAll="false" name="denyAdministrators">
            <users/>
            <groups/>
        </role>
    </roleMap>
    <history>
        <historyInfo versionUuid="_a-0000e8c4-62ba-8000-e603-01ef9001ef90_2675968"/>
        <historyInfo versionUuid="_a-0000e9a7-6d42-8000-e63f-01ef9001ef90_4874292"/>
        <historyInfo versionUuid="_a-0000eabf-35e2-8000-e683-01ef9001ef90_8526160"/>
        <historyInfo versionUuid="_a-0000eae4-5659-8000-e685-01ef9001ef90_8620223"/>
        <historyInfo versionUuid="_a-0000eb53-0a0e-8000-e689-01ef9001ef90_9386465"/>
    </history>
</contentHaul>
