<?xml version="1.0" encoding="UTF-8" standalone="yes"?>
<contentHaul xmlns:a="http://www.appian.com/ae/types/2009">
    <versionUuid>_a-0000eb53-0a0e-8000-e689-01ef9001ef90_9386798</versionUuid>
    <rule>
        <name>SCDO_AceptarDocumentacionContrato</name>
        <uuid>_a-0000e982-d80b-8000-e63b-01ef9001ef90_4747054</uuid>
        <description>Regla para aceptar la documentación de contrato</description>
        <parentUuid>_a-0000e982-d80b-8000-e63b-01ef9001ef90_4815880</parentUuid>
        <visibility>
            <advertise>false</advertise>
            <hierarchy>true</hierarchy>
            <indexable>true</indexable>
            <quota>false</quota>
            <searchable>true</searchable>
            <system>false</system>
            <unlogged>false</unlogged>
        </visibility>
        <definition>a!localVariables(
  local!doc:#"_a-0000e8b2-d897-8000-e5f1-01ef9001ef90_2372887"(iddocumentacion: ri!documentacion.iddocumentacion).data[1],
  if(or(ri!documentacion.documento="Perfilamiento Agil Santander Personal",
  ri!documentacion.documento="Perfilamiento Agil Telefonico"),
  
    cast('type!{urn:com:appian:types}scdo_documentacion',
      {
      iddocumentacion:local!doc.iddocumentacion,
      contrato:local!doc.contrato,
      nomdocumento:local!doc.nomdocumento,
      iddocumento:local!doc.iddocumento,
      tipo:local!doc.tipo,
      fechacarga:local!doc.fechacarga,
      usuariocargo:local!doc.usuariocargo,
      cc:local!doc.cc,
      estado:"A",
      usuarioacepto:"",
      fechaacepto:datetext(now(),"yyyy-MM-dd H:m:s"),
      observacion:local!doc.observacion,
      br:local!doc.br,
      opendate:local!doc.opendate,
      cost:local!doc.cost,
      trad:local!doc.trad,
      castdsc:local!doc.castdsc,
      profile:local!doc.profile,
      max:local!doc.max,
      canal:local!doc.canal,
      cliente:local!doc.cliente,
      br2:local!doc.br2,
      buc:local!doc.buc,
      pb:local!doc.pb,
      folio:"Visto",
      conveniencia:local!doc.conveniencia,
      sucursal:local!doc.sucursal,
      trader:local!doc.trader,
      amib:local!doc.amib
    })
  ,
   cast('type!{urn:com:appian:types}scdo_documentacion',{
     iddocumentacion:local!doc.iddocumentacion,
      contrato:local!doc.contrato,
      nomdocumento:local!doc.nomdocumento,
      iddocumento:local!doc.iddocumento,
      tipo:local!doc.tipo,
      fechacarga:local!doc.fechacarga,
      usuariocargo:local!doc.usuariocargo,
      cc:local!doc.cc,
      estado:"A",
      usuarioacepto:"",
      fechaacepto:datetext(now(),"yyyy-MM-dd H:m:s"),
      observacion:local!doc.observacion,
      br:local!doc.br,
      opendate:local!doc.opendate,
      cost:local!doc.cost,
      trad:local!doc.trad,
      castdsc:local!doc.castdsc,
      profile:local!doc.profile,
      max:local!doc.max,
      canal:local!doc.canal,
      cliente:local!doc.cliente,
      br2:local!doc.br2,
      buc:local!doc.buc,
      pb:local!doc.pb,
      folio:local!doc.folio,
      conveniencia:local!doc.conveniencia,
      sucursal:local!doc.sucursal,
      trader:local!doc.trader,
      amib:local!doc.amib
    })
  )
)</definition>
        <namedTypedValue>
            <name>documentacion</name>
            <type>
                <name>V_CDO_Docontrato</name>
                <namespace>urn:com:appian:types</namespace>
            </type>
        </namedTypedValue>
        <preferredEditor>legacy</preferredEditor>
        <offlineEnabled>false</offlineEnabled>
    </rule>
    <roleMap public="true">
        <role inherit="true" allowForAll="false" name="readers">
            <users/>
            <groups/>
        </role>
        <role inherit="true" allowForAll="false" name="authors">
            <users/>
            <groups/>
        </role>
        <role inherit="true" allowForAll="false" name="administrators">
            <users/>
            <groups/>
        </role>
        <role inherit="false" allowForAll="false" name="denyReaders">
            <users/>
            <groups/>
        </role>
        <role inherit="false" allowForAll="false" name="denyAuthors">
            <users/>
            <groups/>
        </role>
        <role inherit="false" allowForAll="false" name="denyAdministrators">
            <users/>
            <groups/>
        </role>
    </roleMap>
    <history>
        <historyInfo versionUuid="_a-0000e982-d80b-8000-e63b-01ef9001ef90_4816059"/>
        <historyInfo versionUuid="_a-0000eb53-0a0e-8000-e689-01ef9001ef90_9386798"/>
    </history>
</contentHaul>
