<?xml version="1.0" encoding="UTF-8" standalone="yes"?>
<contentHaul xmlns:a="http://www.appian.com/ae/types/2009">
    <versionUuid>_a-0000eb53-0a0e-8000-e689-01ef9001ef90_9393144</versionUuid>
    <document>
        <name>SCDO_PLANTILLA_EXCEL_CENTRO_DE_COSTO</name>
        <uuid>_a-0000e8c4-62ba-8000-e603-01ef9001ef90_2682923</uuid>
        <description>Plantilla que contiene el formato del catalogo de Centro de Costo</description>
        <parentUuid>_a-0000e8c4-62ba-8000-e603-01ef9001ef90_2659396</parentUuid>
        <visibility>
            <advertise>false</advertise>
            <hierarchy>true</hierarchy>
            <indexable>true</indexable>
            <quota>false</quota>
            <searchable>true</searchable>
            <system>false</system>
            <unlogged>false</unlogged>
        </visibility>
    </document>
    <file>file.xlsx</file>
    <roleMap public="true">
        <role inherit="true" allowForAll="false" name="readers">
            <users/>
            <groups/>
        </role>
        <role inherit="true" allowForAll="false" name="authors">
            <users/>
            <groups/>
        </role>
        <role inherit="true" allowForAll="false" name="administrators">
            <users/>
            <groups/>
        </role>
        <role inherit="false" allowForAll="false" name="denyReaders">
            <users/>
            <groups/>
        </role>
        <role inherit="false" allowForAll="false" name="denyAuthors">
            <users/>
            <groups/>
        </role>
        <role inherit="false" allowForAll="false" name="denyAdministrators">
            <users/>
            <groups/>
        </role>
    </roleMap>
    <history>
        <historyInfo versionUuid="_a-0000e8c4-62ba-8000-e603-01ef9001ef90_2682942"/>
        <historyInfo versionUuid="_a-0000e968-30a1-8000-e639-01ef9001ef90_4303836"/>
        <historyInfo versionUuid="_a-0000eb53-0a0e-8000-e689-01ef9001ef90_9393144"/>
    </history>
</contentHaul>
