<?xml version="1.0" encoding="UTF-8" standalone="yes"?>
<contentHaul xmlns:a="http://www.appian.com/ae/types/2009">
    <versionUuid>_a-0000eb53-0a0e-8000-e689-01ef9001ef90_9393152</versionUuid>
    <constant>
        <name>SCDO_PLANTILLA_EXCEL_REPORTES_DE_OPERACIONES</name>
        <uuid>_a-0000e916-edcb-8000-e60c-01ef9001ef90_3166997</uuid>
        <description>Apunta a la plantilla SCDO_PLANTILLA_EXCEL_REPORTES_DE_OPERACIONES </description>
        <parentUuid>_a-0000e878-569a-8000-e5e4-01ef9001ef90_1932877</parentUuid>
        <visibility>
            <advertise>false</advertise>
            <hierarchy>true</hierarchy>
            <indexable>true</indexable>
            <quota>false</quota>
            <searchable>true</searchable>
            <system>false</system>
            <unlogged>false</unlogged>
        </visibility>
        <typedValue>
            <type>
                <name>CollaborationDocument</name>
                <namespace>http://www.appian.com/ae/types/2009</namespace>
            </type>
            <value>_a-0000e916-edcb-8000-e60c-01ef9001ef90_3166991</value>
        </typedValue>
        <isEnvironmentSpecific>false</isEnvironmentSpecific>
    </constant>
    <roleMap public="true">
        <role inherit="true" allowForAll="false" name="readers">
            <users/>
            <groups/>
        </role>
        <role inherit="true" allowForAll="false" name="authors">
            <users/>
            <groups/>
        </role>
        <role inherit="true" allowForAll="false" name="administrators">
            <users/>
            <groups/>
        </role>
        <role inherit="false" allowForAll="false" name="denyReaders">
            <users/>
            <groups/>
        </role>
        <role inherit="false" allowForAll="false" name="denyAuthors">
            <users/>
            <groups/>
        </role>
        <role inherit="false" allowForAll="false" name="denyAdministrators">
            <users/>
            <groups/>
        </role>
    </roleMap>
    <history>
        <historyInfo versionUuid="_a-0000e916-edcb-8000-e60c-01ef9001ef90_3167008"/>
        <historyInfo versionUuid="_a-0000e968-30a1-8000-e639-01ef9001ef90_4303840"/>
        <historyInfo versionUuid="_a-0000eb53-0a0e-8000-e689-01ef9001ef90_9393152"/>
    </history>
</contentHaul>
