<?xml version="1.0" encoding="UTF-8" standalone="yes"?>
<contentHaul xmlns:a="http://www.appian.com/ae/types/2009">
    <versionUuid>_a-0000eb53-0a0e-8000-e689-01ef9001ef90_9451491</versionUuid>
    <rule>
        <name>SCDO_obtenerDocumentacionesPorContrato</name>
        <uuid>_a-0000e982-d80b-8000-e63b-01ef9001ef90_4810050</uuid>
        <description>Regla de Expresión para obtener toda la documentación dado un contrato</description>
        <parentUuid>_a-0000e982-d80b-8000-e63b-01ef9001ef90_4815880</parentUuid>
        <visibility>
            <advertise>false</advertise>
            <hierarchy>true</hierarchy>
            <indexable>true</indexable>
            <quota>false</quota>
            <searchable>true</searchable>
            <system>false</system>
            <unlogged>false</unlogged>
        </visibility>
        <definition>a!localVariables(
  local!data: #"SYSTEM_SYSRULES_queryEntity_v2"(
    entity: #"_a-0000e90c-fc1c-8000-e607-01ef9001ef90_3028276",
    query: #"SYSTEM_SYSRULES_query"(
      logicalExpression: #"SYSTEM_SYSRULES_queryLogicalExpression"(
        operator: "AND",
        filters: {
          #"SYSTEM_SYSRULES_queryFilter"(
            field: "contrato",
            operator: "=",
            value: ri!contrato
          ),
          #"SYSTEM_SYSRULES_queryFilter"(
            field: "iddocumentacion",
            operator: "=",
            value: ri!iddocumentacion
          )
        },
        ignoreFiltersWithEmptyValues: true
      ),
      pagingInfo: #"SYSTEM_SYSRULES_pagingInfo"(
        startIndex: 1,
        batchSize: 20
      )
    ),
    fetchTotalCount: false
  ).data,
  local!data
)</definition>
        <namedTypedValue>
            <name>contrato</name>
            <type>
                <name>string</name>
                <namespace>http://www.w3.org/2001/XMLSchema</namespace>
            </type>
            <value/>
        </namedTypedValue>
        <namedTypedValue>
            <name>iddocumentacion</name>
            <type>
                <name>int</name>
                <namespace>http://www.w3.org/2001/XMLSchema</namespace>
            </type>
        </namedTypedValue>
        <preferredEditor>legacy</preferredEditor>
        <offlineEnabled>false</offlineEnabled>
    </rule>
    <roleMap public="true">
        <role inherit="true" allowForAll="false" name="readers">
            <users/>
            <groups/>
        </role>
        <role inherit="true" allowForAll="false" name="authors">
            <users/>
            <groups/>
        </role>
        <role inherit="true" allowForAll="false" name="administrators">
            <users/>
            <groups/>
        </role>
        <role inherit="false" allowForAll="false" name="denyReaders">
            <users/>
            <groups/>
        </role>
        <role inherit="false" allowForAll="false" name="denyAuthors">
            <users/>
            <groups/>
        </role>
        <role inherit="false" allowForAll="false" name="denyAdministrators">
            <users/>
            <groups/>
        </role>
    </roleMap>
    <history>
        <historyInfo versionUuid="_a-0000ea2e-319c-8000-e644-01ef9001ef90_6818014"/>
        <historyInfo versionUuid="_a-0000eb53-0a0e-8000-e689-01ef9001ef90_9386313"/>
        <historyInfo versionUuid="_a-0000eb53-0a0e-8000-e689-01ef9001ef90_9451491"/>
    </history>
</contentHaul>
