<?xml version="1.0" encoding="UTF-8" standalone="yes"?>
<contentHaul xmlns:a="http://www.appian.com/ae/types/2009">
    <versionUuid>_a-0000eb53-0a0e-8000-e689-01ef9001ef90_9388886</versionUuid>
    <interface>
        <name>SCDO_ImportarReportes</name>
        <uuid>_a-0000e867-3fd5-8000-e5e3-01ef9001ef90_1923065</uuid>
        <description>Permite la importacion masiva de reportes a partir de un archivo TXT</description>
        <parentUuid>_a-0000e801-560f-8000-e5d9-01ef9001ef90_1707049</parentUuid>
        <visibility>
            <advertise>false</advertise>
            <hierarchy>true</hierarchy>
            <indexable>true</indexable>
            <quota>false</quota>
            <searchable>true</searchable>
            <system>false</system>
            <unlogged>false</unlogged>
        </visibility>
        <definition>a!localVariables(

#"SYSTEM_SYSRULES_columnsLayout"(
  columns: {
    #"SYSTEM_SYSRULES_columnLayout"(
      contents: {}
    ),
    #"SYSTEM_SYSRULES_columnLayout"(
      contents: {}
    ),
    #"SYSTEM_SYSRULES_columnLayout"(
      contents: {
        #"SYSTEM_SYSRULES_richTextDisplayField"(
          labelPosition: "COLLAPSED",
          value: {
            #"SYSTEM_SYSRULES_richTextItem_v1"(
              text: {
                "Carga de Operaciones"
              },
              color: "#ff0000",
              size: "MEDIUM_PLUS",
              style: {
                "STRONG"
              }
            )
          },
          align: "CENTER"
        ),
        #"SYSTEM_SYSRULES_boxLayout"(
          label: "Carga masiva de Reportes",
          contents: {
            #"SYSTEM_SYSRULES_columnsLayout"(
              columns: {
                #"SYSTEM_SYSRULES_columnLayout"(
                  contents: {
                    #"SYSTEM_SYSRULES_fileUploadField_v1"(
                      label: "Archivo a subir:",
                      target: #"_a-0000e867-3fd5-8000-e5e3-01ef9001ef90_1899606",
                      fileNames: concat("CargaMasivaReportes",text(now(), "yyyy-MM-dd hh:mm:ss")/*,".",fv!file.extension*/),
                      maxSelections: 1,
                      value: ri!documentosSubidosList_doc,
                      saveInto: ri!documentosSubidosList_doc,
                      showWhen: true,
                      required: if(and(a!isNotNullOrEmpty(ri!botonAccion_txt), ri!botonAccion_txt = #"_a-0000e867-3fd5-8000-e5e3-01ef9001ef90_1923072"[1]), true, false),
                      requiredMessage: "Debe subir un archivo.",
                      validations: {
                        a!localVariables(
                          local!invalidExtensions: difference(upper(fv!files.extension), "TXT"),
                          if(
                            length(local!invalidExtensions) &gt; 0,                                   
                            "EL archivo debe ser de tipo TXT.",                                   
                            ""
                          )
                        )
                      },
                      validationGroup: "Archivo_no_valido"
                    )
                  },
                  width: "MEDIUM_PLUS"
                ),
                #"SYSTEM_SYSRULES_columnLayout"(
                  contents: {
                    #"SYSTEM_SYSRULES_ButtonArrayLayout"(
                      buttons: {
                        #"SYSTEM_SYSRULES_ButtonWidget"(
                         
                          validate:true,
                          label: "Procesar",                        
                          saveInto: {
                            a!save(
                              ri!botonAccion_txt,
                              #"_a-0000e867-3fd5-8000-e5e3-01ef9001ef90_1923072"[1]
                            )
                          },
                          loadingIndicator: true,
                          disabled: if(isnull(ri!documentosSubidosList_doc),true,false),
                          submit: true,
                          style: "DESTRUCTIVE",
                          validationGroup: "Archivo_no_valido"
                        )
                      },
                      align: "CENTER"
                    ),
                    #"SYSTEM_SYSRULES_ButtonArrayLayout"(
                      buttons: {
                        #"SYSTEM_SYSRULES_ButtonWidget"(
                          label: "Cancelar",
                          saveInto: {
                            a!save(
                              ri!botonAccion_txt,
                              #"_a-0000e867-3fd5-8000-e5e3-01ef9001ef90_1923072"[2]
                            )
                          },
                          submit: true,
                          style: "DESTRUCTIVE",
                          /*validationGroup: "Archivo_no_valido"*/
                        )
                      },
                      align: "CENTER"
                    )
                  }
                )
              }
            )
          },
          style: #"_a-0000e867-3fd5-8000-e5e3-01ef9001ef90_1882453",
          marginBelow: "STANDARD"
        ) 
      },
      width: "WIDE_PLUS"
    ),
    #"SYSTEM_SYSRULES_columnLayout"(
      contents: {}
    )
  }
)
)</definition>
        <namedTypedValue>
            <name>botonAccion_txt</name>
            <type>
                <name>string</name>
                <namespace>http://www.w3.org/2001/XMLSchema</namespace>
            </type>
            <value/>
        </namedTypedValue>
        <namedTypedValue>
            <name>documentosSubidosList_doc</name>
            <type>
                <name>CollaborationDocument</name>
                <namespace>http://www.appian.com/ae/types/2009</namespace>
            </type>
        </namedTypedValue>
        <preferredEditor>interface</preferredEditor>
        <offlineEnabled>false</offlineEnabled>
        <isCustom>false</isCustom>
    </interface>
    <roleMap public="true">
        <role inherit="true" allowForAll="false" name="readers">
            <users/>
            <groups/>
        </role>
        <role inherit="true" allowForAll="false" name="authors">
            <users/>
            <groups/>
        </role>
        <role inherit="true" allowForAll="false" name="administrators">
            <users/>
            <groups/>
        </role>
        <role inherit="false" allowForAll="false" name="denyReaders">
            <users/>
            <groups/>
        </role>
        <role inherit="false" allowForAll="false" name="denyAuthors">
            <users/>
            <groups/>
        </role>
        <role inherit="false" allowForAll="false" name="denyAdministrators">
            <users/>
            <groups/>
        </role>
    </roleMap>
    <history>
        <historyInfo versionUuid="_a-0000e867-3fd5-8000-e5e3-01ef9001ef90_1923083"/>
        <historyInfo versionUuid="_a-0000e9f5-96e6-8000-e641-01ef9001ef90_6272863"/>
        <historyInfo versionUuid="_a-0000eaa5-8248-8000-e681-01ef9001ef90_8193833"/>
        <historyInfo versionUuid="_a-0000eabf-35e2-8000-e683-01ef9001ef90_8440240"/>
        <historyInfo versionUuid="_a-0000eae4-5659-8000-e685-01ef9001ef90_8693444"/>
        <historyInfo versionUuid="_a-0000eb53-0a0e-8000-e689-01ef9001ef90_9388886"/>
    </history>
</contentHaul>
