<?xml version="1.0" encoding="UTF-8" standalone="yes"?>
<contentHaul xmlns:a="http://www.appian.com/ae/types/2009">
    <versionUuid>_a-0000eb53-0a0e-8000-e689-01ef9001ef90_9385760</versionUuid>
    <rule>
        <name>SCDO_getDoctosSegmentoByFilters</name>
        <uuid>_a-0000e94c-78eb-8000-e637-01ef9001ef90_4046270</uuid>
        <description>Regla que consulta la informacion del cdt cdo_doctos_segmento</description>
        <parentUuid>_a-0000e9a3-ab27-8000-e63d-01ef9001ef90_4836252</parentUuid>
        <visibility>
            <advertise>false</advertise>
            <hierarchy>true</hierarchy>
            <indexable>true</indexable>
            <quota>false</quota>
            <searchable>true</searchable>
            <system>false</system>
            <unlogged>false</unlogged>
        </visibility>
        <definition>#"_a-0000e8b9-0989-8000-e5fd-01ef9001ef90_2420859"(
  dataStoreEntity_dt: #"_a-0000e94c-78eb-8000-e637-01ef9001ef90_4046282",
  queryFilter_any: {
    #"SYSTEM_SYSRULES_queryFilter"(
      field: "iddoctosseg",
      operator: "=",
      value: ri!iddoctosseg
    ),
    #"SYSTEM_SYSRULES_queryFilter"(
      field: "idsegmento",
      operator: "=",
      value: ri!idsegmento
    ),
    #"SYSTEM_SYSRULES_queryFilter"(
      field: "iddocumento",
      operator: "=",
      value: ri!iddocumento
    ),
    #"SYSTEM_SYSRULES_queryFilter"(
      field: "extra",
      operator: "=",
      value: ri!extra
    ),

    #"SYSTEM_SYSRULES_queryFilter"(
      field: "seleccionColumnas",
      operator: "=",
      value: ri!seleccionColumnas
    )
  },
  selectionColumn_txt: ri!seleccionColumnas,
  pagingInfo_pi: ri!paginInfo,
  ignoreFiltersWithEmptyValues_bool: true,
  fetchTotalCount_bool: true
)</definition>
        <namedTypedValue>
            <name>seleccionColumnas</name>
            <type>
                <name>string</name>
                <namespace>http://www.w3.org/2001/XMLSchema</namespace>
            </type>
            <value/>
        </namedTypedValue>
        <namedTypedValue>
            <name>paginInfo</name>
            <type>
                <name>PagingInfo</name>
                <namespace>http://www.appian.com/ae/types/2009</namespace>
            </type>
        </namedTypedValue>
        <namedTypedValue>
            <name>iddoctosseg</name>
            <type>
                <name>int</name>
                <namespace>http://www.w3.org/2001/XMLSchema</namespace>
            </type>
        </namedTypedValue>
        <namedTypedValue>
            <name>idsegmento</name>
            <type>
                <name>int</name>
                <namespace>http://www.w3.org/2001/XMLSchema</namespace>
            </type>
        </namedTypedValue>
        <namedTypedValue>
            <name>iddocumento</name>
            <type>
                <name>int</name>
                <namespace>http://www.w3.org/2001/XMLSchema</namespace>
            </type>
        </namedTypedValue>
        <namedTypedValue>
            <name>extra</name>
            <type>
                <name>string</name>
                <namespace>http://www.w3.org/2001/XMLSchema</namespace>
            </type>
            <value/>
        </namedTypedValue>
        <preferredEditor>legacy</preferredEditor>
        <offlineEnabled>false</offlineEnabled>
    </rule>
    <roleMap public="true">
        <role inherit="true" allowForAll="false" name="readers">
            <users/>
            <groups/>
        </role>
        <role inherit="true" allowForAll="false" name="authors">
            <users/>
            <groups/>
        </role>
        <role inherit="true" allowForAll="false" name="administrators">
            <users/>
            <groups/>
        </role>
        <role inherit="false" allowForAll="false" name="denyReaders">
            <users/>
            <groups/>
        </role>
        <role inherit="false" allowForAll="false" name="denyAuthors">
            <users/>
            <groups/>
        </role>
        <role inherit="false" allowForAll="false" name="denyAdministrators">
            <users/>
            <groups/>
        </role>
    </roleMap>
    <history>
        <historyInfo versionUuid="_a-0000e9a7-6d42-8000-e63f-01ef9001ef90_4873900"/>
        <historyInfo versionUuid="_a-0000eb53-0a0e-8000-e689-01ef9001ef90_9385760"/>
    </history>
</contentHaul>
