<?xml version="1.0" encoding="UTF-8" standalone="yes"?>
<contentHaul xmlns:a="http://www.appian.com/ae/types/2009">
    <versionUuid>_a-0000eb53-0a0e-8000-e689-01ef9001ef90_9385752</versionUuid>
    <rule>
        <name>SCDO_esVacio</name>
        <uuid>_a-0000e867-3fd5-8000-e5e3-01ef9001ef90_1882382</uuid>
        <description>Retorna true si un valor es vacío o nulo, en caso contrario retorna false</description>
        <parentUuid>_a-0000e9a3-ab27-8000-e63d-01ef9001ef90_4829216</parentUuid>
        <visibility>
            <advertise>false</advertise>
            <hierarchy>true</hierarchy>
            <indexable>true</indexable>
            <quota>false</quota>
            <searchable>true</searchable>
            <system>false</system>
            <unlogged>false</unlogged>
        </visibility>
        <definition>if(
  or(
    fn!isnull(ri!valor_any),
    trim(ri!valor_any)=""
  ),
  true,
  length(ri!valor_any)=0
)</definition>
        <namedTypedValue>
            <name>valor_any</name>
            <type>
                <name>Variant</name>
                <namespace>http://www.appian.com/ae/types/2009</namespace>
            </type>
        </namedTypedValue>
        <preferredEditor>legacy</preferredEditor>
        <offlineEnabled>false</offlineEnabled>
    </rule>
    <roleMap public="true">
        <role inherit="true" allowForAll="false" name="readers">
            <users/>
            <groups/>
        </role>
        <role inherit="true" allowForAll="false" name="authors">
            <users/>
            <groups/>
        </role>
        <role inherit="true" allowForAll="false" name="administrators">
            <users/>
            <groups/>
        </role>
        <role inherit="false" allowForAll="false" name="denyReaders">
            <users/>
            <groups/>
        </role>
        <role inherit="false" allowForAll="false" name="denyAuthors">
            <users/>
            <groups/>
        </role>
        <role inherit="false" allowForAll="false" name="denyAdministrators">
            <users/>
            <groups/>
        </role>
    </roleMap>
    <history>
        <historyInfo versionUuid="_a-0000e867-3fd5-8000-e5e3-01ef9001ef90_1882387"/>
        <historyInfo versionUuid="_a-0000e9a7-6d42-8000-e63f-01ef9001ef90_4874163"/>
        <historyInfo versionUuid="_a-0000eb53-0a0e-8000-e689-01ef9001ef90_9385752"/>
    </history>
</contentHaul>
