<?xml version="1.0" encoding="UTF-8" standalone="yes"?>
<contentHaul xmlns:a="http://www.appian.com/ae/types/2009">
    <versionUuid>_a-0000eb53-0a0e-8000-e689-01ef9001ef90_9391212</versionUuid>
    <interface>
        <name>SCDO_Boton_Exportar_Excel_Usuarios_Opics</name>
        <uuid>_a-0000e8c4-62ba-8000-e603-01ef9001ef90_2659616</uuid>
        <description>Muestra la funcionalidad para exportar el catálogo excel de los Usuarios Opics</description>
        <parentUuid>_a-0000e801-560f-8000-e5d9-01ef9001ef90_1707049</parentUuid>
        <visibility>
            <advertise>false</advertise>
            <hierarchy>true</hierarchy>
            <indexable>true</indexable>
            <quota>false</quota>
            <searchable>true</searchable>
            <system>false</system>
            <unlogged>false</unlogged>
        </visibility>
        <definition>{
  if(
    isnull(ri!documento_doc),
    #"SYSTEM_SYSRULES_richTextDisplayField"(
      value: #"SYSTEM_SYSRULES_richTextItem_v1"(
        text: {
          #"SYSTEM_SYSRULES_richTextIcon"(icon: "file-excel-o", size: "MEDIUM"),
          " USUARIOS OPICS"
        },
        link: #"SYSTEM_SYSRULES_dynamicLink"(
          saveInto: #"SYSTEM_SYSRULES_startProcess"(
            processModel: {
              #"_a-0000e8c4-62ba-8000-e603-01ef9001ef90_2652549"
            },
            onSuccess: {
              a!save(
                ri!documento_doc,
                fv!processInfo.pv.documentoExcel
              )
            },
            
            onError: "No se puede generar el EXCEL"
          )
        ),
        linkStyle: "STANDALONE",
        style: "STRONG",
        color: "#cc0000"
      ),
      showWhen: ri!showWhen_bool
    ),
    #"SYSTEM_SYSRULES_richTextDisplayField"(
      value: #"SYSTEM_SYSRULES_richTextItem_v1"(
        text: {
          #"SYSTEM_SYSRULES_richTextIcon"(icon: "download", size: "MEDIUM"),
          " DESCARGAR USUARIOS OPICS"
        },
        link: #"SYSTEM_SYSRULES_documentDownloadLink"(document: ri!documento_doc),
        linkStyle: "STANDALONE",
        style: "STRONG",
        color: "#cc0000"
      ),
      showWhen: ri!showWhen_bool
    )
  )
}</definition>
        <namedTypedValue>
            <name>documento_doc</name>
            <type>
                <name>CollaborationDocument</name>
                <namespace>http://www.appian.com/ae/types/2009</namespace>
            </type>
        </namedTypedValue>
        <namedTypedValue>
            <name>showWhen_bool</name>
            <type>
                <name>boolean</name>
                <namespace>http://www.w3.org/2001/XMLSchema</namespace>
            </type>
        </namedTypedValue>
        <preferredEditor>interface</preferredEditor>
        <offlineEnabled>false</offlineEnabled>
        <isCustom>false</isCustom>
    </interface>
    <roleMap public="true">
        <role inherit="true" allowForAll="false" name="readers">
            <users/>
            <groups/>
        </role>
        <role inherit="true" allowForAll="false" name="authors">
            <users/>
            <groups/>
        </role>
        <role inherit="true" allowForAll="false" name="administrators">
            <users/>
            <groups/>
        </role>
        <role inherit="false" allowForAll="false" name="denyReaders">
            <users/>
            <groups/>
        </role>
        <role inherit="false" allowForAll="false" name="denyAuthors">
            <users/>
            <groups/>
        </role>
        <role inherit="false" allowForAll="false" name="denyAdministrators">
            <users/>
            <groups/>
        </role>
    </roleMap>
    <history>
        <historyInfo versionUuid="_a-0000e916-edcb-8000-e60c-01ef9001ef90_3227144"/>
        <historyInfo versionUuid="_a-0000ea3c-477e-8000-e648-01ef9001ef90_7146385"/>
        <historyInfo versionUuid="_a-0000eb53-0a0e-8000-e689-01ef9001ef90_9391212"/>
    </history>
</contentHaul>
