<?xml version="1.0" encoding="UTF-8" standalone="yes"?>
<contentHaul xmlns:a="http://www.appian.com/ae/types/2009">
    <versionUuid>_a-0000eb53-0a0e-8000-e689-01ef9001ef90_9392418</versionUuid>
    <constant>
        <name>SCDO_SEGMENTOS</name>
        <uuid>_a-0000e9a7-6d42-8000-e63f-01ef9001ef90_5340446</uuid>
        <description>Constante que contiene un listado de todos los nombres de lossegmentos que se tienen en la base de datos</description>
        <parentUuid>_a-0000e982-d80b-8000-e63b-01ef9001ef90_4780406</parentUuid>
        <visibility>
            <advertise>false</advertise>
            <hierarchy>true</hierarchy>
            <indexable>true</indexable>
            <quota>false</quota>
            <searchable>true</searchable>
            <system>false</system>
            <unlogged>false</unlogged>
        </visibility>
        <typedValue>
            <type>
                <name>Text?list</name>
                <namespace>http://www.appian.com/ae/types/2009</namespace>
            </type>
            <value>
                <el>HD/SDRAL</el>
                <el>BEI</el>
                <el>SELECT</el>
                <el>PATRIMONIAL</el>
                <el>CONTACT_AIR_SELECT</el>
                <el>CONTACT_BEI</el>
                <el>CONTACT ALTAIR</el>
                <el>SGC</el>
                <el>AREA CENTAL</el>
                <el>ASEGURADORA</el>
                <el>ALTAIR PARTICULARES</el>
                <el>CONNECT</el>
                <el>FIDUCIARIO</el>
            </value>
        </typedValue>
        <isEnvironmentSpecific>false</isEnvironmentSpecific>
    </constant>
    <roleMap public="true">
        <role inherit="true" allowForAll="false" name="readers">
            <users/>
            <groups/>
        </role>
        <role inherit="true" allowForAll="false" name="authors">
            <users/>
            <groups/>
        </role>
        <role inherit="true" allowForAll="false" name="administrators">
            <users/>
            <groups/>
        </role>
        <role inherit="false" allowForAll="false" name="denyReaders">
            <users/>
            <groups/>
        </role>
        <role inherit="false" allowForAll="false" name="denyAuthors">
            <users/>
            <groups/>
        </role>
        <role inherit="false" allowForAll="false" name="denyAdministrators">
            <users/>
            <groups/>
        </role>
    </roleMap>
    <history>
        <historyInfo versionUuid="_a-0000e9a7-6d42-8000-e63f-01ef9001ef90_5340450"/>
        <historyInfo versionUuid="_a-0000eb53-0a0e-8000-e689-01ef9001ef90_9392418"/>
    </history>
</contentHaul>
