<?xml version="1.0" encoding="UTF-8" standalone="yes"?>
<contentHaul xmlns:a="http://www.appian.com/ae/types/2009">
    <versionUuid>_a-0000eb53-0a0e-8000-e689-01ef9001ef90_9451342</versionUuid>
    <rule>
        <name>SCDO_obtenerUsuarioSupervisorPorExpediente</name>
        <uuid>_a-0000e982-d80b-8000-e63b-01ef9001ef90_4738636</uuid>
        <description>Regla de expresion que devuelve la informacion del usuario supervisor dado un expediente</description>
        <parentUuid>_a-0000e9a3-ab27-8000-e63d-01ef9001ef90_4830328</parentUuid>
        <visibility>
            <advertise>false</advertise>
            <hierarchy>true</hierarchy>
            <indexable>true</indexable>
            <quota>false</quota>
            <searchable>true</searchable>
            <system>false</system>
            <unlogged>false</unlogged>
        </visibility>
        <definition>a!localVariables(
  
  local!expediente: #"SYSTEM_SYSRULES_queryEntity_v2"(
    entity: #"_a-0000e878-569a-8000-e5e4-01ef9001ef90_2114096",
    query: #"SYSTEM_SYSRULES_query"(
      logicalExpression: #"SYSTEM_SYSRULES_queryLogicalExpression"(
        operator: "AND",
        filters: {
          #"SYSTEM_SYSRULES_queryFilter"(
            field: "idexpediente",
            operator: "=",
            value: ri!idexpediente
          ),
          #"SYSTEM_SYSRULES_queryFilter"(
            field: "expediente",
            operator: "=",
            value: ri!expediente
          )
        },
        ignoreFiltersWithEmptyValues: true
      ),
      pagingInfo: #"SYSTEM_SYSRULES_pagingInfo"(
        startIndex: 1,
        batchSize: 50
      )
    ),
    fetchTotalCount: false
  ).data,
  
  local!permiso: if(
    a!isNotNullOrEmpty(local!expediente),
    #"SYSTEM_SYSRULES_queryEntity_v2"(
      entity: #"_a-0000e878-569a-8000-e5e4-01ef9001ef90_2113419",
      query: #"SYSTEM_SYSRULES_query"(
        logicalExpression: #"SYSTEM_SYSRULES_queryLogicalExpression"(
          operator: "AND",
          filters: {
            #"SYSTEM_SYSRULES_queryFilter"(
              field: "idexpediente",
              operator: "=",
              value: local!expediente[1].idexpediente
            )
          },
          ignoreFiltersWithEmptyValues: true
        ),
        pagingInfo: #"SYSTEM_SYSRULES_pagingInfo"(
          startIndex: 1,
          batchSize: 50
        )
      ),
      fetchTotalCount: false
    ).data,
    null()
  ),
  
  local!usuarioopics: if(
    a!isNotNullOrEmpty(local!permiso),
    #"SYSTEM_SYSRULES_queryEntity_v2"(
      entity: #"_a-0000e878-569a-8000-e5e4-01ef9001ef90_2114138",
      query: #"SYSTEM_SYSRULES_query"(
        logicalExpression: #"SYSTEM_SYSRULES_queryLogicalExpression"(
          operator: "AND",
          filters: {
            #"SYSTEM_SYSRULES_queryFilter"(
              field: "idusuarioopics",
              operator: "=",
              value: local!permiso[1].idusuarioopics
            )
          },
          ignoreFiltersWithEmptyValues: true
        ),
        pagingInfo: #"SYSTEM_SYSRULES_pagingInfo"(
          startIndex: 1,
          batchSize: 50
        )
      ),
      fetchTotalCount: false
    ).data,
    null()
  ),
  
  local!supervisor: if(
    a!isNotNullOrEmpty(local!usuarioopics),
    #"SYSTEM_SYSRULES_queryEntity_v2"(
      entity: #"_a-0000e982-d80b-8000-e63b-01ef9001ef90_4621838",
      query: #"SYSTEM_SYSRULES_query"(
        logicalExpression: #"SYSTEM_SYSRULES_queryLogicalExpression"(
          operator: "AND",
          filters: {
            #"SYSTEM_SYSRULES_queryFilter"(
              field: "usuario",
              operator: "=",
              value: local!usuarioopics[1].usuarioopics
            )
          },
          ignoreFiltersWithEmptyValues: true
        ),
        pagingInfo: #"SYSTEM_SYSRULES_pagingInfo"(
          startIndex: 1,
          batchSize: 50
        )
      ),
      fetchTotalCount: false
    ).data,
    null()
  ),
  
  local!supervisor
)</definition>
        <namedTypedValue>
            <name>expediente</name>
            <type>
                <name>string</name>
                <namespace>http://www.w3.org/2001/XMLSchema</namespace>
            </type>
            <value/>
        </namedTypedValue>
        <namedTypedValue>
            <name>idexpediente</name>
            <type>
                <name>int</name>
                <namespace>http://www.w3.org/2001/XMLSchema</namespace>
            </type>
        </namedTypedValue>
        <preferredEditor>legacy</preferredEditor>
        <offlineEnabled>false</offlineEnabled>
    </rule>
    <roleMap public="true">
        <role inherit="true" allowForAll="false" name="readers">
            <users/>
            <groups/>
        </role>
        <role inherit="true" allowForAll="false" name="authors">
            <users/>
            <groups/>
        </role>
        <role inherit="true" allowForAll="false" name="administrators">
            <users/>
            <groups/>
        </role>
        <role inherit="false" allowForAll="false" name="denyReaders">
            <users/>
            <groups/>
        </role>
        <role inherit="false" allowForAll="false" name="denyAuthors">
            <users/>
            <groups/>
        </role>
        <role inherit="false" allowForAll="false" name="denyAdministrators">
            <users/>
            <groups/>
        </role>
    </roleMap>
    <history>
        <historyInfo versionUuid="_a-0000e9a3-ab27-8000-e63d-01ef9001ef90_4831017"/>
        <historyInfo versionUuid="_a-0000eb53-0a0e-8000-e689-01ef9001ef90_9386720"/>
        <historyInfo versionUuid="_a-0000eb53-0a0e-8000-e689-01ef9001ef90_9451342"/>
    </history>
</contentHaul>
