<?xml version="1.0" encoding="UTF-8" standalone="yes"?>
<contentHaul xmlns:a="http://www.appian.com/ae/types/2009">
    <versionUuid>_a-0000eb53-0a0e-8000-e689-01ef9001ef90_9386884</versionUuid>
    <rule>
        <name>SCDO_getReportesNoDocumentalByFilters</name>
        <uuid>_a-0000e9a7-6d42-8000-e63f-01ef9001ef90_5193763</uuid>
        <description>Regla de expresión para filtrar los reportes de la vista No Documental</description>
        <parentUuid>_a-0000e9a7-6d42-8000-e63f-01ef9001ef90_5193750</parentUuid>
        <visibility>
            <advertise>false</advertise>
            <hierarchy>true</hierarchy>
            <indexable>true</indexable>
            <quota>false</quota>
            <searchable>true</searchable>
            <system>false</system>
            <unlogged>false</unlogged>
        </visibility>
        <definition>#"_a-0000e8b9-0989-8000-e5fd-01ef9001ef90_2420859"(
  dataStoreEntity_dt: #"_a-0000e8c4-62ba-8000-e603-01ef9001ef90_2511091",
  queryFilter_any: {
    #"SYSTEM_SYSRULES_queryFilter"(
      field: "idreporte",
      operator: "=",
      value: ri!idreporte,
      applyWhen: isnull(ri!idreporte) &lt;&gt; true
    ),
    #"SYSTEM_SYSRULES_queryFilter"(
      field: "mercado",
      operator: "=",
      value: ri!mercado,
      applyWhen: isnull(ri!mercado) &lt;&gt; true
    ),
    #"SYSTEM_SYSRULES_queryFilter"(
      field: "operacion",
      operator: "=",
      value: ri!operacion,
      applyWhen: isnull(ri!operacion) &lt;&gt; true
    ),
    #"SYSTEM_SYSRULES_queryFilter"(
      field: "contrato",
      operator: "=",
      value: ri!contrato,
      applyWhen: isnull(ri!contrato) &lt;&gt; true
    ),
    #"SYSTEM_SYSRULES_queryFilter"(
      field: "nombre",
      operator: "=",
      value: ri!nombre,
      applyWhen: isnull(ri!nombre) &lt;&gt; true
    ),
    #"SYSTEM_SYSRULES_queryFilter"(
      field: "monto2",
      operator: "=",
      value: ri!monto2,
      applyWhen: isnull(ri!monto2) &lt;&gt; true
    ),
    #"SYSTEM_SYSRULES_queryFilter"(
      field: "promotor",
      operator: "=",
      value: ri!promotor,
      applyWhen: isnull(ri!promotor) &lt;&gt; true
    ),
    #"SYSTEM_SYSRULES_queryFilter"(
      field: "usuario",
      operator: "=",
      value: ri!usuario,
      applyWhen: isnull(ri!usuario) &lt;&gt; true
    ),
    #"SYSTEM_SYSRULES_queryFilter"(
      field: "fechacaptura",
      operator: "=",
      value: ri!fechacaptura,
      applyWhen: isnull(ri!fechacaptura) &lt;&gt; true
    ),
    #"SYSTEM_SYSRULES_queryFilter"(
      field: "riesgo",
      operator: "=",
      value: ri!riesgo,
      applyWhen: isnull(ri!riesgo) &lt;&gt; true
    ),
    #"SYSTEM_SYSRULES_queryFilter"(
      field: "segmento",
      operator: "=",
      value: ri!segmento,
      applyWhen: isnull(ri!segmento) &lt;&gt; true
    ),
    #"SYSTEM_SYSRULES_queryFilter"(
      field: "emisora",
      operator: "=",
      value: ri!emisora,
      applyWhen: isnull(ri!emisora) &lt;&gt; true
    ),
    #"SYSTEM_SYSRULES_queryFilter"(
      field: "region",
      operator: "=",
      value: ri!region,
      applyWhen: isnull(ri!region) &lt;&gt; true
    ),
    #"SYSTEM_SYSRULES_queryFilter"(
      field: "cc",
      operator: "=",
      value: ri!cc,
      applyWhen: isnull(ri!cc) &lt;&gt; true
    ),
    #"SYSTEM_SYSRULES_queryFilter"(
      field: "rechazo",
      operator: "=",
      value: ri!rechazo,
      applyWhen: isnull(ri!rechazo) &lt;&gt; true
    ),
    #"SYSTEM_SYSRULES_queryFilter"(
      field: "tel",
      operator: "=",
      value: ri!tel,
      applyWhen: isnull(ri!tel) &lt;&gt; true
    ),
    #"SYSTEM_SYSRULES_queryFilter"(
      field: "observaciones",
      operator: "=",
      value: ri!observaciones,
      applyWhen: isnull(ri!observaciones) &lt;&gt; true
    ),
    #"SYSTEM_SYSRULES_queryFilter"(
      field: "obligatorio",
      operator: "=",
      value: ri!obligatorio,
      applyWhen: isnull(ri!obligatorio) &lt;&gt; true
    ),
    #"SYSTEM_SYSRULES_queryFilter"(
      field: "extra4",
      operator: "=",
      value: ri!extra4,
      applyWhen: isnull(ri!extra4) &lt;&gt; true
    ),
    #"SYSTEM_SYSRULES_queryFilter"(
      field: "titulo",
      operator: "=",
      value: ri!titulo,
      applyWhen: isnull(ri!titulo) &lt;&gt; true
    ),
    #"SYSTEM_SYSRULES_queryFilter"(
      field: "nombreusuario",
      operator: "=",
      value: ri!nombreusuario,
      applyWhen: isnull(ri!nombreusuario) &lt;&gt; true
    ),
  },
  pagingInfo_pi: if(
    not(isnull(ri!paginInfo)),
    ri!paginInfo,
    #"SYSTEM_SYSRULES_pagingInfo"(
      startIndex: 1,
      batchSize: 50,
      sort: #"SYSTEM_SYSRULES_sortInfo"(field: "idreporte", ascending: true())
    )
  ),

  selectionColumn_txt: ri!seleccionColumnas,   
  /*pagingInfo_pi: ri!paginInfo,*/
  ignoreFiltersWithEmptyValues_bool:true,
  fetchTotalCount_bool: true
)</definition>
        <namedTypedValue>
            <name>idreporte</name>
            <type>
                <name>int</name>
                <namespace>http://www.w3.org/2001/XMLSchema</namespace>
            </type>
        </namedTypedValue>
        <namedTypedValue>
            <name>mercado</name>
            <type>
                <name>string</name>
                <namespace>http://www.w3.org/2001/XMLSchema</namespace>
            </type>
            <value/>
        </namedTypedValue>
        <namedTypedValue>
            <name>operacion</name>
            <type>
                <name>string</name>
                <namespace>http://www.w3.org/2001/XMLSchema</namespace>
            </type>
            <value/>
        </namedTypedValue>
        <namedTypedValue>
            <name>contrato</name>
            <type>
                <name>string</name>
                <namespace>http://www.w3.org/2001/XMLSchema</namespace>
            </type>
            <value/>
        </namedTypedValue>
        <namedTypedValue>
            <name>nombre</name>
            <type>
                <name>string</name>
                <namespace>http://www.w3.org/2001/XMLSchema</namespace>
            </type>
            <value/>
        </namedTypedValue>
        <namedTypedValue>
            <name>monto2</name>
            <type>
                <name>double</name>
                <namespace>http://www.w3.org/2001/XMLSchema</namespace>
            </type>
        </namedTypedValue>
        <namedTypedValue>
            <name>promotor</name>
            <type>
                <name>string</name>
                <namespace>http://www.w3.org/2001/XMLSchema</namespace>
            </type>
            <value/>
        </namedTypedValue>
        <namedTypedValue>
            <name>usuario</name>
            <type>
                <name>string</name>
                <namespace>http://www.w3.org/2001/XMLSchema</namespace>
            </type>
            <value/>
        </namedTypedValue>
        <namedTypedValue>
            <name>fechacaptura</name>
            <type>
                <name>string</name>
                <namespace>http://www.w3.org/2001/XMLSchema</namespace>
            </type>
            <value/>
        </namedTypedValue>
        <namedTypedValue>
            <name>riesgo</name>
            <type>
                <name>int</name>
                <namespace>http://www.w3.org/2001/XMLSchema</namespace>
            </type>
        </namedTypedValue>
        <namedTypedValue>
            <name>segmento</name>
            <type>
                <name>string</name>
                <namespace>http://www.w3.org/2001/XMLSchema</namespace>
            </type>
            <value/>
        </namedTypedValue>
        <namedTypedValue>
            <name>emisora</name>
            <type>
                <name>string</name>
                <namespace>http://www.w3.org/2001/XMLSchema</namespace>
            </type>
            <value/>
        </namedTypedValue>
        <namedTypedValue>
            <name>region</name>
            <type>
                <name>string</name>
                <namespace>http://www.w3.org/2001/XMLSchema</namespace>
            </type>
            <value/>
        </namedTypedValue>
        <namedTypedValue>
            <name>cc</name>
            <type>
                <name>string</name>
                <namespace>http://www.w3.org/2001/XMLSchema</namespace>
            </type>
            <value/>
        </namedTypedValue>
        <namedTypedValue>
            <name>rechazo</name>
            <type>
                <name>string</name>
                <namespace>http://www.w3.org/2001/XMLSchema</namespace>
            </type>
            <value/>
        </namedTypedValue>
        <namedTypedValue>
            <name>tel</name>
            <type>
                <name>string</name>
                <namespace>http://www.w3.org/2001/XMLSchema</namespace>
            </type>
            <value/>
        </namedTypedValue>
        <namedTypedValue>
            <name>observaciones</name>
            <type>
                <name>string</name>
                <namespace>http://www.w3.org/2001/XMLSchema</namespace>
            </type>
            <value/>
        </namedTypedValue>
        <namedTypedValue>
            <name>obligatorio</name>
            <type>
                <name>string</name>
                <namespace>http://www.w3.org/2001/XMLSchema</namespace>
            </type>
            <value/>
        </namedTypedValue>
        <namedTypedValue>
            <name>extra4</name>
            <type>
                <name>string</name>
                <namespace>http://www.w3.org/2001/XMLSchema</namespace>
            </type>
            <value/>
        </namedTypedValue>
        <namedTypedValue>
            <name>titulo</name>
            <type>
                <name>string</name>
                <namespace>http://www.w3.org/2001/XMLSchema</namespace>
            </type>
            <value/>
        </namedTypedValue>
        <namedTypedValue>
            <name>nombreusuario</name>
            <type>
                <name>string</name>
                <namespace>http://www.w3.org/2001/XMLSchema</namespace>
            </type>
            <value/>
        </namedTypedValue>
        <namedTypedValue>
            <name>paginInfo</name>
            <type>
                <name>PagingInfo</name>
                <namespace>http://www.appian.com/ae/types/2009</namespace>
            </type>
        </namedTypedValue>
        <namedTypedValue>
            <name>seleccionColumnas</name>
            <type>
                <name>string</name>
                <namespace>http://www.w3.org/2001/XMLSchema</namespace>
            </type>
            <value/>
        </namedTypedValue>
        <preferredEditor>legacy</preferredEditor>
        <offlineEnabled>false</offlineEnabled>
    </rule>
    <roleMap public="true">
        <role inherit="true" allowForAll="false" name="readers">
            <users/>
            <groups/>
        </role>
        <role inherit="true" allowForAll="false" name="authors">
            <users/>
            <groups/>
        </role>
        <role inherit="true" allowForAll="false" name="administrators">
            <users/>
            <groups/>
        </role>
        <role inherit="false" allowForAll="false" name="denyReaders">
            <users/>
            <groups/>
        </role>
        <role inherit="false" allowForAll="false" name="denyAuthors">
            <users/>
            <groups/>
        </role>
        <role inherit="false" allowForAll="false" name="denyAdministrators">
            <users/>
            <groups/>
        </role>
    </roleMap>
    <history>
        <historyInfo versionUuid="_a-0000e9a7-6d42-8000-e63f-01ef9001ef90_5234889"/>
        <historyInfo versionUuid="_a-0000eb53-0a0e-8000-e689-01ef9001ef90_9386884"/>
    </history>
</contentHaul>
