<?xml version="1.0" encoding="UTF-8" standalone="yes"?>
<contentHaul xmlns:a="http://www.appian.com/ae/types/2009">
    <versionUuid>_a-0000eb53-0a0e-8000-e689-01ef9001ef90_9385862</versionUuid>
    <rule>
        <name>SCDO_obtenerReportesPorListaReportesSinID</name>
        <uuid>_a-0000e9f5-96e6-8000-e641-01ef9001ef90_6271846</uuid>
        <description>Regla de expresión que devuelve los reportes dada una lista de reportes que no tienen id</description>
        <parentUuid>_a-0000e9a3-ab27-8000-e63d-01ef9001ef90_4829156</parentUuid>
        <visibility>
            <advertise>false</advertise>
            <hierarchy>true</hierarchy>
            <indexable>true</indexable>
            <quota>false</quota>
            <searchable>true</searchable>
            <system>false</system>
            <unlogged>false</unlogged>
        </visibility>
        <definition>a!localVariables(
  
  local!reportes: reject(
    fn!isnull,
    a!flatten(
      #"SYSTEM_SYSRULES_forEach"(
        items: ri!reportes,
        expression: {
            #"_a-0000e8d8-9b98-8000-e605-01ef9001ef90_2933354"(
              /*mercado: fv!item.mercado,*/
              operacion: fv!item.operacion,
              contrato: fv!item.contrato,
              /*nombre: fv!item.nombre,*/
              /*emisora: fv!item.emisora,*/
              /*monto: fv!item.monto,*/
              /*promotor: fv!item.promotor,*/
              /*ccostos: fv!item.ccostos,*/
              /*usuario: fv!item.usuario,*/
              fechacaptura: fv!item.fechacaptura,
              /*horacaptura: fv!item.horacaptura,*/
              /*bitacora: fv!item.bitacora,*/
              /*riesgo: fv!item.riesgo,*/
              /*extra1: fv!item.extra1,*/
              /*extra4: fv!item.extra4,*/
              /*obligatorio: fv!item.obligatorio,*/
              /*titulo: fv!item.titulo*/
            )
        }
      )
    )
  ),
  union(local!reportes,local!reportes)
)</definition>
        <namedTypedValue>
            <name>reportes</name>
            <type>
                <name>cdo_reportes?list</name>
                <namespace>urn:com:appian:types</namespace>
            </type>
        </namedTypedValue>
        <preferredEditor>legacy</preferredEditor>
        <offlineEnabled>false</offlineEnabled>
    </rule>
    <roleMap public="true">
        <role inherit="true" allowForAll="false" name="readers">
            <users/>
            <groups/>
        </role>
        <role inherit="true" allowForAll="false" name="authors">
            <users/>
            <groups/>
        </role>
        <role inherit="true" allowForAll="false" name="administrators">
            <users/>
            <groups/>
        </role>
        <role inherit="false" allowForAll="false" name="denyReaders">
            <users/>
            <groups/>
        </role>
        <role inherit="false" allowForAll="false" name="denyAuthors">
            <users/>
            <groups/>
        </role>
        <role inherit="false" allowForAll="false" name="denyAdministrators">
            <users/>
            <groups/>
        </role>
    </roleMap>
    <history>
        <historyInfo versionUuid="_a-0000ea3c-477e-8000-e648-01ef9001ef90_6922084"/>
        <historyInfo versionUuid="_a-0000eaa5-8248-8000-e681-01ef9001ef90_8334465"/>
        <historyInfo versionUuid="_a-0000eae4-5659-8000-e685-01ef9001ef90_8664867"/>
        <historyInfo versionUuid="_a-0000eb53-0a0e-8000-e689-01ef9001ef90_9385862"/>
    </history>
</contentHaul>
