<?xml version="1.0" encoding="UTF-8" standalone="yes"?>
<contentHaul xmlns:a="http://www.appian.com/ae/types/2009">
    <versionUuid>_a-0000eb53-0a0e-8000-e689-01ef9001ef90_9388952</versionUuid>
    <interface>
        <name>SCDO_Carga_Perfiles</name>
        <uuid>_a-0000e867-3fd5-8000-e5e3-01ef9001ef90_1846376</uuid>
        <description>Interface de Carga de Perfiles correspondiente a el panel de control</description>
        <parentUuid>_a-0000e801-560f-8000-e5d9-01ef9001ef90_1707049</parentUuid>
        <visibility>
            <advertise>false</advertise>
            <hierarchy>true</hierarchy>
            <indexable>true</indexable>
            <quota>false</quota>
            <searchable>true</searchable>
            <system>false</system>
            <unlogged>false</unlogged>
        </visibility>
        <definition>#"SYSTEM_SYSRULES_columnsLayout"(
  columns: {
    #"SYSTEM_SYSRULES_columnLayout"(
      
    ),
    #"SYSTEM_SYSRULES_columnLayout"(
      contents: {
        #"SYSTEM_SYSRULES_richTextDisplayField"(
          labelPosition: "COLLAPSED",
          value: {
            #"SYSTEM_SYSRULES_richTextItem_v1"(
              text: {
                "Carga de Perfiles"
              },
              color: "#ff0000",
              size: "MEDIUM_PLUS",
              style: {
                "STRONG"
              }
            )
          },
          align: "CENTER"
        ),
        #"SYSTEM_SYSRULES_boxLayout"(
          label: "Carga masiva de Perfiles",
          contents: {
            #"SYSTEM_SYSRULES_columnsLayout"(
              columns: {
                #"SYSTEM_SYSRULES_columnLayout"(
                  contents: {
                    #"SYSTEM_SYSRULES_fileUploadField_v1"(
                      target: /*cons!SCDO_CARPETA_DOCUMENTOS_PERFILES*/#"_a-0000e867-3fd5-8000-e5e3-01ef9001ef90_1899606",
                      fileNames: concat("CargaMasivaPerfiles", text(now(), "yyyy-MM-dd hh:mm:ss")/*,".",fv!file.extension*/),
                      maxSelections: 1,
                      value: ri!documentosSubidosList_do,
                      saveInto: ri!documentosSubidosList_do,
                      showWhen: true,
                      required: true,
                      requiredMessage: "Debe subir un archivo.",
                      validations: {
                        a!localVariables(
                          local!invalidExtensions: difference(upper(fv!files.extension), "TXT"),
                          if(
                            length(local!invalidExtensions) &gt; 0,                                   
                            "EL archivo debe ser de tipo TXT.",                                   
                            ""
                          )
                        )
                      },
                      validationGroup: "Archivo_no_valido"
                    )
                  },
                  width: "AUTO"
                ),
                #"SYSTEM_SYSRULES_columnLayout"(
                  contents: {
                    #"SYSTEM_SYSRULES_ButtonArrayLayout"(
                      buttons: {
                        #"SYSTEM_SYSRULES_ButtonWidget"(
                          label: "Procesar",
                          saveInto: {
                            a!save(
                              ri!botonAccion_txt,
                              #"_a-0000e982-d80b-8000-e63b-01ef9001ef90_4807563"[1]
                            )
                          },
                          submit: true,
                          style: "DESTRUCTIVE",
                          validationGroup: "Archivo_no_valido"
                        )
                      },
                      align: "CENTER"
                    ),
                    #"SYSTEM_SYSRULES_ButtonArrayLayout"(
                      buttons: {
                        #"SYSTEM_SYSRULES_ButtonWidget"(
                          label: "Cancelar",
                          saveInto: {
                            a!save(
                              ri!botonAccion_txt,
                              #"_a-0000e982-d80b-8000-e63b-01ef9001ef90_4807563"[2]
                            )
                          },
                          submit: true,
                          style: "DESTRUCTIVE"
                        )
                      },
                      align: "CENTER"
                    )
                  }
                )
              }
            )
          },
          style: #"_a-0000e867-3fd5-8000-e5e3-01ef9001ef90_1882453",
          marginBelow: "STANDARD"
        )
      },
      width: "WIDE"
    ),
    #"SYSTEM_SYSRULES_columnLayout"(
      
    )
  }
)</definition>
        <namedTypedValue>
            <name>documentosSubidosList_do</name>
            <type>
                <name>CollaborationDocument</name>
                <namespace>http://www.appian.com/ae/types/2009</namespace>
            </type>
        </namedTypedValue>
        <namedTypedValue>
            <name>botonAccion_txt</name>
            <type>
                <name>string</name>
                <namespace>http://www.w3.org/2001/XMLSchema</namespace>
            </type>
            <value/>
        </namedTypedValue>
        <preferredEditor>interface</preferredEditor>
        <offlineEnabled>false</offlineEnabled>
        <isCustom>false</isCustom>
    </interface>
    <roleMap public="true">
        <role inherit="true" allowForAll="false" name="readers">
            <users/>
            <groups/>
        </role>
        <role inherit="true" allowForAll="false" name="authors">
            <users/>
            <groups/>
        </role>
        <role inherit="true" allowForAll="false" name="administrators">
            <users/>
            <groups/>
        </role>
        <role inherit="false" allowForAll="false" name="denyReaders">
            <users/>
            <groups/>
        </role>
        <role inherit="false" allowForAll="false" name="denyAuthors">
            <users/>
            <groups/>
        </role>
        <role inherit="false" allowForAll="false" name="denyAdministrators">
            <users/>
            <groups/>
        </role>
    </roleMap>
    <history>
        <historyInfo versionUuid="_a-0000e867-3fd5-8000-e5e3-01ef9001ef90_1846486"/>
        <historyInfo versionUuid="_a-0000e9f5-96e6-8000-e641-01ef9001ef90_6016311"/>
        <historyInfo versionUuid="_a-0000eabf-35e2-8000-e683-01ef9001ef90_8440299"/>
        <historyInfo versionUuid="_a-0000eae4-5659-8000-e685-01ef9001ef90_8693488"/>
        <historyInfo versionUuid="_a-0000eb53-0a0e-8000-e689-01ef9001ef90_9388952"/>
    </history>
</contentHaul>
