<?xml version="1.0" encoding="UTF-8" standalone="yes"?>
<contentHaul xmlns:a="http://www.appian.com/ae/types/2009">
    <versionUuid>_a-0000eb53-0a0e-8000-e689-01ef9001ef90_9393405</versionUuid>
    <constant>
        <name>SCDO_CDT_Catalogo_Documentos</name>
        <uuid>_a-0000e8d8-9b98-8000-e605-01ef9001ef90_2694251</uuid>
        <description>Apunta al CDT Catálogo Documentos</description>
        <parentUuid>_a-0000e878-569a-8000-e5e4-01ef9001ef90_1932877</parentUuid>
        <visibility>
            <advertise>false</advertise>
            <hierarchy>true</hierarchy>
            <indexable>true</indexable>
            <quota>false</quota>
            <searchable>true</searchable>
            <system>false</system>
            <unlogged>false</unlogged>
        </visibility>
        <typedValue>
            <type>
                <name>DataStoreEntity</name>
                <namespace>http://www.appian.com/ae/types/2009</namespace>
            </type>
            <value a:id="bf036269-cbf2-40bc-b4f2-baed9850845e@_a-0000e867-3fd5-8000-e5e3-01ef9001ef90_1836197"/>
        </typedValue>
        <isEnvironmentSpecific>false</isEnvironmentSpecific>
    </constant>
    <roleMap public="true">
        <role inherit="true" allowForAll="false" name="readers">
            <users/>
            <groups/>
        </role>
        <role inherit="true" allowForAll="false" name="authors">
            <users/>
            <groups/>
        </role>
        <role inherit="true" allowForAll="false" name="administrators">
            <users/>
            <groups/>
        </role>
        <role inherit="false" allowForAll="false" name="denyReaders">
            <users/>
            <groups/>
        </role>
        <role inherit="false" allowForAll="false" name="denyAuthors">
            <users/>
            <groups/>
        </role>
        <role inherit="false" allowForAll="false" name="denyAdministrators">
            <users/>
            <groups/>
        </role>
    </roleMap>
    <history>
        <historyInfo versionUuid="_a-0000e8d8-9b98-8000-e605-01ef9001ef90_2694255"/>
        <historyInfo versionUuid="_a-0000e9f5-96e6-8000-e641-01ef9001ef90_6230385"/>
        <historyInfo versionUuid="_a-0000eb53-0a0e-8000-e689-01ef9001ef90_9393405"/>
    </history>
</contentHaul>
