<?xml version="1.0" encoding="UTF-8" standalone="yes"?>
<contentHaul xmlns:a="http://www.appian.com/ae/types/2009">
    <versionUuid>_a-0000eb53-0a0e-8000-e689-01ef9001ef90_9387494</versionUuid>
    <interface>
        <name>SCDO_interfaz_operacion_exitosa</name>
        <uuid>_a-0000ea97-682f-8000-e67f-01ef9001ef90_8176280</uuid>
        <description>Interfaz para que el usuario sepa que la operación terminó con éxito</description>
        <parentUuid>_a-0000e801-560f-8000-e5d9-01ef9001ef90_1707049</parentUuid>
        <visibility>
            <advertise>false</advertise>
            <hierarchy>true</hierarchy>
            <indexable>true</indexable>
            <quota>false</quota>
            <searchable>true</searchable>
            <system>false</system>
            <unlogged>false</unlogged>
        </visibility>
        <definition>a!localVariables(
 
  
  {
    #"SYSTEM_SYSRULES_columnsLayout"(
      columns: {
        #"SYSTEM_SYSRULES_columnLayout"(

        ),
        #"SYSTEM_SYSRULES_columnLayout"(
          contents: {
            #"SYSTEM_SYSRULES_cardLayout"(
              contents: {
                #"SYSTEM_SYSRULES_richTextDisplayField"(
                  label: "",
                  labelPosition: "COLLAPSED",
                  value: {
                    #"SYSTEM_SYSRULES_richTextItem_v1"(
                      text: {
                        #"SYSTEM_SYSRULES_richTextIcon"(
                          icon: "check"
                        ),
                        " "
                      },
                      color: "#00ff00",
                      size: "LARGE"
                    ),
                    #"SYSTEM_SYSRULES_richTextItem_v1"(
                      text: {
                        "Operación Exitosa"
                      },
                      color: "#00ff00",
                      size: "LARGE"
                    )
                  },
                  align: "CENTER"
                ),
                #"SYSTEM_SYSRULES_ButtonArrayLayout"(
                  buttons: {
                    #"SYSTEM_SYSRULES_ButtonWidget"(
                      label: "Aceptar",
                      value: false,
                      submit: true,
                      style: "PRIMARY"
                    )
                  },
                  align: "CENTER"
                )
              },
              height: "AUTO",
              style: "SUCCESS",
              shape: "ROUNDED",
              padding: "LESS"
            )
          }
        ),
        #"SYSTEM_SYSRULES_columnLayout"(
          contents: {}
        )
      
      }
    )
  }
  
)</definition>
        <preferredEditor>interface</preferredEditor>
        <offlineEnabled>false</offlineEnabled>
        <isCustom>false</isCustom>
    </interface>
    <roleMap public="true">
        <role inherit="true" allowForAll="false" name="readers">
            <users/>
            <groups/>
        </role>
        <role inherit="true" allowForAll="false" name="authors">
            <users/>
            <groups/>
        </role>
        <role inherit="true" allowForAll="false" name="administrators">
            <users/>
            <groups/>
        </role>
        <role inherit="false" allowForAll="false" name="denyReaders">
            <users/>
            <groups/>
        </role>
        <role inherit="false" allowForAll="false" name="denyAuthors">
            <users/>
            <groups/>
        </role>
        <role inherit="false" allowForAll="false" name="denyAdministrators">
            <users/>
            <groups/>
        </role>
    </roleMap>
    <history>
        <historyInfo versionUuid="_a-0000eaa5-8248-8000-e681-01ef9001ef90_8242164"/>
        <historyInfo versionUuid="_a-0000eb53-0a0e-8000-e689-01ef9001ef90_9387494"/>
    </history>
</contentHaul>
