<?xml version="1.0" encoding="UTF-8" standalone="yes"?>
<contentHaul xmlns:a="http://www.appian.com/ae/types/2009">
    <versionUuid>_a-0000eb53-0a0e-8000-e689-01ef9001ef90_9389362</versionUuid>
    <interface>
        <name>SCDO_PaginadorVertica</name>
        <uuid>_a-0000e867-3fd5-8000-e5e3-01ef9001ef90_1884076</uuid>
        <description>Funcionalidad para pintar los botones para paginar una interfaz de forma vertical.</description>
        <parentUuid>_a-0000e801-560f-8000-e5d9-01ef9001ef90_1707049</parentUuid>
        <visibility>
            <advertise>false</advertise>
            <hierarchy>true</hierarchy>
            <indexable>true</indexable>
            <quota>false</quota>
            <searchable>true</searchable>
            <system>false</system>
            <unlogged>false</unlogged>
        </visibility>
        <definition>#"SYSTEM_SYSRULES_forEach"(
  ri!opciones_any,
  {
    #"SYSTEM_SYSRULES_cardLayout"(
      contents: {
        #"SYSTEM_SYSRULES_sideBySideLayout"(
          items: {
            #"SYSTEM_SYSRULES_sideBySideItem"(
              item: #"SYSTEM_SYSRULES_richTextDisplayField"(
                labelPosition: "COLLAPSED",
                value: #"SYSTEM_SYSRULES_richTextIcon"(
                  icon: fv!item.icono,
                  color: if(
                    fv!index = ri!indiceSeleccionado_int,
                    #"_a-0000e867-3fd5-8000-e5e3-01ef9001ef90_1882453",
                    "SECONDARY"
                  ),
                  size: "MEDIUM_PLUS"
                ),
                align: "CENTER"
              ),
              width: "2X"
            ),
            #"SYSTEM_SYSRULES_sideBySideItem"(
              item: #"SYSTEM_SYSRULES_richTextDisplayField"(
                labelPosition: "COLLAPSED",
                value: #"SYSTEM_SYSRULES_richTextItem_v1"(
                  text: fv!item.titulo,
                  color: if(
                    fv!index = ri!indiceSeleccionado_int,
                    #"_a-0000e867-3fd5-8000-e5e3-01ef9001ef90_1882453",
                    "SECONDARY"
                  ),
                  size: "STANDARD",
                  style: if(
                    fv!index = ri!indiceSeleccionado_int,
                    "STRONG",
                    "PLAIN"
                  )
                )
              ),
              width: "8X"
            )
          },
          alignVertical: "MIDDLE"
        )
      },
      link: #"SYSTEM_SYSRULES_dynamicLink"(
        saveInto: {
          a!save(
            ri!opcionSeleccionada_any,
            fv!item
          ),
          a!save(
            ri!indiceSeleccionado_int,
            fv!index
          )
        }
      ),
      height: "AUTO",
      style: if(
        fv!index = ri!indiceSeleccionado_int,
        "#efefef",
        "#fafafa"
      ),
      marginBelow: "NONE",
      showBorder: false,
      showWhen: if(
        #"_a-0000e867-3fd5-8000-e5e3-01ef9001ef90_1882382"(fv!item.perfiles),
        true,
        #"urn:appian:function:v1:a:isusermemberofgroup?okey=a!isUserMemberOfGroup"(
          loggedInUser(),
          fv!item.perfiles
        )
      )
    ),
    #"SYSTEM_SYSRULES_cardLayout"(
      showBorder: false(),
      showWhen: if(
        #"_a-0000e867-3fd5-8000-e5e3-01ef9001ef90_1882382"(fv!item.perfiles),
        true,
        #"urn:appian:function:v1:a:isusermemberofgroup?okey=a!isUserMemberOfGroup"(
          loggedInUser(),
          fv!item.perfiles
        )
      )
    )
  }
)</definition>
        <namedTypedValue>
            <name>opcionSeleccionada_any</name>
            <type>
                <name>Variant</name>
                <namespace>http://www.appian.com/ae/types/2009</namespace>
            </type>
        </namedTypedValue>
        <namedTypedValue>
            <name>opciones_any</name>
            <type>
                <name>Variant</name>
                <namespace>http://www.appian.com/ae/types/2009</namespace>
            </type>
        </namedTypedValue>
        <namedTypedValue>
            <name>indiceSeleccionado_int</name>
            <type>
                <name>int</name>
                <namespace>http://www.w3.org/2001/XMLSchema</namespace>
            </type>
        </namedTypedValue>
        <preferredEditor>interface</preferredEditor>
        <offlineEnabled>false</offlineEnabled>
        <isCustom>false</isCustom>
    </interface>
    <roleMap public="true">
        <role inherit="true" allowForAll="false" name="readers">
            <users/>
            <groups/>
        </role>
        <role inherit="true" allowForAll="false" name="authors">
            <users/>
            <groups/>
        </role>
        <role inherit="true" allowForAll="false" name="administrators">
            <users/>
            <groups/>
        </role>
        <role inherit="false" allowForAll="false" name="denyReaders">
            <users/>
            <groups/>
        </role>
        <role inherit="false" allowForAll="false" name="denyAuthors">
            <users/>
            <groups/>
        </role>
        <role inherit="false" allowForAll="false" name="denyAdministrators">
            <users/>
            <groups/>
        </role>
    </roleMap>
    <typedValue>
        <type>
            <name>RuleTestConfig?list</name>
            <namespace>http://www.appian.com/ae/types/2009</namespace>
        </type>
        <value>
            <el>
                <a:name/>
                <a:ruleInputTestConfigs>
                    <a:value xmlns:xsd="http://www.w3.org/2001/XMLSchema" xmlns:xsi="http://www.w3.org/2001/XMLSchema-instance" xsi:type="xsd:string"/>
                    <a:nameRef>opcionSeleccionada_any</a:nameRef>
                    <a:id>1</a:id>
                </a:ruleInputTestConfigs>
                <a:ruleInputTestConfigs>
                    <a:value xmlns:xsi="http://www.w3.org/2001/XMLSchema-instance" xsi:type="a:Expression">#"_a-0000e867-3fd5-8000-e5e3-01ef9001ef90_1881160"()</a:value>
                    <a:nameRef>opciones_any</a:nameRef>
                    <a:id>2</a:id>
                </a:ruleInputTestConfigs>
                <a:ruleInputTestConfigs>
                    <a:value xmlns:xsi="http://www.w3.org/2001/XMLSchema-instance" xsi:type="a:Expression">1</a:value>
                    <a:nameRef>indiceSeleccionado_int</a:nameRef>
                    <a:id>3</a:id>
                </a:ruleInputTestConfigs>
                <a:assertions xmlns:xsi="http://www.w3.org/2001/XMLSchema-instance" xsi:nil="true"/>
            </el>
        </value>
    </typedValue>
    <history>
        <historyInfo versionUuid="_a-0000e867-3fd5-8000-e5e3-01ef9001ef90_1886266"/>
        <historyInfo versionUuid="_a-0000e968-30a1-8000-e639-01ef9001ef90_4302664"/>
        <historyInfo versionUuid="_a-0000eb53-0a0e-8000-e689-01ef9001ef90_9389362"/>
    </history>
</contentHaul>
