<?xml version="1.0" encoding="UTF-8" standalone="yes"?>
<contentHaul xmlns:a="http://www.appian.com/ae/types/2009">
    <versionUuid>_a-0000eb53-0a0e-8000-e689-01ef9001ef90_9451572</versionUuid>
    <rule>
        <name>SCDO_obtenerCatalagosDocumentosByFilters</name>
        <uuid>_a-0000e982-d80b-8000-e63b-01ef9001ef90_4796242</uuid>
        <description>Regla de expresion que devuelve catalogos de documentos dado un filtro</description>
        <parentUuid>_a-0000e982-d80b-8000-e63b-01ef9001ef90_4816217</parentUuid>
        <visibility>
            <advertise>false</advertise>
            <hierarchy>true</hierarchy>
            <indexable>true</indexable>
            <quota>false</quota>
            <searchable>true</searchable>
            <system>false</system>
            <unlogged>false</unlogged>
        </visibility>
        <definition>a!localVariables(
 /* local!data:*/ #"SYSTEM_SYSRULES_queryEntity_v2"(
    entity: #"_a-0000e8d8-9b98-8000-e605-01ef9001ef90_2694251",
    query: #"SYSTEM_SYSRULES_query"(
      logicalExpression: #"SYSTEM_SYSRULES_queryLogicalExpression"(
        operator: "AND",
        filters: {
          #"SYSTEM_SYSRULES_queryFilter"(
            field: "iddocumento",
            operator: "=",
            value: ri!iddocumento
          ),
          #"SYSTEM_SYSRULES_queryFilter"(
            field: "documento",
            operator: "=",
            value: ri!documento
          ),
          #"SYSTEM_SYSRULES_queryFilter"(
            field: "documentaa",
            operator: "=",
            value: ri!documentaa
          ),
          #"SYSTEM_SYSRULES_queryFilter"(
            field: "descripcion",
            operator: "=",
            value: ri!descripcion
          ),
          #"SYSTEM_SYSRULES_queryFilter"(
            field: "idsegmento",
            operator: "=",
            value: ri!idsegmento
          ),
          #"SYSTEM_SYSRULES_queryFilter"(
            field: "orden",
            operator: "=",
            value: ri!orden
          ),
          #"SYSTEM_SYSRULES_queryFilter"(
            field: "adf",
            operator: "=",
            value: ri!adf
          )
        },
        
        ignoreFiltersWithEmptyValues: true,
      ),
      paginginfo: #"SYSTEM_SYSRULES_pagingInfo"(
        startIndex: 1,
        batchSize: -1
      )
    ),
    fetchTotalCount: false,
    
  ).data,
  /*local!data*/
)</definition>
        <namedTypedValue>
            <name>iddocumento</name>
            <type>
                <name>int</name>
                <namespace>http://www.w3.org/2001/XMLSchema</namespace>
            </type>
        </namedTypedValue>
        <namedTypedValue>
            <name>documento</name>
            <type>
                <name>string</name>
                <namespace>http://www.w3.org/2001/XMLSchema</namespace>
            </type>
            <value/>
        </namedTypedValue>
        <namedTypedValue>
            <name>documentaa</name>
            <type>
                <name>string</name>
                <namespace>http://www.w3.org/2001/XMLSchema</namespace>
            </type>
            <value/>
        </namedTypedValue>
        <namedTypedValue>
            <name>descripcion</name>
            <type>
                <name>string</name>
                <namespace>http://www.w3.org/2001/XMLSchema</namespace>
            </type>
            <value/>
        </namedTypedValue>
        <namedTypedValue>
            <name>idsegmento</name>
            <type>
                <name>int</name>
                <namespace>http://www.w3.org/2001/XMLSchema</namespace>
            </type>
        </namedTypedValue>
        <namedTypedValue>
            <name>orden</name>
            <type>
                <name>int</name>
                <namespace>http://www.w3.org/2001/XMLSchema</namespace>
            </type>
        </namedTypedValue>
        <namedTypedValue>
            <name>adf</name>
            <type>
                <name>string</name>
                <namespace>http://www.w3.org/2001/XMLSchema</namespace>
            </type>
            <value/>
        </namedTypedValue>
        <preferredEditor>legacy</preferredEditor>
        <offlineEnabled>false</offlineEnabled>
    </rule>
    <roleMap public="true">
        <role inherit="true" allowForAll="false" name="readers">
            <users/>
            <groups/>
        </role>
        <role inherit="true" allowForAll="false" name="authors">
            <users/>
            <groups/>
        </role>
        <role inherit="true" allowForAll="false" name="administrators">
            <users/>
            <groups/>
        </role>
        <role inherit="false" allowForAll="false" name="denyReaders">
            <users/>
            <groups/>
        </role>
        <role inherit="false" allowForAll="false" name="denyAuthors">
            <users/>
            <groups/>
        </role>
        <role inherit="false" allowForAll="false" name="denyAdministrators">
            <users/>
            <groups/>
        </role>
    </roleMap>
    <history>
        <historyInfo versionUuid="_a-0000e9f5-96e6-8000-e641-01ef9001ef90_6239107"/>
        <historyInfo versionUuid="_a-0000eb09-d442-8000-e687-01ef9001ef90_8808093"/>
        <historyInfo versionUuid="_a-0000eb53-0a0e-8000-e689-01ef9001ef90_9386052"/>
        <historyInfo versionUuid="_a-0000eb53-0a0e-8000-e689-01ef9001ef90_9451572"/>
    </history>
</contentHaul>
