<?xml version="1.0" encoding="UTF-8" standalone="yes"?>
<contentHaul xmlns:a="http://www.appian.com/ae/types/2009">
    <versionUuid>_a-0000eb53-0a0e-8000-e689-01ef9001ef90_9554595</versionUuid>
    <interface>
        <name>SCDO_GridUNoAsignados</name>
        <uuid>_a-0000e878-569a-8000-e5e4-01ef9001ef90_2226575</uuid>
        <description>Interfaz con la tabla para los usuarios no asignados para SCDO.</description>
        <parentUuid>_a-0000e801-560f-8000-e5d9-01ef9001ef90_1707049</parentUuid>
        <visibility>
            <advertise>false</advertise>
            <hierarchy>true</hierarchy>
            <indexable>true</indexable>
            <quota>false</quota>
            <searchable>true</searchable>
            <system>false</system>
            <unlogged>false</unlogged>
        </visibility>
        <definition>a!localVariables(
  /*------------*/
  local!showInformationBanner_actualizar: true,
  local!showInformationBanner_eliminar: true,
  /*correcto_actualizar*/
  local!flag_actualizar: now(),
  local!showWhen_actualizar: a!refreshVariable(
    value: now() &lt; local!flag_actualizar,
    refreshInterval: 0.5
  ),
  /*-----*/
  /*error_actualizasr*/
  local!flag_error_actualizar: now(),
  local!showWhen_error_actualizar: a!refreshVariable(
    value: now() &lt; local!flag_error_actualizar,
    /* especifique el intervalo después de cuántos minutos desea finalizar el examen */
    refreshInterval: 0.5
  ),
  /*------*/
  /*correcto_eliminar*/
  local!flag_eliminar: now(),
  local!showWhen_eliminar: a!refreshVariable(
    value: now() &lt; local!flag_eliminar,
    refreshInterval: 0.5
  ),
  /*-----*/
  /*error_elimianr*/
  local!flag_error_eliminar: now(),
  local!showWhen_error_eliminar: a!refreshVariable(
    value: now() &lt; local!flag_error_eliminar,
    /* especifique el intervalo después de cuántos minutos desea finalizar el examen */
    refreshInterval: 0.5
  ),
  /*------*/
  /*------------*/
  local!bUser,
  local!startIndex: 1,
  local!batchSize: 5,
  local!cdt_expediente: a!refreshVariable(
    value: #"_a-0000e878-569a-8000-e5e4-01ef9001ef90_2114113"(idexpediente: null).data,
    /*refreshAlways: true,*/
    refreshOnVarChange: ri!refreshCount,

  ),
  local!bUserT,
  local!usuarioSeleccionado,
  local!mostrarEliminar: false,
  local!usuariosNoAsignados: #"404a9f88-bd69-4083-a4f9-8c8b2a8fc4a6"(
    startIndex: local!startIndex,
    batchSize: local!batchSize,
    usuarioopics: local!bUser,
    refreshCount:ri!refreshCount
  ),
 
  
  /*a!refreshVariable(*/
    /*value: rule!SCDO_obtenerUsuariosNoAsignados(*/
      /*startIndex: local!startIndex,*/
      /*batchSize: local!batchSize,*/
      /*usuarioopics: local!bUser,*/
      /*refreshCount:ri!refreshCount*/
    /*),*/
    /*refreshAlways: true,*/
    /*refreshOnVarChange: {ri!refreshCount,local!bUser,local!bUserT},*/
    /*refreshOnReferencedVarChange: true,*/
/**/
  /*),*/
  local!permisosUsuarios: 
  /*a!refreshVariable(*/
    /*value:*/
  #"SYSTEM_SYSRULES_forEach"(
    items: local!usuariosNoAsignados,
    expression: 'type!{urn:com:appian:types}cdo_permisosusuarios'(idusuarioopics: fv!item.idusuarioopics, )
  ),
  /*refreshAlways: true,*/
  /*refreshOnVarChange: /*ri!refreshCountlocal!bUser,*/
  /*refreshOnReferencedVarChange: true,*/
/**/
  /*),*/
  local!colorEdit: "#0032E6",
  local!colorDV: "#EC0000",
  local!colorSave: "#1F8926",
  
  local!editGrid,
  {
    #"SYSTEM_SYSRULES_sectionLayout_v1"(
      label: "",
      contents: {
        #"SYSTEM_SYSRULES_richTextDisplayField"(
          labelPosition: "COLLAPSED",
          instructions: "",
          value: {
            "Muestra los usuarios opics que se encuentran en la base de datos pero no se les ha asignado ejecutivo para subir documentación. Si el Usuario opics no tiene asignado un ejecutivo, las operaciones no pueden ser revisadas. Es recomendable asignar este usuario a un ejecutivo"
          },
          align: "LEFT"
        )
      },
      divider: "BELOW"
    ),
    #"SYSTEM_SYSRULES_sectionLayout_v1"(
      label: "",
      contents: {
        #"SYSTEM_SYSRULES_columnsLayout"(
          columns: {
            #"SYSTEM_SYSRULES_columnLayout"(
              contents: {
                #"SYSTEM_SYSRULES_textField"(
                  label: "Buscar Usuario:",
                  refreshAfter: "KEYPRESS",
                  labelPosition: "ADJACENT",
                  value: local!bUserT,
                  saveInto: local!bUserT
                )
              },
              width: "MEDIUM"
            ),
            #"SYSTEM_SYSRULES_columnLayout"(
              contents: {
                #"SYSTEM_SYSRULES_ButtonArrayLayout"(
                  buttons: {
                    #"SYSTEM_SYSRULES_ButtonWidget"(
                      label: "BUSCAR",
                      size: "SMALL",
                      style: "PRIMARY",
                      icon: "search",
                      loadingIndicator: true,
                      value: local!bUserT,
                      saveInto: {
                        local!bUser,
                        a!save(local!startIndex,1),
                        a!save(ri!refreshCount, ri!refreshCount + 1)
                      },

                    )
                  },
                  align: "START"
                )
              }
            ),
            #"SYSTEM_SYSRULES_columnLayout"()
          }
        ),
        #"SYSTEM_SYSRULES_columnsLayout"(
          columns: {
            #"SYSTEM_SYSRULES_columnLayout"(),
            #"SYSTEM_SYSRULES_columnLayout"(),
            #"SYSTEM_SYSRULES_columnLayout"(
              contents: {
                #"SYSTEM_SYSRULES_cardLayout"(
                  contents: {
                    #"SYSTEM_SYSRULES_richTextDisplayField"(
                      value: {
                        #"SYSTEM_SYSRULES_richTextItem_v1"(
                          text: "¿Está seguro que desea eliminar al usuario: " &amp; local!usuarioSeleccionado.usuarioopics &amp; "?" &amp; char(10) &amp; "La acción es irrevocable",
                          color: "NEGATIVE",
                          style: "STRONG"
                        )
                      },
                      align: "CENTER"
                    ),
                    #"SYSTEM_SYSRULES_ButtonLayout"(
                      primaryButtons: {
                        #"SYSTEM_SYSRULES_ButtonWidget"(
                          label: "Sí, Eliminar",
                          size: "SMALL",
                          style: "DESTRUCTIVE",
                          icon: "trash",
                          loadingIndicator: true,
                          saveInto: {
                            #"SYSTEM_SYSRULES_startProcess"(
                              processModel: #"_a-0000e878-569a-8000-e5e4-01ef9001ef90_2244852",
                              processParameters: {
                                usuarioopics: local!usuarioSeleccionado,
                                delete: true
                              },
                              onSuccess: {
                                a!save(
                                  local!showInformationBanner_eliminar,
                                  true
                                ),
                                if(
                                  toboolean(fv!processInfo.pv.error) = false,
                                 { a!save(
                                    local!flag_eliminar,
                                    addseconds(now(), 10)
                                  ),
                                  a!save(local!bUser,null),
                                  a!save(local!bUserT,null),
                                  a!save(local!usuarioSeleccionado, null),

                                  a!save(local!editGrid, null),
                                  a!save(ri!refreshCount, ri!refreshCount + 1),
                                  a!save(
                                    local!usuariosNoAsignados,
                                    #"404a9f88-bd69-4083-a4f9-8c8b2a8fc4a6"(
                                      startIndex: local!startIndex,
                                      batchSize: local!batchSize,
                                      usuarioopics: local!bUser,
                                      refreshCount:ri!refreshCount
                                    ),
                                  )
                                 },
                                  a!save(
                                    local!flag_error_eliminar,
                                    addseconds(now(), 10)
                                  )
                                ),
                                a!save(local!mostrarEliminar, false),
                                /*a!save(local!bUser,null),*/
                                /*a!save(local!bUserT,null),*/
                                /*a!save(local!usuarioSeleccionado, null),*/
                                /*a!save(local!mostrarEliminar, false),*/
                                /*a!save(local!editGrid, null),*/
                                /*a!save(ri!refreshCount, ri!refreshCount + 1),*/

                              },

                            ),

                          }
                        )
                      },
                      secondaryButtons: {
                        #"SYSTEM_SYSRULES_ButtonWidget"(
                          label: "Cancelar",
                          size: "SMALL",
                          style: "SECONDARY",
                          icon: "times",
                          saveInto: {
                            a!save(local!mostrarEliminar, false),
                            a!save(
                              local!permisosUsuarios[local!editGrid].idexpediente,
                              null
                            ),
                            a!save(
                              local!permisosUsuarios[local!editGrid].tipoacceso,
                              null
                            ),
                            a!save(local!editGrid, null),
                            a!save(local!usuarioSeleccionado, null),

                          }
                        )
                      }
                    )
                  },
                  style: "WARN",
                  showBorder: false,

                )
              }
            )
          },
          showWhen: local!mostrarEliminar
        ),
        #"SYSTEM_SYSRULES_ButtonArrayLayout"(
          buttons: {
            #"SYSTEM_SYSRULES_ButtonWidget"(
              icon: "refresh",
              loadingIndicator: true,
              size: "SMALL",
              style: "SECONDARY",
              tooltip: "Actualizar tabla",
              saveInto: {
                a!save(ri!refreshCount, ri!refreshCount + 1),
                a!save(local!bUser,null),
                a!save(local!bUserT,null),
                a!save(
                  local!usuariosNoAsignados,
                  #"404a9f88-bd69-4083-a4f9-8c8b2a8fc4a6"(
                    startIndex: local!startIndex,
                    batchSize: local!batchSize,
                    usuarioopics: local!bUser,
                    refreshCount:ri!refreshCount
                  ),
                )
                
              }
            )
          },
          align: "START"
        ),
        #"SYSTEM_SYSRULES_columnsLayout"(
          columns: {
            /*CORRECTO ACTUALIZAR*/
            #"SYSTEM_SYSRULES_columnLayout"(
              contents: {
                #"_a-0000eb53-0a0e-8000-e689-01ef9001ef90_9394093"(
                  showInformationBanner: local!showInformationBanner_actualizar
                )
              },
              showWhen: and(
                local!showInformationBanner_actualizar,
                local!showWhen_actualizar
              )
            ),
            /*ERROR ACTUALIZAR*/
            #"SYSTEM_SYSRULES_columnLayout"(
              contents: {
                #"_a-0000eb53-0a0e-8000-e689-01ef9001ef90_9394317"(
                  showInformationBanner: local!showInformationBanner_actualizar
                )
              },
              showWhen: and(
                local!showInformationBanner_actualizar,
                local!showWhen_error_actualizar
              )
            ),
            /*CORRECTO ELIMINAR*/
            #"SYSTEM_SYSRULES_columnLayout"(
              contents: {
                #"_a-0000eb53-0a0e-8000-e689-01ef9001ef90_9394093"(
                  showInformationBanner: local!showInformationBanner_eliminar
                )
              },
              showWhen: and(
                local!showInformationBanner_eliminar,
                local!showWhen_eliminar
              )
            ),
            /*ERROR ELIMINAR*/
            #"SYSTEM_SYSRULES_columnLayout"(
              contents: {
                #"_a-0000eb53-0a0e-8000-e689-01ef9001ef90_9394317"(
                  showInformationBanner: local!showInformationBanner_eliminar
                )
              },
              showWhen: and(
                local!showInformationBanner_eliminar,
                local!showWhen_error_eliminar
              )
            ),

          }
        ),
        #"SYSTEM_SYSRULES_gridLayout"(
          label: "Tabla de Usuarios NO Asignados",
          labelPosition: "ABOVE",
          headerCells: {
            #"SYSTEM_SYSRULES_gridLayoutHeaderCell"(label: "No."),
            #"SYSTEM_SYSRULES_gridLayoutHeaderCell"(label: "Usuario", align: "CENTER"),
            #"SYSTEM_SYSRULES_gridLayoutHeaderCell"(label: "Segmento", align: "CENTER"),
            #"SYSTEM_SYSRULES_gridLayoutHeaderCell"(label: "Expediente", align: "CENTER"),
            #"SYSTEM_SYSRULES_gridLayoutHeaderCell"(label: "Acceso", align: "CENTER"),
            #"SYSTEM_SYSRULES_gridLayoutHeaderCell"(label: "Acciones", align: "CENTER")
          },
          columnConfigs: {
            #"SYSTEM_SYSRULES_gridLayoutColumnConfig"(width: "NARROW"),
            #"SYSTEM_SYSRULES_gridLayoutColumnConfig"(width: "DISTRIBUTE"),
            #"SYSTEM_SYSRULES_gridLayoutColumnConfig"(width: "DISTRIBUTE"),
            #"SYSTEM_SYSRULES_gridLayoutColumnConfig"(width: "DISTRIBUTE"),
            #"SYSTEM_SYSRULES_gridLayoutColumnConfig"(width: "DISTRIBUTE"),
            #"SYSTEM_SYSRULES_gridLayoutColumnConfig"(width: "ICON")
          },
          rows: #"SYSTEM_SYSRULES_forEach"(
            items: local!usuariosNoAsignados.data,
            expression: {
              #"SYSTEM_SYSRULES_gridRowLayout"(
                id: fv!item.idusuarioopics,
                contents: {
                  #"SYSTEM_SYSRULES_textField"(
                    value: fv!index,
                    readOnly: true,
                    align: "CENTER"
                  ),
                  #"SYSTEM_SYSRULES_textField"(
                    value: fv!item.usuarioopics,
                    readOnly: true,
                    align: "CENTER"
                  ),
                  #"SYSTEM_SYSRULES_textField"(
                    value:if(a!isNotNullOrEmpty(#"_a-0000e878-569a-8000-e5e4-01ef9001ef90_2233353"(idSegmento: fv!item.idsegmento).data),
                    #"_a-0000e878-569a-8000-e5e4-01ef9001ef90_2233353"(idSegmento: fv!item.idsegmento).data[1].segmento,"-") ,
                    readOnly: true,
                    align: "CENTER"
                  ),
                  #"SYSTEM_SYSRULES_dropdownField_v1"(
                    placeholder: "Seleccione el expediente",
                    choiceLabels: { index(local!cdt_expediente,"nombre",{}) },
                    choiceValues: { index(local!cdt_expediente,"idexpediente",{}) },
                    value: local!permisosUsuarios[fv!index].idexpediente,
                    saveInto: local!permisosUsuarios[fv!index].idexpediente,
                    disabled: if(
                      a!isNullOrEmpty(local!editGrid),
                      true,
                      or(
                        not(local!editGrid = fv!index),
                        local!mostrarEliminar
                      )
                    )
                  ),
                  #"SYSTEM_SYSRULES_dropdownField_v1"(
                    placeholder: "Seleccione el acceso",
                    choiceLabels: #"_a-0000e982-d80b-8000-e63b-01ef9001ef90_4612988",
                    choiceValues: #"_a-0000e982-d80b-8000-e63b-01ef9001ef90_4612988",
                    value: local!permisosUsuarios[fv!index].tipoacceso,
                    saveInto: local!permisosUsuarios[fv!index].tipoacceso,
                    disabled: if(
                      a!isNullOrEmpty(local!editGrid),
                      true,
                      or(
                        not(local!editGrid = fv!index),
                        local!mostrarEliminar
                      )
                    )
                  ),
                  #"SYSTEM_SYSRULES_richTextDisplayField"(
                    value: {
                      #"SYSTEM_SYSRULES_richTextIcon"(
                        icon: "pencil-square-o",
                        caption: "Editar",
                        link: #"SYSTEM_SYSRULES_dynamicLink"(
                          saveInto: { a!save(local!editGrid, fv!index) }
                        ),
                        linkStyle: "STANDALONE",
                        showWhen: and(
                          a!isNullOrEmpty(local!editGrid),
                          not(local!mostrarEliminar)
                        ),
                        color: local!colorEdit
                      ),
                      #"SYSTEM_SYSRULES_richTextIcon"(
                        icon: "pencil-square-o",
                        caption: "Descartar Cambios",
                        link: #"SYSTEM_SYSRULES_dynamicLink"(
                          saveInto: {
                            a!save(local!editGrid, null),
                            a!save(ri!refreshCount, ri!refreshCount + 1),
                            a!save(
                              local!permisosUsuarios[fv!index].idexpediente,
                              null
                            ),
                            a!save(
                              local!permisosUsuarios[fv!index].tipoacceso,
                              null
                            ),

                          }
                        ),
                        linkStyle: "STANDALONE",
                        showWhen: if(
                          a!isNotNullOrEmpty(local!editGrid),
                          and(
                            local!editGrid = fv!index,
                            not(local!mostrarEliminar)
                          ),
                          false
                        ),
                        color: "#222222"
                      ),
                      #"SYSTEM_SYSRULES_richTextIcon"(
                        icon: "file-invoice",
                        caption: "Actualizar",
                        link: #"SYSTEM_SYSRULES_dynamicLink"(
                          saveInto: {
                            #"SYSTEM_SYSRULES_startProcess"(
                              processModel: #"_a-0000e982-d80b-8000-e63b-01ef9001ef90_4742837",
                              processParameters: {
                                permisosusuario: local!permisosUsuarios[fv!index],
                                delete: false
                              },
                              onSuccess: {
                                a!save(
                                  local!showInformationBanner_actualizar,
                                  true
                                ),
                                if(
                                  toboolean(fv!processInfo.pv.error) = false,
                                 { a!save(
                                    local!flag_actualizar,
                                    addseconds(now(), 10)
                                  ),
                                 
                                 
                                  a!save(local!bUser,null),
                                  a!save(local!bUserT,null),
                                  a!save(local!editGrid, null),

                                  
                                 
                                  a!save(ri!refreshCount, ri!refreshCount + 1),
                                  a!save(
                                    local!usuariosNoAsignados,
                                    #"404a9f88-bd69-4083-a4f9-8c8b2a8fc4a6"(
                                      startIndex: local!startIndex,
                                      batchSize: local!batchSize,
                                      usuarioopics: local!bUser,
                                      refreshCount:ri!refreshCount
                                    ),
                                  )
                                 },
                                  a!save(
                                    local!flag_error_actualizar,
                                    addseconds(now(), 10)
                                  )
                                ),
                                
                              }
                            )
                          }
                        ),
                        linkStyle: "STANDALONE",
                        showWhen: if(
                          a!isNullOrEmpty(local!editGrid),
                          false,
                          and(
                            a!isNotNullOrEmpty(
                              local!permisosUsuarios[fv!index].idexpediente
                            ),
                            a!isNotNullOrEmpty(
                              local!permisosUsuarios[fv!index].idexpediente
                            ),
                            not(local!mostrarEliminar)
                          )
                        ),
                        color: local!colorSave
                      ),
                      #"SYSTEM_SYSRULES_richTextIcon"(
                        icon: "times",
                        caption: "Eliminar Usuario",
                        link: #"SYSTEM_SYSRULES_dynamicLink"(
                          value: true,
                          saveInto: {
                            local!mostrarEliminar,
                            a!save(local!editGrid, fv!index),
                            a!save(local!usuarioSeleccionado, fv!item)
                          }
                        ),
                        linkStyle: "STANDALONE",
                        color: local!colorDV,
                        showWhen: if(
                          a!isNullOrEmpty(local!editGrid),
                          true,
                          and(
                            local!editGrid = fv!index,
                            not(local!mostrarEliminar)
                          )
                        )
                      )
                    },
                    align: "CENTER"
                  )
                },

              ),

            }
          ),
          selectionSaveInto: {},
          validations: {},
          shadeAlternateRows: true
        ),
        #"SYSTEM_SYSRULES_richTextDisplayField"(
          labelPosition: "COLLAPSED",
          value: {
            #"SYSTEM_SYSRULES_richTextIcon"(
              icon: "angle-double-left",
              link: #"SYSTEM_SYSRULES_dynamicLink"(
                saveInto: { a!save(local!startIndex, 1),  },
                showWhen: not(local!startIndex = 1)
              ),
              linkStyle: "STANDALONE",
              size: "MEDIUM_PLUS"
            ),
            #"SYSTEM_SYSRULES_richTextIcon"(
              icon: "angle-left",
              link: #"SYSTEM_SYSRULES_dynamicLink"(
                saveInto: {
                  a!save(
                    local!startIndex,
                    tointeger(local!startIndex - 5)
                  ),

                },
                showWhen: not(local!startIndex = 1)
              ),
              linkStyle: "STANDALONE",
              size: "MEDIUM_PLUS"
            ),
            #"SYSTEM_SYSRULES_richTextItem_v1"(
              text: {
                #"SYSTEM_SYSRULES_richTextItem_v1"(
                  text: {
                    if(
                      local!usuariosNoAsignados.totalCount = 0,
                      0,
                      local!startIndex
                    ) &amp; " - " &amp; if(
                      local!startIndex + 4 &gt; local!usuariosNoAsignados.totalCount,
                      local!usuariosNoAsignados.totalCount,
                      local!startIndex + 4
                    )
                  },
                  style: { "STRONG" }
                ),
                " de " &amp; local!usuariosNoAsignados.totalCount
              },
              size: "STANDARD"
            ),
            #"SYSTEM_SYSRULES_richTextIcon"(
              icon: "angle-right",
              link: #"SYSTEM_SYSRULES_dynamicLink"(
                saveInto: {
                  a!save(
                    local!startIndex,
                    tointeger(local!startIndex + 5)
                  ),

                },
                showWhen: (local!startIndex + 4) &lt; local!usuariosNoAsignados.totalCount
              ),
              linkStyle: "STANDALONE",
              size: "MEDIUM_PLUS"
            ),
            #"SYSTEM_SYSRULES_richTextIcon"(
              icon: "angle-double-right",
              link: #"SYSTEM_SYSRULES_dynamicLink"(
                saveInto: {
                  a!save(
                    local!startIndex,
                    tointeger(
                      local!usuariosNoAsignados.totalCount - tointeger(
                        right(local!usuariosNoAsignados.totalCount)
                      ) + 1
                    )
                  ),

                },
                showWhen: (local!startIndex + 4) &lt; local!usuariosNoAsignados.totalCount
              ),
              linkStyle: "STANDALONE",
              size: "MEDIUM_PLUS"
            )
          },
          align: "RIGHT"
        )
      },
      divider: "BELOW"
    ),

  }
)</definition>
        <namedTypedValue>
            <name>refreshCount</name>
            <type>
                <name>int</name>
                <namespace>http://www.w3.org/2001/XMLSchema</namespace>
            </type>
        </namedTypedValue>
        <preferredEditor>interface</preferredEditor>
        <offlineEnabled>false</offlineEnabled>
        <isCustom>false</isCustom>
    </interface>
    <roleMap public="true">
        <role inherit="true" allowForAll="false" name="readers">
            <users/>
            <groups/>
        </role>
        <role inherit="true" allowForAll="false" name="authors">
            <users/>
            <groups/>
        </role>
        <role inherit="true" allowForAll="false" name="administrators">
            <users/>
            <groups/>
        </role>
        <role inherit="false" allowForAll="false" name="denyReaders">
            <users/>
            <groups/>
        </role>
        <role inherit="false" allowForAll="false" name="denyAuthors">
            <users/>
            <groups/>
        </role>
        <role inherit="false" allowForAll="false" name="denyAdministrators">
            <users/>
            <groups/>
        </role>
    </roleMap>
    <history>
        <historyInfo versionUuid="_a-0000e878-569a-8000-e5e4-01ef9001ef90_2226580"/>
        <historyInfo versionUuid="_a-0000ea52-e6d5-8000-e654-01ef9001ef90_7418608"/>
        <historyInfo versionUuid="_a-0000eb09-d442-8000-e687-01ef9001ef90_8797178"/>
        <historyInfo versionUuid="_a-0000eb53-0a0e-8000-e689-01ef9001ef90_9396195"/>
        <historyInfo versionUuid="_a-0000eb53-0a0e-8000-e689-01ef9001ef90_9469102"/>
        <historyInfo versionUuid="_a-0000eb53-0a0e-8000-e689-01ef9001ef90_9508928"/>
        <historyInfo versionUuid="_a-0000eb53-0a0e-8000-e689-01ef9001ef90_9541931"/>
        <historyInfo versionUuid="_a-0000eb53-0a0e-8000-e689-01ef9001ef90_9554595"/>
    </history>
</contentHaul>
