<?xml version="1.0" encoding="UTF-8" standalone="yes"?>
<contentHaul xmlns:a="http://www.appian.com/ae/types/2009">
    <versionUuid>_a-0000eb53-0a0e-8000-e689-01ef9001ef90_9385866</versionUuid>
    <rule>
        <name>SCDO_opcionesCentroC</name>
        <uuid>_a-0000e867-3fd5-8000-e5e3-01ef9001ef90_1899517</uuid>
        <description>Regla para pintar Opciones del modulo Centro de Costos </description>
        <parentUuid>_a-0000e9a3-ab27-8000-e63d-01ef9001ef90_4829216</parentUuid>
        <visibility>
            <advertise>false</advertise>
            <hierarchy>true</hierarchy>
            <indexable>true</indexable>
            <quota>false</quota>
            <searchable>true</searchable>
            <system>false</system>
            <unlogged>false</unlogged>
        </visibility>
        <definition>{
  {
    titulo: #"_a-0000e867-3fd5-8000-e5e3-01ef9001ef90_1899451"[1],
    icono: #"_a-0000e867-3fd5-8000-e5e3-01ef9001ef90_1899499"[1],
    perfiles: {#"_a-0000e867-3fd5-8000-e5e3-01ef9001ef90_1881741", #"_a-0000e867-3fd5-8000-e5e3-01ef9001ef90_1881746"},
  },
  {
    titulo: #"_a-0000e867-3fd5-8000-e5e3-01ef9001ef90_1899451"[2],
    icono: #"_a-0000e867-3fd5-8000-e5e3-01ef9001ef90_1899499"[2],
    perfiles: {#"_a-0000e867-3fd5-8000-e5e3-01ef9001ef90_1881741", #"_a-0000e867-3fd5-8000-e5e3-01ef9001ef90_1881746"},
  }
},</definition>
        <preferredEditor>legacy</preferredEditor>
        <offlineEnabled>false</offlineEnabled>
    </rule>
    <roleMap public="true">
        <role inherit="true" allowForAll="false" name="readers">
            <users/>
            <groups/>
        </role>
        <role inherit="true" allowForAll="false" name="authors">
            <users/>
            <groups/>
        </role>
        <role inherit="true" allowForAll="false" name="administrators">
            <users/>
            <groups/>
        </role>
        <role inherit="false" allowForAll="false" name="denyReaders">
            <users/>
            <groups/>
        </role>
        <role inherit="false" allowForAll="false" name="denyAuthors">
            <users/>
            <groups/>
        </role>
        <role inherit="false" allowForAll="false" name="denyAdministrators">
            <users/>
            <groups/>
        </role>
    </roleMap>
    <history>
        <historyInfo versionUuid="_a-0000e867-3fd5-8000-e5e3-01ef9001ef90_1899577"/>
        <historyInfo versionUuid="_a-0000e9a7-6d42-8000-e63f-01ef9001ef90_4874268"/>
        <historyInfo versionUuid="_a-0000eb53-0a0e-8000-e689-01ef9001ef90_9385866"/>
    </history>
</contentHaul>
