<?xml version="1.0" encoding="UTF-8" standalone="yes"?>
<contentHaul xmlns:a="http://www.appian.com/ae/types/2009">
    <versionUuid>_a-0000eb53-0a0e-8000-e689-01ef9001ef90_9405172</versionUuid>
    <outboundIntegration>
        <name>SCDO_guardarArchivoS3</name>
        <uuid>_a-0000eabf-35e2-8000-e683-01ef9001ef90_8401125</uuid>
        <description>Envia un archivo al Servidor S3</description>
        <parentUuid>_a-0000eabf-35e2-8000-e683-01ef9001ef90_8396893</parentUuid>
        <visibility>
            <advertise>false</advertise>
            <hierarchy>true</hierarchy>
            <indexable>true</indexable>
            <quota>false</quota>
            <searchable>true</searchable>
            <system>false</system>
            <unlogged>false</unlogged>
        </visibility>
        <definition></definition>
        <namedTypedValue>
            <name>documento</name>
            <type>
                <name>CollaborationDocument</name>
                <namespace>http://www.appian.com/ae/types/2009</namespace>
            </type>
        </namedTypedValue>
        <namedTypedValue>
            <name>clave</name>
            <type>
                <name>string</name>
                <namespace>http://www.w3.org/2001/XMLSchema</namespace>
            </type>
            <value/>
        </namedTypedValue>
        <namedTypedValue>
            <name>token</name>
            <type>
                <name>string</name>
                <namespace>http://www.w3.org/2001/XMLSchema</namespace>
            </type>
            <value/>
        </namedTypedValue>
        <namedTypedValue>
            <name>onSuccess</name>
            <description>A list of saves or an HTTP response to execute after the smart service executes successfully. Created with a!save() or a!httpResponse(). The result of the request is available in the function variable fv!result.</description>
            <type>
                <name>Variant</name>
                <namespace>http://www.appian.com/ae/types/2009</namespace>
            </type>
        </namedTypedValue>
        <namedTypedValue>
            <name>onError</name>
            <description>A list of saves or an HTTP response to execute after the smart service does not execute successfully. Created with a!save() or a!httpResponse(). The result of the request is available in the function variable fv!result. Information about the error is available in the function variable fv!error. If using a Connected System that uses OAuth, whenever there is an error due to missing user authorization, the Connected System will be available in the function variable fv!connectedSystem. The Connected System can be used with the a!authorizationLink function to generate a link end users can click to perform the authorization.</description>
            <type>
                <name>Variant</name>
                <namespace>http://www.appian.com/ae/types/2009</namespace>
            </type>
        </namedTypedValue>
        <metadataExpr>{
deferredRuleInputs: {
    onSuccess: {
      "fv!result": 'type!{http://www.appian.com/ae/types/2009}Dictionary'
    },
    onError: {
      "fv!result": 'type!{http://www.appian.com/ae/types/2009}Dictionary',
      "fv!error": 'type!{http://www.appian.com/ae/types/2009}Dictionary',
      "fv!connectedSystem": 'type!{http://www.appian.com/ae/types/2009}ConnectedSystem'
    }
  }
}</metadataExpr>
        <preferredEditor>legacy</preferredEditor>
        <offlineEnabled>false</offlineEnabled>
        <sharedConfigParameters>
            <a:Dictionary xmlns:xsd="http://www.w3.org/2001/XMLSchema" xmlns:xsi="http://www.w3.org/2001/XMLSchema-instance">
                <url xsi:type="xsd:string"/>
                <isInheritedUrlOptionSelected xsi:type="xsd:boolean">true</isInheritedUrlOptionSelected>
                <relativePath xsi:type="xsd:string">/doctos/enviar</relativePath>
                <authType xsi:type="xsd:string">None</authType>
                <authDetails xsi:type="xsd:string"/>
            </a:Dictionary>
        </sharedConfigParameters>
        <configParameters>
            <a:Dictionary xmlns:xsd="http://www.w3.org/2001/XMLSchema" xmlns:xsi="http://www.w3.org/2001/XMLSchema-instance">
                <contentType xsi:type="xsd:string">multipart/form-data - appian_internal</contentType>
                <automaticallyConvert xsi:type="xsd:boolean">true</automaticallyConvert>
                <jsonSchema xsi:nil="true" xsi:type="a:NestedChoice?list"/>
                <parameters xsi:type="a:NameValue?list">
                    <item>
                        <a:name>key</a:name>
                        <a:value xsi:type="a:Expression">concat(#"_a-0000eaa5-8248-8000-e681-01ef9001ef90_8348902", ri!clave)</a:value>
                    </item>
                </parameters>
                <removeNullOrEmptyJsonFields xsi:type="xsd:boolean">true</removeNullOrEmptyJsonFields>
                <method xsi:type="xsd:string">POST</method>
                <headers xsi:type="a:NameValue?list">
                    <item>
                        <a:name>Authorization</a:name>
                        <a:value xsi:type="a:Expression">ri!token</a:value>
                    </item>
                    <item>
                        <a:name>x-ibm-client-id</a:name>
                        <a:value xsi:type="a:Expression">#"_a-0000eae4-5659-8000-e685-01ef9001ef90_8697955"</a:value>
                    </item>
                </headers>
                <excludeNullHeaders xsi:type="xsd:boolean">true</excludeNullHeaders>
                <documentConfig xsi:type="xsd:string"/>
                <excludeNullParams xsi:type="xsd:boolean">true</excludeNullParams>
                <featureVersion xsi:type="xsd:int">1</featureVersion>
                <timeout xsi:type="xsd:int">10</timeout>
                <body xsi:type="a:HttpFormPartInput?list">
                    <item>
                        <a:name>file</a:name>
                        <a:isCustomType>false</a:isCustomType>
                        <a:contentType>auto-detect</a:contentType>
                        <a:value xsi:type="a:Expression">ri!documento</a:value>
                    </item>
                </body>
                <flattenedJsonSchema xsi:nil="true" xsi:type="a:Text?list"/>
            </a:Dictionary>
        </configParameters>
        <isWrite>true</isWrite>
        <integrationType>system.http</integrationType>
        <connectedSystemUuid>_a-0000eabf-35e2-8000-e683-01ef9001ef90_8396859</connectedSystemUuid>
        <isConnectedSystemConnectionOptionSelected>true</isConnectedSystemConnectionOptionSelected>
        <integrationOutputs>
            <a:Dictionary xmlns:xsd="http://www.w3.org/2001/XMLSchema" xmlns:xsi="http://www.w3.org/2001/XMLSchema-instance">
                <outputs xsi:type="a:IntegrationOutput?list"/>
            </a:Dictionary>
        </integrationOutputs>
        <isRequestResponseLoggingEnabled>false</isRequestResponseLoggingEnabled>
    </outboundIntegration>
    <roleMap public="true">
        <role inherit="true" allowForAll="false" name="readers">
            <users/>
            <groups/>
        </role>
        <role inherit="true" allowForAll="false" name="authors">
            <users/>
            <groups/>
        </role>
        <role inherit="true" allowForAll="false" name="administrators">
            <users/>
            <groups/>
        </role>
        <role inherit="false" allowForAll="false" name="denyReaders">
            <users/>
            <groups/>
        </role>
        <role inherit="false" allowForAll="false" name="denyAuthors">
            <users/>
            <groups/>
        </role>
        <role inherit="false" allowForAll="false" name="denyAdministrators">
            <users/>
            <groups/>
        </role>
    </roleMap>
    <typedValue>
        <type>
            <name>RuleTestConfig?list</name>
            <namespace>http://www.appian.com/ae/types/2009</namespace>
        </type>
        <value>
            <el>
                <a:name/>
                <a:ruleInputTestConfigs>
                    <a:value xmlns:xsi="http://www.w3.org/2001/XMLSchema-instance" xsi:nil="true" xsi:type="a:CollaborationDocument"/>
                    <a:nameRef>documento</a:nameRef>
                    <a:id/>
                </a:ruleInputTestConfigs>
                <a:ruleInputTestConfigs>
                    <a:value xmlns:xsi="http://www.w3.org/2001/XMLSchema-instance" xsi:type="a:Expression">"376631 - SMC Icono File.png"</a:value>
                    <a:nameRef>clave</a:nameRef>
                    <a:id/>
                </a:ruleInputTestConfigs>
                <a:ruleInputTestConfigs>
                    <a:value xmlns:xsd="http://www.w3.org/2001/XMLSchema" xmlns:xsi="http://www.w3.org/2001/XMLSchema-instance" xsi:type="xsd:string"/>
                    <a:nameRef>token</a:nameRef>
                    <a:id/>
                </a:ruleInputTestConfigs>
                <a:ruleInputTestConfigs>
                    <a:value xmlns:xsd="http://www.w3.org/2001/XMLSchema" xmlns:xsi="http://www.w3.org/2001/XMLSchema-instance" xsi:type="xsd:string"/>
                    <a:nameRef>onSuccess</a:nameRef>
                    <a:id/>
                </a:ruleInputTestConfigs>
                <a:ruleInputTestConfigs>
                    <a:value xmlns:xsd="http://www.w3.org/2001/XMLSchema" xmlns:xsi="http://www.w3.org/2001/XMLSchema-instance" xsi:type="xsd:string"/>
                    <a:nameRef>onError</a:nameRef>
                    <a:id/>
                </a:ruleInputTestConfigs>
                <a:assertions xmlns:xsi="http://www.w3.org/2001/XMLSchema-instance" xsi:nil="true"/>
            </el>
        </value>
    </typedValue>
    <history>
        <historyInfo versionUuid="_a-0000eabf-35e2-8000-e683-01ef9001ef90_8433310"/>
        <historyInfo versionUuid="_a-0000eae4-5659-8000-e685-01ef9001ef90_8698002"/>
        <historyInfo versionUuid="_a-0000eb53-0a0e-8000-e689-01ef9001ef90_9326481"/>
        <historyInfo versionUuid="_a-0000eb53-0a0e-8000-e689-01ef9001ef90_9405172"/>
    </history>
</contentHaul>
