<?xml version="1.0" encoding="UTF-8" standalone="yes"?>
<contentHaul xmlns:a="http://www.appian.com/ae/types/2009">
    <versionUuid>_a-0000eb9b-4ec6-8000-e68b-01ef9001ef90_9646962</versionUuid>
    <interface>
        <name>SCDO_Documento_Ejecutivo_Seguimiento</name>
        <uuid>_a-0000eaa5-8248-8000-e681-01ef9001ef90_8310373</uuid>
        <description>Interface relacionada a el modulo  de Ejecutivo</description>
        <parentUuid>_a-0000e801-560f-8000-e5d9-01ef9001ef90_1707049</parentUuid>
        <visibility>
            <advertise>false</advertise>
            <hierarchy>true</hierarchy>
            <indexable>true</indexable>
            <quota>false</quota>
            <searchable>true</searchable>
            <system>false</system>
            <unlogged>false</unlogged>
        </visibility>
        <definition>a!localVariables(
  local!nombre_documento: concat(
    ri!contrato,
    "_",
    ri!ejecutivo.usuarioopics,
    "_",
    text(now(), "yyyy-MM-dd hh_mm_ss")
  ),
  /*proceso de guardar*/
  /*-------*/
  /*Se obtienen los documentos que ya estan registrados para el contrato en imagenes pendientes */
  /*local!documentos: rule!SCDO_get_imagenesPendientesByFilters(contrato: ri!contrato),*/
  /*local!documentacion_existente:if(a!isNotNullOrEmpty(rule!SCDO_getDocumentosByFilter(contrato:ri!contrato).data),*/
  /*rule!SCDO_getDocumentosByFilter(contrato:ri!contrato).data.iddocumento,null),*/
  /*local!observacion,*/
  local!deal: "0000000",
  /*local!documentoADF,*/
  /*local!documentocontrato,*/
  local!documento,
  /*----------*/
  /* Se obtiene los catalogos que pertenecen al segmento en la tabla intermedia doctos_segmento */
  local!catalogoDelSegmento: if(
    a!isNullOrEmpty(
      #"_a-0000e968-30a1-8000-e639-01ef9001ef90_4493495"(
        idsegmento: ri!ejecutivo.idsegmento,
        pagingInfo: #"SYSTEM_SYSRULES_pagingInfo"(startIndex: 1, batchSize: - 1)
      )
    ),
    null,
    #"_a-0000e968-30a1-8000-e639-01ef9001ef90_4493570"(
      idsDocumentos: #"_a-0000e968-30a1-8000-e639-01ef9001ef90_4493495"(
        idsegmento: ri!ejecutivo.idsegmento,
        pagingInfo: #"SYSTEM_SYSRULES_pagingInfo"(startIndex: 1, batchSize: - 1)
      ).iddocumento
    )
  ),
  /* Se obtienen los catalogos que documentan a los contratos y a ADF */
  local!catDocContratoGeneral: if(
    a!isNullOrEmpty(local!catalogoDelSegmento),
    null,
    reject(
      fn!isnull,
      #"SYSTEM_SYSRULES_forEach"(
        items: local!catalogoDelSegmento,
        expression: if(
          and(
            fv!item.documentaa = "CONTRATO",
            if(
              a!isNotNullOrEmpty(fv!item.adf),
              tointeger(fv!item.adf) &lt;&gt; 1,
              true
            )
          ),
          fv!item,
          null
        )
      )
    )
  ),
  local!catDocADFGeneral: if(
    a!isNullOrEmpty(local!catalogoDelSegmento),
    null,
    reject(
      fn!isnull,
      #"SYSTEM_SYSRULES_forEach"(
        items: local!catalogoDelSegmento,
        expression: if(
          and(
            fv!item.documentaa = "CONTRATO",
            a!isNotNullOrEmpty(fv!item.adf) = 1
          ),
          fv!item,
          null
        )
      )
    ),

  ),
  
  /* Se obtienen los catalogos de documentos para ADF */
  local!adfsAceptados: if(
    a!isNullOrEmpty(local!catDocADFGeneral),
    {},
    #"_a-0000e982-d80b-8000-e63b-01ef9001ef90_4749073"(
      idsDocumentos: /*!catDocADFGeneral*/local!catDocADFGeneral.iddocumento,
      contrato: ri!contrato,
      estatus: 1
    )
  ),
  local!adfsAceptadosDocumentacion: if(
    a!isNullOrEmpty(local!catDocADFGeneral),
    {},
    #"_a-0000e8b2-d897-8000-e5f1-01ef9001ef90_2372887"(
      contrato: ri!contrato,
      idsDocumentos: local!catDocADFGeneral.iddocumento,
      estado: "A",
      usuariocargo: ri!ejecutivo.usuarioopics
    ).data
  ),
  local!adfsEstanEnDocumentacion: if(
    a!isNullOrEmpty(local!catDocADFGeneral),
    {},
    #"_a-0000e8b2-d897-8000-e5f1-01ef9001ef90_2372887"(
      contrato: ri!contrato,
      idsDocumentos: local!catDocADFGeneral.iddocumento,
      estado: "P",
      usuariocargo: ri!ejecutivo.usuarioopics
    ).data
  ),
  local!catDocParaADFEstanEnDocumentacion: if(
    a!isNullOrEmpty(local!adfsEstanEnDocumentacion),
    {},
    reject(
      fn!isnull,
      #"SYSTEM_SYSRULES_forEach"(
        items: local!catDocADFGeneral,
        expression: if(
          contains(
            tointeger(
              local!adfsEstanEnDocumentacion.iddocumento
            ),
            tointeger(fv!item.iddocumento)/*fv!item*/

          ),
          fv!item,
          null
        )
      )
    )
  ),
  local!catDocParaADFAceptadoDocumentacion: if(
    a!isNullOrEmpty(local!adfsAceptadosDocumentacion),
    {},
    reject(
      fn!isnull,
      #"SYSTEM_SYSRULES_forEach"(
        items: local!catDocADFGeneral,
        expression: if(
          contains(
            tointeger(
              local!adfsAceptadosDocumentacion.iddocumento
            ),
            tointeger(fv!item.iddocumento)/*fv!item*/

          ),
          fv!item,
          null
        )
      )
    )
  ),
  local!catDocParaADFAceptado: if(
    a!isNullOrEmpty(local!adfsAceptados),
    {},
    reject(
      fn!isnull,
      #"SYSTEM_SYSRULES_forEach"(
        items: local!catDocADFGeneral,
        expression: if(
          contains(
            tointeger(local!adfsAceptados.iddocumento),
            tointeger(fv!item.iddocumento)/*fv!item*/

          ),
          fv!item,
          null
        )
      )
    )
  ),

  /* Se obtienen los documentos que ya han sido documentados y rechazados en digitalizados y rechazados */
  local!documentacionExistente: if(
    a!isNullOrEmpty(local!catDocContratoGeneral),
    null,
    reject(
      fn!isnull,
      a!flatten(
       
        #"_a-0000e8b2-d897-8000-e5f1-01ef9001ef90_2372887"(
          contrato: ri!contrato,
          idsDocumentos: local!catDocContratoGeneral.iddocumento,
          usuariocargo: ri!ejecutivo.usuarioopics,
          estado: "P"
        ).data,
     

      )
    ),

  ),
  local!documentacionAceptados: if(
    a!isNullOrEmpty(local!catDocContratoGeneral),
    null,
    #"_a-0000e8b2-d897-8000-e5f1-01ef9001ef90_2372887"(
      contrato: ri!contrato,
      idsDocumentos: local!catDocContratoGeneral.iddocumento,
      estado: "A",
      usuariocargo: ri!ejecutivo.usuarioopics
    ).data
  ),
  local!catDocAceptadosDeContrato: if(
    a!isNullOrEmpty(local!documentacionAceptados),
    {},
    reject(
      fn!isnull,
      #"SYSTEM_SYSRULES_forEach"(
        items: local!catDocContratoGeneral,
        expression: if(
          contains(
            local!documentacionAceptados.iddocumento,
            fv!item.iddocumento
          ),
          fv!item,
          null
        )
      )
    )
  ),
  /*-----*/
  local!catDocExistenDocumentacion: if(
    a!isNullOrEmpty(local!documentacionExistente),
    {},
    reject(
      fn!isnull,
      #"SYSTEM_SYSRULES_forEach"(
        items: local!catDocContratoGeneral,
        expression: if(
          contains(
            local!documentacionExistente.iddocumento,
            fv!item.iddocumento
          ),
          fv!item,
          null
        )
      )
    )
  ),
  local!catDocParaADFFaltantes: if(
    and(a!isNullOrEmpty(local!catDocADFGeneral),
    a!isNullOrEmpty(#"_a-0000eb53-0a0e-8000-e689-01ef9001ef90_9533439"(arreglo_1: local!catDocParaADFAceptado,arreglo_2:local!catDocParaADFAceptadoDocumentacion,arreglo_3:local!catDocParaADFEstanEnDocumentacion   ))),
    {},
    #"_a-0000eb53-0a0e-8000-e689-01ef9001ef90_9534907"(
      arreglo_1: local!catDocADFGeneral,
      arreglo_2: #"_a-0000eb53-0a0e-8000-e689-01ef9001ef90_9533439"(arreglo_1: local!catDocParaADFAceptado,arreglo_2:local!catDocParaADFAceptadoDocumentacion,arreglo_3:local!catDocParaADFEstanEnDocumentacion   ),
      arreglo_3:null
    ),
    /*difference(*/
      /*local!catDocADFGeneral,*/
      /*union(*/
        /*local!catDocParaADFAceptado,*/
        /*local!catDocParaADFAceptadoDocumentacion,*/
        /*local!catDocParaADFEstanEnDocumentacion*/
      /*)*/
      /*rule!SCDO_UNION_3_ARREGLOS(arreglo_1: local!catDocParaADFAceptado,arreglo_2:local!catDocParaADFAceptadoDocumentacion,arreglo_3:local!catDocParaADFEstanEnDocumentacion   )*/
    /*)*/
  ),
  local!catDocParaADFEstanEnDocumentacion_sin_nada: if(
    and(a!isNullOrEmpty(local!catDocADFGeneral), 
    a!isNullOrEmpty(#"_a-0000eb53-0a0e-8000-e689-01ef9001ef90_9533439"(arreglo_1: local!catDocParaADFAceptado,arreglo_2:local!catDocParaADFAceptadoDocumentacion,arreglo_3:local!catDocParaADFFaltantes))),
    {},
    #"_a-0000eb53-0a0e-8000-e689-01ef9001ef90_9534907"(
      arreglo_1: local!catDocADFGeneral,
      arreglo_2:#"_a-0000eb53-0a0e-8000-e689-01ef9001ef90_9533439"(arreglo_1: local!catDocParaADFAceptado,arreglo_2:local!catDocParaADFAceptadoDocumentacion,arreglo_3:local!catDocParaADFFaltantes),
      arreglo_3:null
    ),
    /*difference(*/
      /*local!catDocADFGeneral,*/
      /*union(*/
        /*local!catDocParaADFAceptado,*/
        /*local!catDocParaADFAceptadoDocumentacion,*/
        /*local!catDocParaADFFaltantes*/
      /*)*/
      /*rule!SCDO_UNION_3_ARREGLOS(arreglo_1: local!catDocParaADFAceptado,arreglo_2:local!catDocParaADFAceptadoDocumentacion,arreglo_3:local!catDocParaADFFaltantes)*/
    /*)*/
  ),
  /*-----*/
  local!catDocFaltantesDeContrato: if(
    and(a!isNullOrEmpty(local!catDocContratoGeneral),
    a!isNullOrEmpty(#"_a-0000eb53-0a0e-8000-e689-01ef9001ef90_9533439"(arreglo_1: local!catDocParaADFAceptado,arreglo_2:local!catDocParaADFAceptadoDocumentacion,arreglo_3:local!catDocParaADFFaltantes))),
    {},
    #"_a-0000eb53-0a0e-8000-e689-01ef9001ef90_9534907"(
      arreglo_1:local!catDocContratoGeneral,
      arreglo_2:#"_a-0000eb53-0a0e-8000-e689-01ef9001ef90_9533439"(arreglo_1: local!catDocAceptadosDeContrato,arreglo_2:local!catDocExistenDocumentacion,arreglo_3:null),
      arreglo_3:null
    ),
    /*difference(*/
      /*local!catDocContratoGeneral,*/
      /*union(*/
        /*local!catDocAceptadosDeContrato,*/
        /*local!catDocExistenDocumentacion*/
      /*)*/
      /*rule!SCDO_UNION_3_ARREGLOS(arreglo_1: local!catDocAceptadosDeContrato,arreglo_2:local!catDocExistenDocumentacion,arreglo_3:null)*/
    /*)*/
  ),
  /*local!observacion,*/
  /*  Se crean las variables para los dropdowns*/
  local!documentoContratoExiste: if(
    a!isNullOrEmpty(local!catDocExistenDocumentacion),
    {},
    local!catDocExistenDocumentacion.iddocumento
  ),
  /*local!documentoContrato: if(*/
  /*a!isNullOrEmpty(local!catDocAceptadosDeContrato),*/
  /*{},*/
  /*local!catDocAceptadosDeContrato.iddocumento*/
  /*),*/
  local!documentoAceptadoADF: if(
    a!isNullOrEmpty(local!catDocParaADFAceptado),
    {},
    local!catDocParaADFAceptado.iddocumento
  ),
  /*local!documentoAceptadoADFDocumentacion: if(*/
    /*a!isNullOrEmpty(*/
      /*local!catDocParaADFAceptadoDocumentacion*/
    /*),*/
    /*{},*/
    /*local!catDocParaADFAceptadoDocumentacion.iddocumento*/
  /*),*/
  local!documentoEstanADFDocumentacion: if(
    a!isNullOrEmpty(
      local!catDocParaADFEstanEnDocumentacion_sin_nada
    ),
    {},
    local!catDocParaADFEstanEnDocumentacion_sin_nada.iddocumento
  ),
  local!valorescontrato: {},
  local!valorescontrato_rechazado: {},
  local!valoresADF,
  local!verDetallesAceptado: false,
  local!idDocumentoSeleccionado,
  local!documentoSeleccionado,
  local!documentoRechazadoSeleccionado,
  local!aceptados_generales: 
  #"_a-0000eb53-0a0e-8000-e689-01ef9001ef90_9533439"(arreglo_1: local!catDocAceptadosDeContrato,arreglo_2:local!catDocParaADFAceptadoDocumentacion,arreglo_3:null),
  /*union(*/
    /*local!catDocAceptadosDeContrato,*/
    /*local!catDocParaADFAceptadoDocumentacion*/
  /*),*/
  local!documentos_aceptados: 
  #"_a-0000eb53-0a0e-8000-e689-01ef9001ef90_9533439"(arreglo_1: local!adfsAceptadosDocumentacion,arreglo_2:local!documentacionAceptados,arreglo_3:null),
  /*union(*/
    /*local!adfsAceptadosDocumentacion,*/
    /*local!documentacionAceptados*/
  /*),*/
/**/
  local!solo_aceptados_no_adf: 
  #"_a-0000eb53-0a0e-8000-e689-01ef9001ef90_9534907"(
    arreglo_1:local!catDocAceptadosDeContrato,
    arreglo_2:local!catDocParaADFAceptadoDocumentacion,
    arreglo_3:null
  ),
  /*difference(*/
    /*local!catDocAceptadosDeContrato,*/
    /*local!catDocParaADFAceptadoDocumentacion*/
  /*),*/
  local!documentoContrato: if(
    a!isNullOrEmpty(local!solo_aceptados_no_adf),
    {},
    local!solo_aceptados_no_adf.iddocumento
  ),
  /*----------*/
  {
    if(
      and(
        /*len(ri!contrato)=11,a!isNullOrEmpty(local!documentos),*/a!isNotNullOrEmpty(local!catalogoDelSegmento)
      ),
      {
        #"SYSTEM_SYSRULES_columnsLayout"(
          columns: {
            #"SYSTEM_SYSRULES_columnLayout"(
              contents: {
                #"SYSTEM_SYSRULES_cardLayout"(
                  contents: {
                    #"SYSTEM_SYSRULES_richTextDisplayField"(
                      value: #"SYSTEM_SYSRULES_richTextItem_v1"(
                        text: "El contrato no existe en las operaciones pendientes, si desea adjuntar sus documentos correspondientes agrega el número de operación/deal",
                        color: "NEGATIVE",
                        style: "STRONG"
                      )
                    ),
                    #"SYSTEM_SYSRULES_columnLayout"(
                      contents: {
                        #"SYSTEM_SYSRULES_textField"(
                          label: "Operación/deal",
                          labelPosition: "ADJACENT",
                          value: local!deal,
                          saveInto: {
                            local!deal,
                            /* a!save(
                              local!deal,
                              if(
                                a!isNotNullOrEmpty(local!deal),
                                rule!SIGC_ELIMINAR_LETRA_DE_TEXTO(texto: local!deal),
                                null
                              )
                            )/*cleanwith(local!deal,"1234567890")*/

                          },
                          /*characterLimit: 8,*/
                          refreshAfter: "KEYPRESS",
                          /*disabled: true*/

                        )
                      },
                      width: "MEDIUM"
                    )
                  },
                  style: "STANDARD",
                  marginAbove: "MORE",
                  marginBelow: "MORE"
                )
              },
              width: "WIDE"
            )
          }
        ),
        /*rule!SCDO_Ejecutivo_LLamada(bitacora: local!observacion,activo: local!activo, refreshCount: ri!refreshCount, esImagenPendiente: ri!esImagenPendiente, ejecutivo: ri!ejecutivo, deal: local!deal, contrato: ri!contrato),*/
        #"SYSTEM_SYSRULES_columnsLayout"(
          columns: {
            #"SYSTEM_SYSRULES_columnLayout"(
              contents: {
                #"SYSTEM_SYSRULES_richTextDisplayField"(
                  value: {
                    #"SYSTEM_SYSRULES_richTextItem_v1"(text: "Documentos por Contrato "),
                    #"SYSTEM_SYSRULES_richTextIcon"(icon: "arrow-down")
                  }
                ),
               
                if(
                  a!isNotNullOrEmpty(local!catDocParaADFAceptado),
                  #"SYSTEM_SYSRULES_checkboxField"(
                    label: "",
                    labelPosition: "ABOVE",
                   
                    choiceLabels: #"SYSTEM_SYSRULES_forEach"(
                      local!catDocParaADFAceptado,
                      if(a!isNotNullOrEmpty(local!catDocParaADFAceptadoDocumentacion),
                      if(
                        contains(
                          local!catDocParaADFAceptadoDocumentacion,
                          fv!item
                        ),
                        fv!item.documento &amp; " - " &amp; "(Aceptado)" &amp; " - " &amp; "📜",
                        fv!item.documento &amp; " - " &amp; "📜",

                      ),
                      fv!item.documento &amp; " - " &amp; "📜",
                      )
                    
                    ),
                    choiceValues: local!catDocParaADFAceptado.iddocumento,
                    value: local!documentoAceptadoADF,
                    saveInto: local!documentoAceptadoADF,
                    disabled: true,
                    validations: {}
                  ),
                  {}
                ),
                if(
                  a!isNotNullOrEmpty(
                    local!catDocParaADFEstanEnDocumentacion_sin_nada
                  ),
                  #"SYSTEM_SYSRULES_checkboxField"(
                    label: "",
                    labelPosition: "ABOVE",
                    choiceLabels: index(local!catDocParaADFEstanEnDocumentacion_sin_nada,"documento",{}),
                    choiceValues: index(local!catDocParaADFEstanEnDocumentacion_sin_nada,"iddocumento",{}),
                    value: local!documentoEstanADFDocumentacion,
                    saveInto: local!documentoEstanADFDocumentacion,
                    disabled: true,
                    validations: {}
                  ),
                  {}
                ),
              
                if(
                  a!isNotNullOrEmpty(local!solo_aceptados_no_adf),
                  #"SYSTEM_SYSRULES_checkboxField"(
                    label: "",
                    labelPosition: "ABOVE",
                    /*choiceLabels: local!solo_aceptados_no_adf.documento &amp; " - " &amp; "(Aceptado)",*/
                    choiceLabels: #"SYSTEM_SYSRULES_forEach"(
                      local!solo_aceptados_no_adf,

                      fv!item.documento &amp; " - " &amp; "(Aceptado)"

                    )
                    ,
                    choiceValues: local!solo_aceptados_no_adf.iddocumento,
                    value: local!documentocontrato,
                    saveInto: local!documentocontrato,
                    disabled: true,
                    validations: {}
                  ),
                  {}
                ),
                if(
                  a!isNotNullOrEmpty(local!catDocExistenDocumentacion),
                  #"SYSTEM_SYSRULES_checkboxField"(
                    label: "",
                    labelPosition: "ABOVE",
                    choiceLabels: index(local!catDocExistenDocumentacion,"documento",{}),

                    choiceValues: index(local!catDocExistenDocumentacion,"iddocumento",{}),
                    value: local!documentoContratoExiste,
                    saveInto: local!documentoContratoExiste,
                    disabled: true,
                    validations: {}
                  ),
                  {}
                ),
                if(
                  a!isNotNullOrEmpty(local!catDocFaltantesDeContrato),
                  #"SYSTEM_SYSRULES_checkboxField"(
                    label: "",
                    labelPosition: "ABOVE",
                    choiceLabels: index(local!catDocFaltantesDeContrato,"documento",{}),
                    choiceValues: index(local!catDocFaltantesDeContrato,"iddocumento",{}),
                    value: local!valorescontrato,
                    saveInto: local!valorescontrato,
                    /*disabled:a!isNotNullOrEmpty(ri!activo),*/
                    validations: {}
                  ),
                  {}
                ),

              }
            ),
            #"SYSTEM_SYSRULES_columnLayout"(
              contents: {
                #"SYSTEM_SYSRULES_cardLayout"(
                  contents: {
                    #"SYSTEM_SYSRULES_richTextDisplayField"(
                      value: #"SYSTEM_SYSRULES_richTextItem_v1"(
                        text: "Información de los documentos aprobados",
                        color: "ACCENT",
                        size: "MEDIUM",
                        style: { "STRONG", "EMPHASIS" }
                      ),
                      align: "CENTER"
                    ),
                    if(
                      a!isNullOrEmpty(
                        /*local!catDocAceptadosDeContrato*/local!aceptados_generales
                      ),
                      #"SYSTEM_SYSRULES_richTextDisplayField"(
                        value: {
                          #"SYSTEM_SYSRULES_richTextItem_v1"(
                            text: "No se han subido documentos para este reporte",
                            color: "NEGATIVE"
                          )
                        },
                        align: "CENTER"
                      ),
                      {
                        #"SYSTEM_SYSRULES_columnsLayout"(
                          columns: {
                            #"SYSTEM_SYSRULES_columnLayout"(
                              contents: {
                                #"SYSTEM_SYSRULES_richTextDisplayField"(
                                  value: {
                                    #"SYSTEM_SYSRULES_richTextItem_v1"(text: "Documentos por Contrato "),
                                    #"SYSTEM_SYSRULES_richTextIcon"(icon: "arrow-down")
                                  }
                                ),
                                if(
                                  a!isNotNullOrEmpty(
                                    /*local!catDocAceptadosDeContrato*/local!aceptados_generales
                                  ),
                                  {
                                    #"SYSTEM_SYSRULES_forEach"(
                                      items: /*local!catDocAceptadosDeContrato*/local!aceptados_generales,
                                      expression: #"SYSTEM_SYSRULES_richTextDisplayField"(
                                        value: {
                                          #"SYSTEM_SYSRULES_richTextItem_v1"(text: concat(fv!item.documento, " ")),
                                          #"SYSTEM_SYSRULES_richTextIcon"(
                                            icon: "check-circle",
                                            caption: "Mostrar Detalles",
                                            link: #"SYSTEM_SYSRULES_dynamicLink"(
                                              value: true,
                                              saveInto: {
                                                local!verDetallesAceptado,
                                                a!save(
                                                  local!idDocumentoSeleccionado,
                                                  fv!item.iddocumento
                                                ),
                                                a!save(
                                                  local!documentoRechazadoSeleccionado,
                                                  null
                                                ),
                                                a!save(
                                                  local!documentoSeleccionado,
                                                  a!flatten(
                                                    reject(
                                                      fn!isnull,
                                                      #"SYSTEM_SYSRULES_forEach"(
                                                        items: /*local!documentacionAceptados*/local!documentos_aceptados,
                                                        expression: if(
                                                          tointeger(fv!item.iddocumento) = local!idDocumentoSeleccionado,
                                                          fv!item,
                                                          null
                                                        )
                                                      )
                                                    )
                                                  )
                                                )
                                              }
                                            ),
                                            linkStyle: "STANDALONE",
                                            color: "POSITIVE"
                                          )
                                        }
                                      )
                                    )
                                  },
                                  #"SYSTEM_SYSRULES_richTextDisplayField"(
                                    value: #"SYSTEM_SYSRULES_richTextItem_v1"(
                                      text: "No se ha documentado por contrato"
                                    ),
                                    showWhen: a!isNullOrEmpty(local!catDocAceptadosDeContrato),

                                  )
                                )
                              }
                            )
                          }
                        ),
                        /*                     Resumen del documento aprobado */
                        if(
                          and(
                            local!verDetallesAceptado = true,
                            a!isNotNullOrEmpty(local!idDocumentoSeleccionado),
                            a!isNotNullOrEmpty(local!documentoSeleccionado)
                          ),
                          #"SYSTEM_SYSRULES_boxLayout"(
                            label: concat(
                              "Detalles del documento ",
                              reject(
                                fn!isnull,
                                #"SYSTEM_SYSRULES_forEach"(
                                  items: local!catalogoDelSegmento,
                                  expression: if(
                                    tointeger(fv!item.iddocumento) = local!idDocumentoSeleccionado,
                                    fv!item.documento,
                                    null
                                  )
                                )
                              )
                            ),
                            contents: {
                              if(
                                a!isNullOrEmpty(local!documentoSeleccionado),
                                {},
                                {
                                  #"SYSTEM_SYSRULES_columnsLayout"(
                                    columns: {
                                      #"SYSTEM_SYSRULES_columnLayout"(
                                        contents: {
                                          #"SYSTEM_SYSRULES_richTextDisplayField"(
                                            value: {
                                              #"SYSTEM_SYSRULES_richTextItem_v1"(
                                                text: concat(
                                                  "Nombre de Documento: ",
                                                  local!documentoSeleccionado[1].nomdocumento
                                                )
                                              )
                                            }
                                          ),
                                          #"SYSTEM_SYSRULES_richTextDisplayField"(
                                            value: {
                                              #"SYSTEM_SYSRULES_richTextItem_v1"(
                                                text: concat(
                                                  "Usuario Carga: ",
                                                  local!documentoSeleccionado[1].usuariocargo
                                                )
                                              )
                                            }
                                          ),
                                          #"SYSTEM_SYSRULES_richTextDisplayField"(
                                            value: {
                                              #"SYSTEM_SYSRULES_richTextItem_v1"(
                                                text: concat(
                                                  "Fecha de Carga: ",
                                                  local!documentoSeleccionado[1].fechacarga
                                                )
                                              )
                                            }
                                          ),
                                          #"SYSTEM_SYSRULES_richTextDisplayField"(
                                            value: {
                                              #"SYSTEM_SYSRULES_richTextItem_v1"(
                                                text: concat(
                                                  "Usuario Acepto: ",
                                                  local!documentoSeleccionado[1].usuarioacepto
                                                )
                                              )
                                            }
                                          )
                                        }
                                      ),
                                      #"SYSTEM_SYSRULES_columnLayout"(
                                        contents: {
                                          #"SYSTEM_SYSRULES_ButtonArrayLayout"(
                                            buttons: {
                                              #"SYSTEM_SYSRULES_ButtonWidget"(
                                                icon: "times",
                                                tooltip: "Cerrar Detalles",
                                                saveInto: {
                                                  a!save(local!idDocumentoSeleccionado, null),
                                                  a!save(local!documentoSeleccionado, null),
                                                  a!save(local!verDetallesAceptado, false)
                                                },
                                                size: "SMALL"
                                              )
                                            }
                                          )
                                        },
                                        width: "EXTRA_NARROW"
                                      )
                                    }
                                  )
                                }
                              )
                            },
                            isCollapsible: true
                          ),
                          {}
                        )
                      }
                    )
                  },
                  style: "INFO",
                  shape: "ROUNDED"
                )
              }
            )
          }
        ),
        #"SYSTEM_SYSRULES_columnsLayout"(
          columns: {
            #"SYSTEM_SYSRULES_columnLayout"(
              contents: {
                #"SYSTEM_SYSRULES_fileUploadField_v1"(
                  label: "Subir Archivo",
                  instructions: if(
                    and(
                      a!isNullOrEmpty(local!valorescontrato),
                      a!isNullOrEmpty(local!valorescontrato_rechazado),
                      a!isNullOrEmpty(local!valoresADF)
                    ),
                    "Seleccione un documento para poder subir el archivo",
                    ""
                  ),
                  target: /*cons!SCDO_CARPETA_DOCUMENTOS_IMAGENES_PENDIENTES*/#"_a-0000e9a7-6d42-8000-e63f-01ef9001ef90_5940527",
                  fileNames: /*concat(fv!file.name, ".", fv!file.extension),*/
                  /*concat(ri!contrato,"_",ri!ejecutivo.usuarioopics,"_",text(now(), "yyyy-MM-dd hh:mm:ss")),*/
                  local!nombre_documento,
                  maxSelections: 1,
                  value: local!documento,
                  saveInto: {
                    local!documento/*a!save(*/
                    /*local!documento,*/
                    /*if(*/
                    /*a!isNullOrEmpty(save!value),*/
                    /*null,*/
                    /*rule!SCDO_obtenerIdDadoTexto(document: tostring(save!value))*/
                    /*)*/
                    /*)*/

                  },
                  disabled: if(
                    /*or(*/
                    and(
                      a!isNullOrEmpty(local!valorescontrato),
                      a!isNullOrEmpty(local!valorescontrato_rechazado),
                      a!isNullOrEmpty(local!valoresADF)
                    ),
                    /*a!isNotNullOrEmpty(local!activo)*/
                    /*),*/
                    true,
                    false
                  )
                )
              }
            ),
            #"SYSTEM_SYSRULES_columnLayout"(
              contents: {
                #"SYSTEM_SYSRULES_ButtonArrayLayout"(
                  buttons: {
                    #"SYSTEM_SYSRULES_ButtonWidget"(
                      label: "Cancelar",
                      value: { {} },
                      saveInto: {
                        local!valorescontrato,
                        local!valoresADF,
                        local!valorescontrato_rechazado,
                        a!save(local!documento, null),
                        /*a!save(local!deal, null)*/

                      },
                      style: "DESTRUCTIVE",
                      disabled: if(
                        a!isNullOrEmpty(local!documentocontrato),
                        true,
                        false
                      )
                    ),
                    #"SYSTEM_SYSRULES_ButtonWidget"(
                      label: "Guardar",
                      icon: "save",
                      saveInto: {
                        #"SYSTEM_SYSRULES_startProcess"(
                          processModel: #"_a-0000eaa5-8248-8000-e681-01ef9001ef90_8312636",
                          processParameters: {
                            nombre_documento: local!nombre_documento,
                            contrato: ri!contrato,
                            /*documentoSubido: local!documento,*/
                            ejecutivo: ri!ejecutivo,
                            idsDocumentosContrato: if(
                              and(
                                a!isNullOrEmpty(local!valorescontrato_rechazado),
                                a!isNullOrEmpty(local!valorescontrato),
                                a!isNullOrEmpty(local!valoresADF)
                              ),
                              null,
                              reject(
                                fn!isnull,
                                a!flatten(
                                  union(
                                    tointeger(local!valorescontrato_rechazado),
                                    tointeger(local!valorescontrato),
                                    tointeger(local!valoresADF)
                                  )
                                )
                              )
                            ),
                            /*ipremota: ""*/

                          },
                          onSuccess: {
                            a!save(local!valoresADF, null),
                            a!save(local!valorescontrato, null),
                            a!save(local!idDocumentoSeleccionado, null),
                            a!save(local!documentoSeleccionado, null),
                            a!save(local!documento, null),
                            a!save(local!nombre_documento, null)
                          }
                        )
                      },
                      submit: true,
                      style: "PRIMARY",
                      disabled: {
                        if(
                          /*or(*/
                          a!isNullOrEmpty(
                            union(
                              tointeger(local!valorescontrato),
                              tointeger(local!valorescontrato_rechazado),
                              tointeger(local!valoresADF)
                            )
                          ),
                          /*a!isNotNullOrEmpty(local!activo)*/
                          /*),*/
                          true,
                          if(
                            /*a!isNullOrEmpty(local!documento),*/
                            or(
                              a!isNullOrEmpty(local!documento),
                              a!isNullOrEmpty(local!deal)
                            ),
                            true,
                            false
                          )
                        )
                      },
                      loadingIndicator: true
                    )
                  },
                  align: "CENTER",
                  marginAbove: "MORE"
                )
              }
            ),
            #"SYSTEM_SYSRULES_columnLayout"(contents: {})
          }
        )
      },
      {}
    ),
    /*if(*/
    /*a!isNotNullOrEmpty(local!documentos),*/
    /*{*/
    /*a!richTextDisplayField(*/
    /*value: {*/
    /*a!richTextIcon(*/
    /*icon: "warning",*/
    /*color: "NEGATIVE",*/
    /*size: "MEDIUM"*/
    /*),*/
    /*a!richTextItem(*/
    /*text: " El contrato buscado ya existe en las operaciones pendientes",*/
    /*color: "NEGATIVE",*/
    /*size: "MEDIUM",*/
    /*style: "STRONG"*/
    /*)*/
    /*}*/
    /*)*/
    /*},*/
    /*{}*/
    /*),*/
    if(
      a!isNullOrEmpty(local!catalogoDelSegmento),
      #"SYSTEM_SYSRULES_richTextDisplayField"(
        value: {
          #"SYSTEM_SYSRULES_richTextIcon"(
            icon: "warning",
            color: "NEGATIVE",
            size: "MEDIUM"
          ),
          #"SYSTEM_SYSRULES_richTextItem_v1"(
            text: " El segmento no tiene catálogos de documentos asociados, comuníquese con su el admininstrador para solucionar este problema",
            color: "NEGATIVE",
            size: "MEDIUM",
            style: "STRONG"
          )
        }
      ),
      {}
    )
  }
)</definition>
        <namedTypedValue>
            <name>contrato</name>
            <type>
                <name>string</name>
                <namespace>http://www.w3.org/2001/XMLSchema</namespace>
            </type>
            <value/>
        </namedTypedValue>
        <namedTypedValue>
            <name>ejecutivo</name>
            <type>
                <name>V_CDO_Ejecutivo</name>
                <namespace>urn:com:appian:types</namespace>
            </type>
        </namedTypedValue>
        <namedTypedValue>
            <name>refreshCount</name>
            <type>
                <name>int</name>
                <namespace>http://www.w3.org/2001/XMLSchema</namespace>
            </type>
        </namedTypedValue>
        <preferredEditor>interface</preferredEditor>
        <offlineEnabled>false</offlineEnabled>
        <isCustom>false</isCustom>
    </interface>
    <roleMap public="true">
        <role inherit="true" allowForAll="false" name="readers">
            <users/>
            <groups/>
        </role>
        <role inherit="true" allowForAll="false" name="authors">
            <users/>
            <groups/>
        </role>
        <role inherit="true" allowForAll="false" name="administrators">
            <users/>
            <groups/>
        </role>
        <role inherit="false" allowForAll="false" name="denyReaders">
            <users/>
            <groups/>
        </role>
        <role inherit="false" allowForAll="false" name="denyAuthors">
            <users/>
            <groups/>
        </role>
        <role inherit="false" allowForAll="false" name="denyAdministrators">
            <users/>
            <groups/>
        </role>
    </roleMap>
    <typedValue>
        <type>
            <name>RuleTestConfig?list</name>
            <namespace>http://www.appian.com/ae/types/2009</namespace>
        </type>
        <value>
            <el>
                <a:name/>
                <a:ruleInputTestConfigs>
                    <a:value xmlns:xsi="http://www.w3.org/2001/XMLSchema-instance" xsi:type="a:Expression">"60583568041"</a:value>
                    <a:nameRef>contrato</a:nameRef>
                    <a:id>1</a:id>
                </a:ruleInputTestConfigs>
                <a:ruleInputTestConfigs>
                    <a:value xmlns:xsi="http://www.w3.org/2001/XMLSchema-instance" xsi:type="a:Expression">'type!{urn:com:appian:types}V_CDO_Ejecutivo'(
  tipoacceso: "usuario-supervisor", fechaingreso: "1234", nombre: "CHRISTIAN VADESPIN BAUTISTA", expediente: "X497975", idsegmento: 2, usuarioopics: "X497975", idacceso: 61
)</a:value>
                    <a:nameRef>ejecutivo</a:nameRef>
                    <a:id>2</a:id>
                </a:ruleInputTestConfigs>
                <a:ruleInputTestConfigs>
                    <a:value xmlns:xsd="http://www.w3.org/2001/XMLSchema" xmlns:xsi="http://www.w3.org/2001/XMLSchema-instance" xsi:nil="true" xsi:type="xsd:int"/>
                    <a:nameRef>refreshCount</a:nameRef>
                    <a:id>3</a:id>
                </a:ruleInputTestConfigs>
                <a:assertions xmlns:xsi="http://www.w3.org/2001/XMLSchema-instance" xsi:nil="true"/>
            </el>
        </value>
    </typedValue>
    <history>
        <historyInfo versionUuid="_a-0000eaa5-8248-8000-e681-01ef9001ef90_8356978"/>
        <historyInfo versionUuid="_a-0000eabf-35e2-8000-e683-01ef9001ef90_8427755"/>
        <historyInfo versionUuid="_a-0000eabf-35e2-8000-e683-01ef9001ef90_8549260"/>
        <historyInfo versionUuid="_a-0000eb09-d442-8000-e687-01ef9001ef90_8856891"/>
        <historyInfo versionUuid="_a-0000eb09-d442-8000-e687-01ef9001ef90_8992724"/>
        <historyInfo versionUuid="_a-0000eb53-0a0e-8000-e689-01ef9001ef90_9389228"/>
        <historyInfo versionUuid="_a-0000eb53-0a0e-8000-e689-01ef9001ef90_9506979"/>
        <historyInfo versionUuid="_a-0000eb53-0a0e-8000-e689-01ef9001ef90_9535502"/>
        <historyInfo versionUuid="_a-0000eb9b-4ec6-8000-e68b-01ef9001ef90_9619833"/>
        <historyInfo versionUuid="_a-0000eb9b-4ec6-8000-e68b-01ef9001ef90_9646962"/>
    </history>
</contentHaul>
