<?xml version="1.0" encoding="UTF-8" standalone="yes"?>
<contentHaul xmlns:a="http://www.appian.com/ae/types/2009">
    <versionUuid>_a-0000eb53-0a0e-8000-e689-01ef9001ef90_9386331</versionUuid>
    <rule>
        <name>SCDO_validarObtenerReportesExcel</name>
        <uuid>_a-0000e9a7-6d42-8000-e63f-01ef9001ef90_5927078</uuid>
        <description>Regla de expresión para obtener los datos de los reportes dado un excel</description>
        <parentUuid>_a-0000e9a3-ab27-8000-e63d-01ef9001ef90_4829216</parentUuid>
        <visibility>
            <advertise>false</advertise>
            <hierarchy>true</hierarchy>
            <indexable>true</indexable>
            <quota>false</quota>
            <searchable>true</searchable>
            <system>false</system>
            <unlogged>false</unlogged>
        </visibility>
        <definition>a!localVariables(
  local!totalCount: readexcelsheetpaging(
    excelDocument: ri!documento,
    sheetNumber: 0,
    pagingInfo: #"SYSTEM_SYSRULES_pagingInfo"(1, -1),
    numberOfColumns: 0
  ).totalCount,
  local!informacion: readexcelsheetpaging(
    excelDocument: ri!documento,
    sheetNumber: 0,
    pagingInfo: #"SYSTEM_SYSRULES_pagingInfo"(1, local!totalCount),
    numberOfColumns: 0
  ).data,
  local!operaciones: reject(
    fn!isnull,
    a!flatten(
      #"SYSTEM_SYSRULES_forEach"(
        items: local!informacion,
        expression: {
          if(
            fv!index = 1,
            null(),
            fv!item.values[ri!posExcelOperacion]
          )
        }
      )
    ),
  ),
  local!contratos: reject(
    fn!isnull,
    a!flatten(
      #"SYSTEM_SYSRULES_forEach"(
        items: local!informacion,
        expression: {
          if(
            fv!index = 1,
            null(),
            if(
              a!isNullOrEmpty(fv!item.values[ri!posExcelContrato]),
              null,
              fv!item.values[ri!posExcelContrato]
              /*if(*/
                /*len(fv!item.values[ri!posExcelContrato]) &lt; 11,*/
                /*rule!SCDO_insertarCerosParaContrato(contrato: fv!item.values[ri!posExcelContrato], ceros: 11 - len(fv!item.values[ri!posExcelContrato])),*/
                /*fv!item.values[ri!posExcelContrato]*/
              /*)*/
            )
          )
        }
      )
    ),
  ),
  local!reportes: if(
    and(length(local!operaciones) = length(local!contratos), length(local!operaciones) = local!totalCount - 1, ri!tipoReporte = 1),
    reject(
      fn!isnull,
      a!flatten(
        #"SYSTEM_SYSRULES_forEach"(
          items: enumerate(local!totalCount - 1),
          expression: {
            if(
              a!isNullOrEmpty(ri!segmento),
              if(
                a!isNullOrEmpty(#"_a-0000e8d8-9b98-8000-e605-01ef9001ef90_2933354"(operacion: local!operaciones[fv!index], contrato: local!contratos[fv!index])),
                null,
                #"_a-0000e8d8-9b98-8000-e605-01ef9001ef90_2933354"(operacion: local!operaciones[fv!index], contrato: local!contratos[fv!index])
              ),
              reject(
                fn!isnull,
                a!flatten(
                  #"SYSTEM_SYSRULES_forEach"(
                    items: #"_a-0000e8d8-9b98-8000-e605-01ef9001ef90_2933354"(operacion: local!operaciones[fv!index], contrato: local!contratos[fv!index]),
                    expression: {
                      if(
                        a!isNullOrEmpty(#"4abb2c14-ac25-4b4a-a0f6-a11f52071c0b"(usuarioopics: fv!item.usuario).data),
                        null,
                        if(
                          tointeger(#"4abb2c14-ac25-4b4a-a0f6-a11f52071c0b"(usuarioopics: fv!item.usuario).data[1].idsegmento) = ri!segmento,
                          fv!item,
                          null
                        )
                      )
                    }
                  )
                )
              )
            )
          }
        ),
      )
    ),
    if(
      and(length(local!operaciones) = length(local!contratos), length(local!operaciones) = local!totalCount - 1, ri!tipoReporte = 2),
      reject(
        fn!isnull,
        a!flatten(
          #"SYSTEM_SYSRULES_forEach"(
            items: enumerate(local!totalCount - 1),
            expression: {
              if(
                a!isNullOrEmpty(ri!segmento),
                if(
                  a!isNullOrEmpty(#"_a-0000e8d8-9b98-8000-e605-01ef9001ef90_2873730"(operacion: local!operaciones[fv!index], contrato: local!contratos[fv!index])),
                  null,
                  #"_a-0000e8d8-9b98-8000-e605-01ef9001ef90_2873730"(operacion: local!operaciones[fv!index], contrato: local!contratos[fv!index])
                ),
                if(
                  a!isNullOrEmpty(#"_a-0000e8d8-9b98-8000-e605-01ef9001ef90_2873730"(operacion: local!operaciones[fv!index], contrato: local!contratos[fv!index])),
                  null,
                  reject(
                    fn!isnull,
                    a!flatten(
                      #"SYSTEM_SYSRULES_forEach"(
                        items: #"_a-0000e8d8-9b98-8000-e605-01ef9001ef90_2873730"(operacion: local!operaciones[fv!index], contrato: local!contratos[fv!index]),
                        expression: {
                          if(
                            a!isNullOrEmpty(#"4abb2c14-ac25-4b4a-a0f6-a11f52071c0b"(usuarioopics: fv!item.usuario).data),
                            null,
                            if(
                              tointeger(#"4abb2c14-ac25-4b4a-a0f6-a11f52071c0b"(usuarioopics: fv!item.usuario).data[1].idsegmento) = ri!segmento,
                              fv!item,
                              null,
                            )
                          )
                        }
                      )
                    )
                  )
                )
              )
            }
          ),
        )
      ),
      null
    )
  ),
  if(a!isNotNullOrEmpty(local!reportes),
  union(local!reportes,local!reportes),
  local!reportes
  )
 
  

  
)</definition>
        <namedTypedValue>
            <name>documento</name>
            <type>
                <name>CollaborationDocument</name>
                <namespace>http://www.appian.com/ae/types/2009</namespace>
            </type>
        </namedTypedValue>
        <namedTypedValue>
            <name>posExcelOperacion</name>
            <type>
                <name>int</name>
                <namespace>http://www.w3.org/2001/XMLSchema</namespace>
            </type>
        </namedTypedValue>
        <namedTypedValue>
            <name>posExcelContrato</name>
            <type>
                <name>int</name>
                <namespace>http://www.w3.org/2001/XMLSchema</namespace>
            </type>
        </namedTypedValue>
        <namedTypedValue>
            <name>tipoReporte</name>
            <type>
                <name>int</name>
                <namespace>http://www.w3.org/2001/XMLSchema</namespace>
            </type>
        </namedTypedValue>
        <namedTypedValue>
            <name>segmento</name>
            <type>
                <name>int</name>
                <namespace>http://www.w3.org/2001/XMLSchema</namespace>
            </type>
        </namedTypedValue>
        <preferredEditor>legacy</preferredEditor>
        <offlineEnabled>false</offlineEnabled>
    </rule>
    <roleMap public="true">
        <role inherit="true" allowForAll="false" name="readers">
            <users/>
            <groups/>
        </role>
        <role inherit="true" allowForAll="false" name="authors">
            <users/>
            <groups/>
        </role>
        <role inherit="true" allowForAll="false" name="administrators">
            <users/>
            <groups/>
        </role>
        <role inherit="false" allowForAll="false" name="denyReaders">
            <users/>
            <groups/>
        </role>
        <role inherit="false" allowForAll="false" name="denyAuthors">
            <users/>
            <groups/>
        </role>
        <role inherit="false" allowForAll="false" name="denyAdministrators">
            <users/>
            <groups/>
        </role>
    </roleMap>
    <history>
        <historyInfo versionUuid="_a-0000e9a7-6d42-8000-e63f-01ef9001ef90_5941228"/>
        <historyInfo versionUuid="_a-0000eaa5-8248-8000-e681-01ef9001ef90_8230656"/>
        <historyInfo versionUuid="_a-0000eb09-d442-8000-e687-01ef9001ef90_8815491"/>
        <historyInfo versionUuid="_a-0000eb53-0a0e-8000-e689-01ef9001ef90_9386331"/>
    </history>
</contentHaul>
