<?xml version="1.0" encoding="UTF-8" standalone="yes"?>
<contentHaul xmlns:a="http://www.appian.com/ae/types/2009">
    <versionUuid>_a-0000eb53-0a0e-8000-e689-01ef9001ef90_9506284</versionUuid>
    <interface>
        <name>SCDO_Documentacion</name>
        <uuid>_a-0000e878-569a-8000-e5e4-01ef9001ef90_1945903</uuid>
        <description>Interface que pertenece al modulo de documentos </description>
        <parentUuid>_a-0000e801-560f-8000-e5d9-01ef9001ef90_1707049</parentUuid>
        <visibility>
            <advertise>false</advertise>
            <hierarchy>true</hierarchy>
            <indexable>true</indexable>
            <quota>false</quota>
            <searchable>true</searchable>
            <system>false</system>
            <unlogged>false</unlogged>
        </visibility>
        <definition>a!localVariables(
  local!showInformationBanner: true,
  local!showInformationBanner_eliminar: true,
  /*correcto*/
  local!flag: now(),
  local!showWhen: a!refreshVariable(
    value: now() &lt; local!flag,
    refreshInterval: 0.5
  ),
  /*-----*/
  /*error*/
  local!flag_error: now(),
  local!showWhen_error: a!refreshVariable(
    value: now() &lt; local!flag_error,
    /* especifique el intervalo después de cuántos minutos desea finalizar el examen */
    refreshInterval: 0.5
  ),
  /*------*/
  /*correcto_eliminar*/
  local!flag_eliminar: now(),
  local!showWhen_eliminar: a!refreshVariable(
    value: now() &lt; local!flag_eliminar,
    refreshInterval: 0.5
  ),
  /*-----*/
  /*error_elimianr*/
  local!flag_error_eliminar: now(),
  local!showWhen_error_eliminar: a!refreshVariable(
    value: now() &lt; local!flag_error_eliminar,
    /* especifique el intervalo después de cuántos minutos desea finalizar el examen */
    refreshInterval: 0.5
  ),
  /*------*/
  /*-----------------------*/
  local!iddocumentos,
  local!documento,
  local!documentos: a!refreshVariable(
    value: #"_a-0000e982-d80b-8000-e63b-01ef9001ef90_4796242"(iddocumento: null),
    refreshAlways: true
  ),
  local!segmentos: a!refreshVariable(
    value: #"_a-0000e878-569a-8000-e5e4-01ef9001ef90_2233353"(idSegmento: null).data,
    refreshAlways: true
  ),
  local!segmento: #"_a-0000e968-30a1-8000-e639-01ef9001ef90_4305675"(paginInfo: #"SYSTEM_SYSRULES_pagingInfo"(1, - 1)),
  local!startIndex: 1,
  local!batchSize: 10,
  local!doctos_segmentos: #"SYSTEM_SYSRULES_queryEntity_v2"(
    entity: #"_a-0000e94c-78eb-8000-e637-01ef9001ef90_4046282",
    query: #"SYSTEM_SYSRULES_query"(
      logicalExpression: #"SYSTEM_SYSRULES_queryLogicalExpression"(
        operator: "AND",
        filters: {
          #"SYSTEM_SYSRULES_queryFilter"(
            field: "iddocumento",
            operator: "in",
            value: local!iddocumentos,
            applywhen: a!isNotNullOrEmpty(local!iddocumentos)
          )
        },
        ignoreFiltersWithEmptyValues: true
      ),
      pagingInfo: #"SYSTEM_SYSRULES_pagingInfo"(
        startIndex: local!startIndex,
        batchSize: local!batchSize
      )
    ),
    fetchTotalCount: true
  ),
  local!documento_segmento_repetido: if(
    or(
      isnull(ri!documento),
      isnull(ri!segmento)
    ),
    false,
    if(
      a!isNullOrEmpty(
        #"_a-0000e94c-78eb-8000-e637-01ef9001ef90_4046270"(
          idsegmento: ri!segmento,
          iddocumento: ri!documento
        ).data
      ),
      false,
      true
    )
  ),
  {
    #"SYSTEM_SYSRULES_boxLayout"(
      label: "Asignar un Documento a un Segmento",
      contents: {
        #"SYSTEM_SYSRULES_columnsLayout"(
          columns: {
            #"SYSTEM_SYSRULES_columnLayout"(
              contents: {
                #"SYSTEM_SYSRULES_dropdownField_v1"(
                  label: "Documento: ",
                  labelPosition: "ABOVE",
                  placeholder: "--- Selecciona el Documento ---",
                  choiceLabels: index(local!documentos,"documento",{}),
                  choiceValues: index(local!documentos,"iddocumento",{}),
                  value: ri!documento,
                  saveInto: ri!documento,
                  searchDisplay: "AUTO",
                  validations: {}
                )
              }
            ),
            #"SYSTEM_SYSRULES_columnLayout"(
              contents: {
                #"SYSTEM_SYSRULES_dropdownField_v1"(
                  label: "Segmento:",
                  labelPosition: "ABOVE",
                  placeholder: "--- Seleccione el Segmento ---",
                  choiceLabels: index(local!segmentos,"segmento",{}),
                  choiceValues: index(local!segmentos,"idsegmento",{}),
                  value: ri!segmento,
                  saveInto: ri!segmento,
                  searchDisplay: "AUTO",
                  validations: {}
                )
              }
            ),
            #"SYSTEM_SYSRULES_columnLayout"(
              contents: {
                #"SYSTEM_SYSRULES_ButtonArrayLayout"(
                  buttons: {
                    #"SYSTEM_SYSRULES_ButtonWidget"(
                      label: "Asignar",
                      loadingIndicator: true,
                      saveInto: {
                        #"SYSTEM_SYSRULES_startProcess"(
                          processModel: #"_a-0000e94c-78eb-8000-e637-01ef9001ef90_4046303",
                          processParameters: {
                            idsegmento: ri!segmento,
                            iddocumento: ri!documento
                          },
                          onSuccess: {
                            a!save(local!showInformationBanner, true),
                            if(
                              toboolean(fv!processInfo.pv.error) = false,
                              {
                                a!save(local!flag, addseconds(now(), 10)),
                                a!save(ri!segmento, null),
                                a!save(ri!documento, null),
                                a!save(
                                  local!doctos_segmentos,
                                  #"SYSTEM_SYSRULES_queryEntity_v2"(
                                    entity: #"_a-0000e94c-78eb-8000-e637-01ef9001ef90_4046282",
                                    query: #"SYSTEM_SYSRULES_query"(
                                      logicalExpression: #"SYSTEM_SYSRULES_queryLogicalExpression"(
                                        operator: "AND",
                                        filters: {
                                          #"SYSTEM_SYSRULES_queryFilter"(
                                            field: "iddocumento",
                                            operator: "in",
                                            value: local!iddocumentos,
                                            applywhen: a!isNotNullOrEmpty(local!iddocumentos)
                                          )
                                        },
                                        ignoreFiltersWithEmptyValues: true
                                      ),
                                      pagingInfo: #"SYSTEM_SYSRULES_pagingInfo"(
                                        startIndex: local!startIndex,
                                        batchSize: local!batchSize
                                      )
                                    ),
                                    fetchTotalCount: true
                                  )
                                ),
                                a!save(
                                  local!batchSize,
                                  if(
                                    local!doctos_segmentos.totalCount &gt; 10,
                                    10,
                                    local!doctos_segmentos.totalCount
                                  )
                                )
                              },
                              {
                                a!save(
                                  local!flag_error,
                                  addseconds(now(), 10),
                                  
                                ),
                                a!save(ri!segmento, null),
                                a!save(ri!documento, null)
                              }
                            ),

                          },
                          /*onError: {*/
                          /*a!save(ri!segmento, null),*/
                          /*a!save(ri!documento, null)*/
                          /*}*/

                        )
                      },
                      size: "SMALL",
                      style: "DESTRUCTIVE",
                      disabled: if(
                        or(
                          isnull(ri!segmento),
                          isnull(ri!documento),
                          local!documento_segmento_repetido = true
                        ),
                        true,
                        false
                      ),
                      confirmHeader: if(
                        a!isNullOrEmpty(ri!segmento),
                        null,
                        concat(
                          "Al documento: ",
                          index(#"_a-0000e982-d80b-8000-e63b-01ef9001ef90_4796242"(iddocumento: ri!documento),"documento",null),
                          " se le asignará el segmento: ",
                          if(a!isNotNullOrEmpty(#"_a-0000e878-569a-8000-e5e4-01ef9001ef90_2233353"(idSegmento: ri!segmento).data),
                          #"_a-0000e878-569a-8000-e5e4-01ef9001ef90_2233353"(idSegmento: ri!segmento).data[1].segmento, null
                          )
                          
                        )
                      ),
                      confirmMessage: "¿Continuar?"
                    )
                  },
                  align: "CENTER",
                  marginAbove: "MORE"
                )
              }
            )
          }
        ),
        #"SYSTEM_SYSRULES_richTextDisplayField"(
          value: {
            #"SYSTEM_SYSRULES_richTextItem_v1"(
              text: "El Documento seleccionado ya está en el Segmento seleccionado",
              color: "NEGATIVE"
            )
          },
          showWhen: local!documento_segmento_repetido
        )
      },
      marginBelow: "MORE"
    ),
    {
      #"SYSTEM_SYSRULES_sectionLayout_v1"(
        label: "",
        contents: {
          #"SYSTEM_SYSRULES_columnsLayout"(
            columns: {
              /*CORRECTO*/
              #"SYSTEM_SYSRULES_columnLayout"(
                contents: {
                  #"_a-0000eb53-0a0e-8000-e689-01ef9001ef90_9394093"(
                    showInformationBanner: local!showInformationBanner
                  )
                },
                showWhen: and(
                  local!showInformationBanner,
                  local!showWhen
                )
              ),
              /*ERROR*/
              #"SYSTEM_SYSRULES_columnLayout"(
                contents: {
                  #"_a-0000eb53-0a0e-8000-e689-01ef9001ef90_9394317"(
                    showInformationBanner: local!showInformationBanner
                  )
                },
                showWhen: and(
                  local!showInformationBanner,
                  local!showWhen_error
                )
              ),

            }
          )
        }
      ),
      #"SYSTEM_SYSRULES_sectionLayout_v1"(
        label: "",
        contents: {
          #"SYSTEM_SYSRULES_columnsLayout"(
            columns: {
              /*CORRECTO ELIMINAR*/
              #"SYSTEM_SYSRULES_columnLayout"(
                contents: {
                  #"_a-0000eb53-0a0e-8000-e689-01ef9001ef90_9394093"(
                    showInformationBanner: local!showInformationBanner_eliminar
                  )
                },
                showWhen: and(
                  local!showInformationBanner_eliminar,
                  local!showWhen_eliminar
                )
              ),
              /*ERROR ELIMINAR*/
              #"SYSTEM_SYSRULES_columnLayout"(
                contents: {
                  #"_a-0000eb53-0a0e-8000-e689-01ef9001ef90_9394317"(
                    showInformationBanner: local!showInformationBanner_eliminar
                  )
                },
                showWhen: and(
                  local!showInformationBanner_eliminar,
                  local!showWhen_error_eliminar
                )
              ),

            }
          )
        }
      ),
      #"SYSTEM_SYSRULES_columnsLayout"(
        columns: {
          #"SYSTEM_SYSRULES_columnLayout"(
            contents: {
              #"SYSTEM_SYSRULES_textField"(
                label: "Por Documento:",
                labelPosition: "ADJACENT",
                value: local!documento,
                saveInto: local!documento,
                refreshAfter: "UNFOCUS",
                validations: {}
              )
            },
            width: "MEDIUM"
          ),
          #"SYSTEM_SYSRULES_columnLayout"(
            contents: {
              #"SYSTEM_SYSRULES_ButtonArrayLayout"(
                buttons: {
                  #"SYSTEM_SYSRULES_ButtonWidget"(
                    label: "Buscar",
                    loadingIndicator: true,
                    icon: "search",
                    saveInto: {
                      a!save(
                        local!iddocumentos,
                        if(
                          a!isNullOrEmpty(
                            #"_a-0000e968-30a1-8000-e639-01ef9001ef90_4493570"(documento: local!documento)
                          ),
                          null,
                          a!flatten(
                            #"_a-0000e968-30a1-8000-e639-01ef9001ef90_4493570"(documento: local!documento).iddocumento
                          )
                        )
                      ),
                      a!save(
                        local!doctos_segmentos,
                        #"SYSTEM_SYSRULES_queryEntity_v2"(
                          entity: #"_a-0000e94c-78eb-8000-e637-01ef9001ef90_4046282",
                          query: #"SYSTEM_SYSRULES_query"(
                            logicalExpression: #"SYSTEM_SYSRULES_queryLogicalExpression"(
                              operator: "AND",
                              filters: {
                                #"SYSTEM_SYSRULES_queryFilter"(
                                  field: "iddocumento",
                                  operator: "in",
                                  value: local!iddocumentos,
                                  applywhen: a!isNotNullOrEmpty(local!iddocumentos)
                                ),
                                #"SYSTEM_SYSRULES_queryFilter"(
                                  field: "iddocumento",
                                  operator: "=",
                                  value: - 1,
                                  applywhen: and(
                                    a!isNullOrEmpty(local!iddocumentos),
                                    a!isNotNullOrEmpty(local!documento)
                                  )
                                )
                              },
                              ignoreFiltersWithEmptyValues: true
                            ),
                            pagingInfo: #"SYSTEM_SYSRULES_pagingInfo"(
                              startIndex: local!startIndex,
                              batchSize: local!batchSize
                            )
                          ),
                          fetchTotalCount: true
                        )
                      ),
                      a!save(local!startIndex,1),
                      a!save(
                        local!batchSize,
                        if(
                          local!doctos_segmentos.totalCount &gt; 10,
                          10,
                          local!doctos_segmentos.totalCount
                        )
                      )
                    },
                    size: "SMALL",
                    style: "DESTRUCTIVE"
                  )
                },
                align: "START"
              )
            }
          )
        }
      ),
      #"SYSTEM_SYSRULES_gridLayout"(
        label: "Tabla de Relación Documento-Segmento:",
        emptyGridMessage: "No hay elementos que coincidan con la búsqueda",
        labelPosition: "ABOVE",
        headerCells: {
          #"SYSTEM_SYSRULES_gridLayoutHeaderCell"(label: "Documento", align: "CENTER"),
          #"SYSTEM_SYSRULES_gridLayoutHeaderCell"(
            label: "Tipo de Documento",
            align: "CENTER"
          ),
          #"SYSTEM_SYSRULES_gridLayoutHeaderCell"(label: "Descripción", align: "CENTER"),
          #"SYSTEM_SYSRULES_gridLayoutHeaderCell"(label: "Segmento", align: "CENTER"),
          #"SYSTEM_SYSRULES_gridLayoutHeaderCell"(label: "Orden", align: "CENTER"),
          #"SYSTEM_SYSRULES_gridLayoutHeaderCell"(label: "Acción", align: "CENTER")
        },
        columnConfigs: {
          #"SYSTEM_SYSRULES_gridLayoutColumnConfig"(width: "DISTRIBUTE"),
          #"SYSTEM_SYSRULES_gridLayoutColumnConfig"(width: "DISTRIBUTE"),
          #"SYSTEM_SYSRULES_gridLayoutColumnConfig"(width: "DISTRIBUTE"),
          #"SYSTEM_SYSRULES_gridLayoutColumnConfig"(width: "DISTRIBUTE"),
          #"SYSTEM_SYSRULES_gridLayoutColumnConfig"(width: "DISTRIBUTE"),
          #"SYSTEM_SYSRULES_gridLayoutColumnConfig"(width: "ICON")
        },
        rows: #"SYSTEM_SYSRULES_forEach"(
          items: local!doctos_segmentos.data,
          expression: {
            #"SYSTEM_SYSRULES_gridRowLayout"(
              id: fv!index,
              contents: {
                #"SYSTEM_SYSRULES_textField"(
                  value: index(
                    #"_a-0000e968-30a1-8000-e639-01ef9001ef90_4493570"(iddocumento: fv!item.iddocumento),
                    "documento",
                    "NO"
                  ),
                  readOnly: true,
                  align: "CENTER"
                ),
                #"SYSTEM_SYSRULES_textField"(
                  value: index(
                    #"_a-0000e968-30a1-8000-e639-01ef9001ef90_4493570"(iddocumento: fv!item.iddocumento),
                    "documentaa",
                    "NO"
                  ),
                  readOnly: true,
                  align: "CENTER"
                ),
                #"SYSTEM_SYSRULES_textField"(
                  value: index(
                    #"_a-0000e968-30a1-8000-e639-01ef9001ef90_4493570"(iddocumento: fv!item.iddocumento),
                    "descripcion",
                    "NO"
                  ),
                  readOnly: true,
                  align: "CENTER"
                ),
                #"SYSTEM_SYSRULES_textField"(
                  value: 
                  if(a!isNotNullOrEmpty(#"_a-0000e878-569a-8000-e5e4-01ef9001ef90_2233353"(idSegmento: fv!item.idsegmento).data),
                  #"_a-0000e878-569a-8000-e5e4-01ef9001ef90_2233353"(idSegmento: fv!item.idsegmento).data[1].segmento,"NO"
                  ),
                  
                  /*index(*/
                    /*rule!SCDO_getSegmentoByFilters(idSegmento: fv!item.idsegmento).data,*/
                    /*"segmento",*/
                    /*"NO"*/
                  /*),*/
                  readOnly: true,
                  align: "CENTER"
                ),
                #"SYSTEM_SYSRULES_textField"(
                  value: index(
                    #"_a-0000e968-30a1-8000-e639-01ef9001ef90_4493570"(iddocumento: fv!item.iddocumento),
                    "orden",
                    "NO"
                  ),
                  readOnly: true,
                  align: "CENTER"
                ),
                #"SYSTEM_SYSRULES_ButtonArrayLayout"(
                  buttons: {
                    #"SYSTEM_SYSRULES_ButtonWidget"(
                      icon: "trash-o",
                      tooltip: "Eliminar Segmento",
                      loadingIndicator: true,
                      value: fv!index,
                      saveInto: {
                        
                        #"SYSTEM_SYSRULES_startProcess"(
                          processModel: #"_a-0000eabf-35e2-8000-e683-01ef9001ef90_8477430",
                          processParameters: { iddoctosseg: fv!item.iddoctosseg },
                          onSuccess: {
                            a!save(
                              local!showInformationBanner_eliminar,
                              true
                            ),
                            if(
                              toboolean(fv!processInfo.pv.error) = false,
                              { a!save(
                                local!flag_eliminar,
                                addseconds(now(), 10)
                              ),
                              a!save(
                                local!doctos_segmentos,
                                #"SYSTEM_SYSRULES_queryEntity_v2"(
                                  entity: #"_a-0000e94c-78eb-8000-e637-01ef9001ef90_4046282",
                                  query: #"SYSTEM_SYSRULES_query"(
                                    logicalExpression: #"SYSTEM_SYSRULES_queryLogicalExpression"(
                                      operator: "AND",
                                      filters: {
                                        #"SYSTEM_SYSRULES_queryFilter"(
                                          field: "iddocumento",
                                          operator: "in",
                                          value: local!iddocumentos,
                                          applywhen: a!isNotNullOrEmpty(local!iddocumentos)
                                        )
                                      },
                                      ignoreFiltersWithEmptyValues: true
                                    ),
                                    pagingInfo: #"SYSTEM_SYSRULES_pagingInfo"(
                                      startIndex: local!startIndex,
                                      batchSize: local!batchSize
                                    )
                                  ),
                                  fetchTotalCount: true
                                )
                              ),
                              a!save(
                                local!batchSize,
                                if(
                                  local!doctos_segmentos.totalCount &gt; 10,
                                  10,
                                  local!doctos_segmentos.totalCount
                                )
                              )
                              },
                              a!save(
                                local!flag_error_eliminar,
                                addseconds(now(), 10)
                              )
                            ),
                          
                          },
                          onError: {}
                        ),

                      },
                      size: "SMALL",
                      style: "DESTRUCTIVE",
                      confirmHeader: if(
                        or(
                          a!isNullOrEmpty(fv!item.iddocumento),
                          a!isNullOrEmpty(fv!item.idsegmento)
                        ),
                        "Se recomienda eliminar este registro",
                        concat(
                          "Se eliminará la documentación: ",
                          index(
                            #"_a-0000e968-30a1-8000-e639-01ef9001ef90_4493570"(iddocumento: fv!item.iddocumento),
                            "documento",
                            "No Existe"
                          ),
                          " ,para el Segmento: ",
                          index(
                            #"_a-0000e878-569a-8000-e5e4-01ef9001ef90_2233353"(idSegmento: fv!item.idsegmento).data,
                            "segmento",
                            "NO"
                          )
                        )
                      ),
                      confirmMessage: "¿Continuar?"
                    )
                  },
                  align: "CENTER"
                )
              }
            )
          }
        ),
        selectionSaveInto: {},
        validations: {},
        shadeAlternateRows: true
      ),
      #"SYSTEM_SYSRULES_richTextDisplayField"(
        labelPosition: "COLLAPSED",
        value: {
          #"SYSTEM_SYSRULES_richTextIcon"(
            icon: "angle-double-left",
            link: #"SYSTEM_SYSRULES_dynamicLink"(
              saveInto: {
                a!save(local!startIndex, 1),
                a!save(local!batchSize, 10)
              },
              showWhen: not(local!startIndex = 1)
            ),
            linkStyle: "STANDALONE",
            size: "MEDIUM_PLUS"
          ),
          #"SYSTEM_SYSRULES_richTextIcon"(
            icon: "angle-left",
            link: #"SYSTEM_SYSRULES_dynamicLink"(
              saveInto: {
                a!save(
                  local!startIndex,
                  tointeger(local!startIndex - 10)
                )
              },
              showWhen: not(local!startIndex = 1)
            ),
            linkStyle: "STANDALONE",
            size: "MEDIUM_PLUS"
          ),
          #"SYSTEM_SYSRULES_richTextItem_v1"(
            text: {
              #"SYSTEM_SYSRULES_richTextItem_v1"(
                text: {
                  if(
                    a!isNullOrEmpty(local!doctos_segmentos.data),
                    0,
                    local!startIndex
                  ) &amp; " - " &amp; if(
                    (local!startIndex + local!batchSize - 1) &gt; local!doctos_segmentos.totalCount,
                    local!doctos_segmentos.totalCount,
                    local!startIndex + local!batchSize - 1
                  )
                },
                style: { "STRONG" }
              ),
              " de " &amp; local!doctos_segmentos.totalCount
            },
            size: "STANDARD"
          ),
          #"SYSTEM_SYSRULES_richTextIcon"(
            icon: "angle-right",
            link: #"SYSTEM_SYSRULES_dynamicLink"(
              saveInto: {
                a!save(
                  local!startIndex,
                  tointeger(local!startIndex + 10)
                )
              },
              showWhen: not(
                local!startIndex + 10 &gt;= local!doctos_segmentos.totalCount
              )
            ),
            linkStyle: "STANDALONE",
            size: "MEDIUM_PLUS"
          ),
          #"SYSTEM_SYSRULES_richTextIcon"(
            icon: "angle-double-right",
            link: #"SYSTEM_SYSRULES_dynamicLink"(
              saveInto: {
                a!save(
                  local!startIndex,
                  tointeger(
                    local!doctos_segmentos.totalCount - tointeger(
                      right(local!doctos_segmentos.totalCount)
                    ) - 9
                  )
                )
              },
              showWhen: not(
                local!startIndex + 10 &gt;= local!doctos_segmentos.totalCount
              )
            ),
            linkStyle: "STANDALONE",
            size: "MEDIUM_PLUS"
          )
        },
        align: "RIGHT"
      )
    }
  }
)</definition>
        <namedTypedValue>
            <name>segmento</name>
            <type>
                <name>int</name>
                <namespace>http://www.w3.org/2001/XMLSchema</namespace>
            </type>
        </namedTypedValue>
        <namedTypedValue>
            <name>documento</name>
            <type>
                <name>int</name>
                <namespace>http://www.w3.org/2001/XMLSchema</namespace>
            </type>
        </namedTypedValue>
        <preferredEditor>interface</preferredEditor>
        <offlineEnabled>false</offlineEnabled>
        <isCustom>false</isCustom>
    </interface>
    <roleMap public="true">
        <role inherit="true" allowForAll="false" name="readers">
            <users/>
            <groups/>
        </role>
        <role inherit="true" allowForAll="false" name="authors">
            <users/>
            <groups/>
        </role>
        <role inherit="true" allowForAll="false" name="administrators">
            <users/>
            <groups/>
        </role>
        <role inherit="false" allowForAll="false" name="denyReaders">
            <users/>
            <groups/>
        </role>
        <role inherit="false" allowForAll="false" name="denyAuthors">
            <users/>
            <groups/>
        </role>
        <role inherit="false" allowForAll="false" name="denyAdministrators">
            <users/>
            <groups/>
        </role>
    </roleMap>
    <history>
        <historyInfo versionUuid="_a-0000e8b2-d897-8000-e5f1-01ef9001ef90_2379428"/>
        <historyInfo versionUuid="_a-0000ea3c-477e-8000-e648-01ef9001ef90_6954739"/>
        <historyInfo versionUuid="_a-0000eabf-35e2-8000-e683-01ef9001ef90_8477571"/>
        <historyInfo versionUuid="_a-0000eb09-d442-8000-e687-01ef9001ef90_8805735"/>
        <historyInfo versionUuid="_a-0000eb53-0a0e-8000-e689-01ef9001ef90_9395173"/>
        <historyInfo versionUuid="_a-0000eb53-0a0e-8000-e689-01ef9001ef90_9450352"/>
        <historyInfo versionUuid="_a-0000eb53-0a0e-8000-e689-01ef9001ef90_9465666"/>
        <historyInfo versionUuid="_a-0000eb53-0a0e-8000-e689-01ef9001ef90_9506284"/>
    </history>
</contentHaul>
