<?xml version="1.0" encoding="UTF-8" standalone="yes"?>
<contentHaul xmlns:a="http://www.appian.com/ae/types/2009">
    <versionUuid>_a-0000eb53-0a0e-8000-e689-01ef9001ef90_9386681</versionUuid>
    <rule>
        <name>SCDO_opcionesMantenimiento</name>
        <uuid>_a-0000e9a7-6d42-8000-e63f-01ef9001ef90_5221019</uuid>
        <description>Expression Rule contiene las opciones de el modulo Mantenimiento</description>
        <parentUuid>_a-0000e9a3-ab27-8000-e63d-01ef9001ef90_4829216</parentUuid>
        <visibility>
            <advertise>false</advertise>
            <hierarchy>true</hierarchy>
            <indexable>true</indexable>
            <quota>false</quota>
            <searchable>true</searchable>
            <system>false</system>
            <unlogged>false</unlogged>
        </visibility>
        <definition>{
  {
    titulo: #"_a-0000e9a7-6d42-8000-e63f-01ef9001ef90_5220995"[1],
    icono: "check-double",
    perfiles: {#"_a-0000e867-3fd5-8000-e5e3-01ef9001ef90_1881741", #"_a-0000e867-3fd5-8000-e5e3-01ef9001ef90_1881746"},
  },
  {
    titulo: #"_a-0000e9a7-6d42-8000-e63f-01ef9001ef90_5220995"[2],
    icono: "long-arrow-right",
    perfiles: {#"_a-0000e867-3fd5-8000-e5e3-01ef9001ef90_1881741", #"_a-0000e867-3fd5-8000-e5e3-01ef9001ef90_1881746"},
  },
  {
    titulo: #"_a-0000e9a7-6d42-8000-e63f-01ef9001ef90_5220995"[3],
    icono: "user-cog",
    perfiles: {#"_a-0000e867-3fd5-8000-e5e3-01ef9001ef90_1881741", #"_a-0000e867-3fd5-8000-e5e3-01ef9001ef90_1881746"},
  },
  {
    titulo: #"_a-0000e9a7-6d42-8000-e63f-01ef9001ef90_5220995"[4],
    icono: "check-square-o",
    perfiles: {#"_a-0000e867-3fd5-8000-e5e3-01ef9001ef90_1881741", #"_a-0000e867-3fd5-8000-e5e3-01ef9001ef90_1881746"},
  },
  
},</definition>
        <preferredEditor>legacy</preferredEditor>
        <offlineEnabled>false</offlineEnabled>
    </rule>
    <roleMap public="true">
        <role inherit="true" allowForAll="false" name="readers">
            <users/>
            <groups/>
        </role>
        <role inherit="true" allowForAll="false" name="authors">
            <users/>
            <groups/>
        </role>
        <role inherit="true" allowForAll="false" name="administrators">
            <users/>
            <groups/>
        </role>
        <role inherit="false" allowForAll="false" name="denyReaders">
            <users/>
            <groups/>
        </role>
        <role inherit="false" allowForAll="false" name="denyAuthors">
            <users/>
            <groups/>
        </role>
        <role inherit="false" allowForAll="false" name="denyAdministrators">
            <users/>
            <groups/>
        </role>
    </roleMap>
    <history>
        <historyInfo versionUuid="_a-0000e9a7-6d42-8000-e63f-01ef9001ef90_5769305"/>
        <historyInfo versionUuid="_a-0000eb53-0a0e-8000-e689-01ef9001ef90_9386681"/>
    </history>
</contentHaul>
