<?xml version="1.0" encoding="UTF-8" standalone="yes"?>
<contentHaul xmlns:a="http://www.appian.com/ae/types/2009">
    <versionUuid>_a-0000eb53-0a0e-8000-e689-01ef9001ef90_9389026</versionUuid>
    <interface>
        <name>SCDO_CargaOperacionInterfaz</name>
        <uuid>_a-0000e9a7-6d42-8000-e63f-01ef9001ef90_5999843</uuid>
        <description>Regla de interfaz que explica el funcionamiento del proceso de carga de operaciones
</description>
        <parentUuid>_a-0000e801-560f-8000-e5d9-01ef9001ef90_1707049</parentUuid>
        <visibility>
            <advertise>false</advertise>
            <hierarchy>true</hierarchy>
            <indexable>true</indexable>
            <quota>false</quota>
            <searchable>true</searchable>
            <system>false</system>
            <unlogged>false</unlogged>
        </visibility>
        <definition>a!localVariables(
  
  local!confirmarMarcaje,
  {
    #"SYSTEM_SYSRULES_richTextDisplayField"(
      labelPosition: "COLLAPSED",
      value: {
        #"SYSTEM_SYSRULES_richTextItem_v1"(
          text: {
            "Carga de operaciones"
          },
          color: "#ff0000",
          size: "MEDIUM_PLUS"
        )
      },
      align: "CENTER"
    ),
    #"SYSTEM_SYSRULES_columnsLayout"(
      columns: {
        #"SYSTEM_SYSRULES_columnLayout"(
          width: "AUTO"
        ),
        #"SYSTEM_SYSRULES_columnLayout"(
          contents: {
            #"SYSTEM_SYSRULES_cardLayout"(
              contents: {
                #"SYSTEM_SYSRULES_richTextDisplayField"(
                  align: "CENTER",
                  value: {
                    #"SYSTEM_SYSRULES_richTextItem_v1"(
                      text: concat("La carga de operaciones parte de un archivo de extension .txt. Se analizaran cada uno de las operaciones que se encuentren este fichero.",char(10), "Las operaciones encontradas en el archivo serán insertadas automáticamente en la base de datos", char(10), "Una vez finalizado el proceso se mostrarán los detalles de este"),
                      size: "MEDIUM",
                      
                    )
                  }
                ),
                
              },
              style: "INFO",
              padding: "STANDARD",
              showShadow: true,
              shape: "ROUNDED"
            )
          }
        ),
        #"SYSTEM_SYSRULES_columnLayout"(
          width: "AUTO"
        )
      }
    ),
    #"SYSTEM_SYSRULES_checkboxField"(
      align: "CENTER",
      choiceLabels: {if(isnull(local!confirmarMarcaje), "Marque esta opción si ha entendido para poder iniciar el proceso", "Entendido, puede Iniciar el proceso")},
      choiceValues: {true},
      saveInto: local!confirmarMarcaje,
      value: local!confirmarMarcaje,
    ),
    #"SYSTEM_SYSRULES_linkField"(
      align: "CENTER",
      links: {
        #"SYSTEM_SYSRULES_startProcessLink"(
          label: "Iniciar el proceso",
          processModel: #"_a-0000e9a7-6d42-8000-e63f-01ef9001ef90_5202056",
          processParameters: {
            botonAccion_txt: null,
            documentosSubidosList_doc: null,
          },
        )
      },
      showWhen: {
        if(
          isnull(local!confirmarMarcaje),
          false,
          true
        )
      }
    ),

  }
)</definition>
        <preferredEditor>interface</preferredEditor>
        <offlineEnabled>false</offlineEnabled>
        <isCustom>false</isCustom>
    </interface>
    <roleMap public="true">
        <role inherit="true" allowForAll="false" name="readers">
            <users/>
            <groups/>
        </role>
        <role inherit="true" allowForAll="false" name="authors">
            <users/>
            <groups/>
        </role>
        <role inherit="true" allowForAll="false" name="administrators">
            <users/>
            <groups/>
        </role>
        <role inherit="false" allowForAll="false" name="denyReaders">
            <users/>
            <groups/>
        </role>
        <role inherit="false" allowForAll="false" name="denyAuthors">
            <users/>
            <groups/>
        </role>
        <role inherit="false" allowForAll="false" name="denyAdministrators">
            <users/>
            <groups/>
        </role>
    </roleMap>
    <history>
        <historyInfo versionUuid="_a-0000e9a7-6d42-8000-e63f-01ef9001ef90_6003302"/>
        <historyInfo versionUuid="_a-0000eb53-0a0e-8000-e689-01ef9001ef90_9389026"/>
    </history>
</contentHaul>
