<?xml version="1.0" encoding="UTF-8" standalone="yes"?>
<contentHaul xmlns:a="http://www.appian.com/ae/types/2009">
    <versionUuid>_a-0000eb53-0a0e-8000-e689-01ef9001ef90_9386559</versionUuid>
    <rule>
        <name>SCDO_LLENAR_REPORTES_INSERTAR_DIGITALIZADOS</name>
        <uuid>_a-0000eaa5-8248-8000-e681-01ef9001ef90_8334743</uuid>
        <description>Regla de expresión para obtener las imágenes pendientes a insertar en digitalizados</description>
        <parentUuid>_a-0000e9a3-ab27-8000-e63d-01ef9001ef90_4829216</parentUuid>
        <visibility>
            <advertise>false</advertise>
            <hierarchy>true</hierarchy>
            <indexable>true</indexable>
            <quota>false</quota>
            <searchable>true</searchable>
            <system>false</system>
            <unlogged>false</unlogged>
        </visibility>
        <definition>a!localVariables(
  local!digitalizados:if(a!isNotNullOrEmpty(ri!imagenes_pendientes),
  #"SYSTEM_SYSRULES_forEach"(
    items: ri!imagenes_pendientes,
    expression: {
      a!localVariables(
        local!id_reporte:if(fv!item.tipo="OBS",
        #"_a-0000eaa5-8248-8000-e681-01ef9001ef90_8334755"(imagen_pendiente:fv!item,reportes:ri!reportes)
        ,null
        ),
        if(a!isNotNullOrEmpty(local!id_reporte),
        'type!{urn:com:appian:types}cdo_digitalizados'(          
          operacion:fv!item.deal,         
          estado:"P",
          nombreimagen:fv!item.nombreimagenobs,
          iddocumento:fv!item.iddocumento,
          contrato:fv!item.contrato,
          idreporte: local!id_reporte.idreporte,
        
        ),
        null
        )
      )                 
    }
  ),
  null
  
  ),
  local!devolver: a!flatten(reject(fn!isnull, local!digitalizados)),
  local!devolver
  
)</definition>
        <namedTypedValue>
            <name>imagenes_pendientes</name>
            <type>
                <name>cdo_imagenes_pendientes?list</name>
                <namespace>urn:com:appian:types</namespace>
            </type>
        </namedTypedValue>
        <namedTypedValue>
            <name>reportes</name>
            <type>
                <name>cdo_reportes?list</name>
                <namespace>urn:com:appian:types</namespace>
            </type>
        </namedTypedValue>
        <preferredEditor>legacy</preferredEditor>
        <offlineEnabled>false</offlineEnabled>
    </rule>
    <roleMap public="true">
        <role inherit="true" allowForAll="false" name="readers">
            <users/>
            <groups/>
        </role>
        <role inherit="true" allowForAll="false" name="authors">
            <users/>
            <groups/>
        </role>
        <role inherit="true" allowForAll="false" name="administrators">
            <users/>
            <groups/>
        </role>
        <role inherit="false" allowForAll="false" name="denyReaders">
            <users/>
            <groups/>
        </role>
        <role inherit="false" allowForAll="false" name="denyAuthors">
            <users/>
            <groups/>
        </role>
        <role inherit="false" allowForAll="false" name="denyAdministrators">
            <users/>
            <groups/>
        </role>
    </roleMap>
    <history>
        <historyInfo versionUuid="_a-0000eaa5-8248-8000-e681-01ef9001ef90_8334820"/>
        <historyInfo versionUuid="_a-0000eb53-0a0e-8000-e689-01ef9001ef90_9386559"/>
    </history>
</contentHaul>
