<?xml version="1.0" encoding="UTF-8" standalone="yes"?>
<contentHaul xmlns:a="http://www.appian.com/ae/types/2009">
    <versionUuid>_a-0000eb53-0a0e-8000-e689-01ef9001ef90_9393047</versionUuid>
    <constant>
        <name>SCDO_Proceso_Exportar_Excel_Catalogo_Usuarios_Opics</name>
        <uuid>_a-0000e8c4-62ba-8000-e603-01ef9001ef90_2652549</uuid>
        <description>Apunta al proceso de exportación del catálogo de Usuarios Opics
SCDO_Generar_Documento_Excel_Usuarios_Opics</description>
        <parentUuid>_a-0000e878-569a-8000-e5e4-01ef9001ef90_1932877</parentUuid>
        <visibility>
            <advertise>false</advertise>
            <hierarchy>true</hierarchy>
            <indexable>true</indexable>
            <quota>false</quota>
            <searchable>true</searchable>
            <system>false</system>
            <unlogged>false</unlogged>
        </visibility>
        <typedValue>
            <type>
                <name>ProcessModel</name>
                <namespace>http://www.appian.com/ae/types/2009</namespace>
            </type>
            <value>0002e8d3-97c1-8000-78cb-014d98014d98</value>
        </typedValue>
        <isEnvironmentSpecific>false</isEnvironmentSpecific>
    </constant>
    <roleMap public="true">
        <role inherit="true" allowForAll="false" name="readers">
            <users/>
            <groups/>
        </role>
        <role inherit="true" allowForAll="false" name="authors">
            <users/>
            <groups/>
        </role>
        <role inherit="true" allowForAll="false" name="administrators">
            <users/>
            <groups/>
        </role>
        <role inherit="false" allowForAll="false" name="denyReaders">
            <users/>
            <groups/>
        </role>
        <role inherit="false" allowForAll="false" name="denyAuthors">
            <users/>
            <groups/>
        </role>
        <role inherit="false" allowForAll="false" name="denyAdministrators">
            <users/>
            <groups/>
        </role>
    </roleMap>
    <history>
        <historyInfo versionUuid="_a-0000e8c4-62ba-8000-e603-01ef9001ef90_2652553"/>
        <historyInfo versionUuid="_a-0000e968-30a1-8000-e639-01ef9001ef90_4303812"/>
        <historyInfo versionUuid="_a-0000eb53-0a0e-8000-e689-01ef9001ef90_9393047"/>
    </history>
</contentHaul>
