<?xml version="1.0" encoding="UTF-8" standalone="yes"?>
<contentHaul xmlns:a="http://www.appian.com/ae/types/2009">
    <versionUuid>_a-0000eb53-0a0e-8000-e689-01ef9001ef90_9451736</versionUuid>
    <rule>
        <name>SCDO_getCentroCostoByFiltersSucursalesPendientes</name>
        <uuid>_a-0000e968-30a1-8000-e639-01ef9001ef90_4306044</uuid>
        <description>Regla que consulta todos los datos del CDT Centro de Costo</description>
        <parentUuid>_a-0000e9a7-6d42-8000-e63f-01ef9001ef90_4873693</parentUuid>
        <visibility>
            <advertise>false</advertise>
            <hierarchy>true</hierarchy>
            <indexable>true</indexable>
            <quota>false</quota>
            <searchable>true</searchable>
            <system>false</system>
            <unlogged>false</unlogged>
        </visibility>
        <definition>#"SYSTEM_SYSRULES_queryEntity_v2"(
  fetchTotalCount: ri!fetchTotalCount,
  entity: #"_a-0000e8b2-d897-8000-e5f1-01ef9001ef90_2379550",
  query: #"SYSTEM_SYSRULES_query"(
    selection: if(
      a!isNullOrEmpty(
        ri!seleccionColumnas
      ),
      {},
      #"SYSTEM_SYSRULES_querySelection"(
        columns: {
          #"SYSTEM_SYSRULES_forEach"(
            items: ri!seleccionColumnas,
            expression: #"SYSTEM_SYSRULES_queryColumn"(
              field: fv!item
            )
          )
        }
      )
    ),
    logicalExpression:
    #"SYSTEM_SYSRULES_queryLogicalExpression"(
      ignoreFiltersWithEmptyValues: true(),
      operator: "AND",
      logicalexpressions: {

        #"SYSTEM_SYSRULES_queryLogicalExpression"(

          operator: "AND",
          filters: {
            #"SYSTEM_SYSRULES_queryFilter"(
              field: "idccostos",
              operator: "=",
              value: ri!idccostos,
              applywhen: a!isNotNullOrEmpty(ri!idccostos)
            ),
            #"SYSTEM_SYSRULES_queryFilter"(
              field: "cc",
              operator: "includes",
              value: ri!cc,
              applywhen: a!isNotNullOrEmpty(ri!cc)
            ),
            #"SYSTEM_SYSRULES_queryFilter"(
              field: "nombre",
              operator: "includes",
              value: ri!nombre,
              applywhen: a!isNotNullOrEmpty(ri!nombre)
            ),
            #"SYSTEM_SYSRULES_queryFilter"(
              field: "idsegmento",
              operator: "=",
              value: ri!idsegmento,
              applywhen: a!isNotNullOrEmpty(ri!idsegmento)
            ),
            #"SYSTEM_SYSRULES_queryFilter"(
              field: "idregion",
              operator: "=",
              value: ri!idregion,
              applywhen: a!isNotNullOrEmpty(ri!idregion)
            ),
            #"SYSTEM_SYSRULES_queryFilter"(
              field: "idzona",
              operator: "=",
              value: ri!idzona,
              applywhen: a!isNotNullOrEmpty(ri!idzona)
            )
          },
          ignoreFiltersWithEmptyValues: true
        ),


      }

    ),

    pagingInfo: a!defaultValue(ri!paginInfo,#"SYSTEM_SYSRULES_pagingInfo"(1, 20))
  ),

).data


</definition>
        <namedTypedValue>
            <name>idccostos</name>
            <type>
                <name>int</name>
                <namespace>http://www.w3.org/2001/XMLSchema</namespace>
            </type>
        </namedTypedValue>
        <namedTypedValue>
            <name>cc</name>
            <type>
                <name>string</name>
                <namespace>http://www.w3.org/2001/XMLSchema</namespace>
            </type>
            <value/>
        </namedTypedValue>
        <namedTypedValue>
            <name>idsegmento</name>
            <type>
                <name>int</name>
                <namespace>http://www.w3.org/2001/XMLSchema</namespace>
            </type>
        </namedTypedValue>
        <namedTypedValue>
            <name>idregion</name>
            <type>
                <name>int</name>
                <namespace>http://www.w3.org/2001/XMLSchema</namespace>
            </type>
        </namedTypedValue>
        <namedTypedValue>
            <name>nombre</name>
            <type>
                <name>string</name>
                <namespace>http://www.w3.org/2001/XMLSchema</namespace>
            </type>
            <value/>
        </namedTypedValue>
        <namedTypedValue>
            <name>idzona</name>
            <type>
                <name>int</name>
                <namespace>http://www.w3.org/2001/XMLSchema</namespace>
            </type>
        </namedTypedValue>
        <namedTypedValue>
            <name>paginInfo</name>
            <type>
                <name>PagingInfo</name>
                <namespace>http://www.appian.com/ae/types/2009</namespace>
            </type>
        </namedTypedValue>
        <namedTypedValue>
            <name>seleccionColumnas</name>
            <type>
                <name>Text?list</name>
                <namespace>http://www.appian.com/ae/types/2009</namespace>
            </type>
        </namedTypedValue>
        <namedTypedValue>
            <name>fetchTotalCount</name>
            <type>
                <name>boolean</name>
                <namespace>http://www.w3.org/2001/XMLSchema</namespace>
            </type>
        </namedTypedValue>
        <preferredEditor>legacy</preferredEditor>
        <offlineEnabled>false</offlineEnabled>
    </rule>
    <roleMap public="true">
        <role inherit="true" allowForAll="false" name="readers">
            <users/>
            <groups/>
        </role>
        <role inherit="true" allowForAll="false" name="authors">
            <users/>
            <groups/>
        </role>
        <role inherit="true" allowForAll="false" name="administrators">
            <users/>
            <groups/>
        </role>
        <role inherit="false" allowForAll="false" name="denyReaders">
            <users/>
            <groups/>
        </role>
        <role inherit="false" allowForAll="false" name="denyAuthors">
            <users/>
            <groups/>
        </role>
        <role inherit="false" allowForAll="false" name="denyAdministrators">
            <users/>
            <groups/>
        </role>
    </roleMap>
    <history>
        <historyInfo versionUuid="_a-0000e9a7-6d42-8000-e63f-01ef9001ef90_4873731"/>
        <historyInfo versionUuid="_a-0000eb53-0a0e-8000-e689-01ef9001ef90_9385688"/>
        <historyInfo versionUuid="_a-0000eb53-0a0e-8000-e689-01ef9001ef90_9451736"/>
    </history>
</contentHaul>
