<?xml version="1.0" encoding="UTF-8" standalone="yes"?>
<contentHaul xmlns:a="http://www.appian.com/ae/types/2009">
    <versionUuid>_a-0000eb53-0a0e-8000-e689-01ef9001ef90_9451455</versionUuid>
    <rule>
        <name>SCDO_get_imagenesPendientesByFilters</name>
        <uuid>_a-0000e982-d80b-8000-e63b-01ef9001ef90_4679364</uuid>
        <description>Regla que consulta todos los datos del CDT cdo_imagenes_pedientes</description>
        <parentUuid>_a-0000e9a3-ab27-8000-e63d-01ef9001ef90_4835948</parentUuid>
        <visibility>
            <advertise>false</advertise>
            <hierarchy>true</hierarchy>
            <indexable>true</indexable>
            <quota>false</quota>
            <searchable>true</searchable>
            <system>false</system>
            <unlogged>false</unlogged>
        </visibility>
        <definition>#"SYSTEM_SYSRULES_queryEntity_v2"(
  entity: #"_a-0000e982-d80b-8000-e63b-01ef9001ef90_4679248",
  query: #"SYSTEM_SYSRULES_query"(
    selection: #"SYSTEM_SYSRULES_querySelection"(
      columns: {
        #"SYSTEM_SYSRULES_queryColumn"(
          field: "idimagen"
        ),
        #"SYSTEM_SYSRULES_queryColumn"(
          field: "contrato"
        ),
        #"SYSTEM_SYSRULES_queryColumn"(
          field: "deal"
        ),
        #"SYSTEM_SYSRULES_queryColumn"(
          field: "iddocumento"
        ),
        #"SYSTEM_SYSRULES_queryColumn"(
          field: "tipo"
        ),
        #"SYSTEM_SYSRULES_queryColumn"(
          field: "nombreimagenobs"
        ),
        #"SYSTEM_SYSRULES_queryColumn"(
          field: "cc"
        ),
       
        #"SYSTEM_SYSRULES_queryColumn"(
          field: "usuario"
        ),
        /*a!queryColumn(*/
          /*field: "ip"*/
        /*),*/
        #"SYSTEM_SYSRULES_queryColumn"(
          field: "fechacaptura"
        )
      }
    ),
    logicalExpression: #"SYSTEM_SYSRULES_queryLogicalExpression"(
      operator: "AND",
      filters: {
        #"SYSTEM_SYSRULES_queryFilter"(
          field: "idimagen",
          operator: "=",
          value: ri!idimagen
        ),
        #"SYSTEM_SYSRULES_queryFilter"(
          field: "contrato",
          operator: "=",
          value: ri!contrato
        ),
        #"SYSTEM_SYSRULES_queryFilter"(
          field: "deal",
          operator: "=",
          value: ri!deal
        ),
        #"SYSTEM_SYSRULES_queryFilter"(
          field: "iddocumento",
          operator: "=",
          value: ri!iddocumento
        ),
        #"SYSTEM_SYSRULES_queryFilter"(
          field: "tipo",
          operator: "=",
          value: ri!tipo
        ),
        #"SYSTEM_SYSRULES_queryFilter"(
          field: "cc",
          operator: "=",
          value: ri!cc
        ),
        #"SYSTEM_SYSRULES_queryFilter"(
          field: "usuario",
          operator: "=",
          value: ri!usuario
        ),
        #"SYSTEM_SYSRULES_queryFilter"(
          field: "fechacaptura",
          operator: "=",
          value: ri!fechacaptura
        )
      },
      ignoreFiltersWithEmptyValues: true
    ),
    pagingInfo: #"SYSTEM_SYSRULES_pagingInfo"(
      startIndex: 1,
      batchSize: 10000
    )
  ),
  fetchTotalCount: true
).data</definition>
        <namedTypedValue>
            <name>idimagen</name>
            <type>
                <name>int</name>
                <namespace>http://www.w3.org/2001/XMLSchema</namespace>
            </type>
        </namedTypedValue>
        <namedTypedValue>
            <name>contrato</name>
            <type>
                <name>string</name>
                <namespace>http://www.w3.org/2001/XMLSchema</namespace>
            </type>
            <value/>
        </namedTypedValue>
        <namedTypedValue>
            <name>deal</name>
            <type>
                <name>string</name>
                <namespace>http://www.w3.org/2001/XMLSchema</namespace>
            </type>
            <value/>
        </namedTypedValue>
        <namedTypedValue>
            <name>iddocumento</name>
            <type>
                <name>int</name>
                <namespace>http://www.w3.org/2001/XMLSchema</namespace>
            </type>
        </namedTypedValue>
        <namedTypedValue>
            <name>tipo</name>
            <type>
                <name>string</name>
                <namespace>http://www.w3.org/2001/XMLSchema</namespace>
            </type>
            <value/>
        </namedTypedValue>
        <namedTypedValue>
            <name>nombreimagenobs</name>
            <type>
                <name>string</name>
                <namespace>http://www.w3.org/2001/XMLSchema</namespace>
            </type>
            <value/>
        </namedTypedValue>
        <namedTypedValue>
            <name>cc</name>
            <type>
                <name>string</name>
                <namespace>http://www.w3.org/2001/XMLSchema</namespace>
            </type>
            <value/>
        </namedTypedValue>
        <namedTypedValue>
            <name>usuario</name>
            <type>
                <name>string</name>
                <namespace>http://www.w3.org/2001/XMLSchema</namespace>
            </type>
            <value/>
        </namedTypedValue>
        <namedTypedValue>
            <name>ip</name>
            <type>
                <name>string</name>
                <namespace>http://www.w3.org/2001/XMLSchema</namespace>
            </type>
            <value/>
        </namedTypedValue>
        <namedTypedValue>
            <name>fechacaptura</name>
            <type>
                <name>string</name>
                <namespace>http://www.w3.org/2001/XMLSchema</namespace>
            </type>
            <value/>
        </namedTypedValue>
        <namedTypedValue>
            <name>paginInfo</name>
            <type>
                <name>PagingInfo</name>
                <namespace>http://www.appian.com/ae/types/2009</namespace>
            </type>
        </namedTypedValue>
        <preferredEditor>legacy</preferredEditor>
        <offlineEnabled>false</offlineEnabled>
    </rule>
    <roleMap public="true">
        <role inherit="true" allowForAll="false" name="readers">
            <users/>
            <groups/>
        </role>
        <role inherit="true" allowForAll="false" name="authors">
            <users/>
            <groups/>
        </role>
        <role inherit="true" allowForAll="false" name="administrators">
            <users/>
            <groups/>
        </role>
        <role inherit="false" allowForAll="false" name="denyReaders">
            <users/>
            <groups/>
        </role>
        <role inherit="false" allowForAll="false" name="denyAuthors">
            <users/>
            <groups/>
        </role>
        <role inherit="false" allowForAll="false" name="denyAdministrators">
            <users/>
            <groups/>
        </role>
    </roleMap>
    <history>
        <historyInfo versionUuid="_a-0000e9f5-96e6-8000-e641-01ef9001ef90_6425561"/>
        <historyInfo versionUuid="_a-0000eaa5-8248-8000-e681-01ef9001ef90_8310852"/>
        <historyInfo versionUuid="_a-0000eb09-d442-8000-e687-01ef9001ef90_8811995"/>
        <historyInfo versionUuid="_a-0000eb53-0a0e-8000-e689-01ef9001ef90_9386405"/>
        <historyInfo versionUuid="_a-0000eb53-0a0e-8000-e689-01ef9001ef90_9451455"/>
    </history>
</contentHaul>
