<?xml version="1.0" encoding="UTF-8" standalone="yes"?>
<contentHaul xmlns:a="http://www.appian.com/ae/types/2009">
    <versionUuid>_a-0000eb53-0a0e-8000-e689-01ef9001ef90_9515024</versionUuid>
    <interface>
        <name>SCDO_Boton_Exportar_Excel_Supervisor</name>
        <uuid>_a-0000e9f5-96e6-8000-e641-01ef9001ef90_6518079</uuid>
        <description>Muestra la funcionalidad para exportar el catálogo excel de la funcionalidad Supervisor</description>
        <parentUuid>_a-0000e801-560f-8000-e5d9-01ef9001ef90_1707049</parentUuid>
        <visibility>
            <advertise>false</advertise>
            <hierarchy>true</hierarchy>
            <indexable>true</indexable>
            <quota>false</quota>
            <searchable>true</searchable>
            <system>false</system>
            <unlogged>false</unlogged>
        </visibility>
        <definition>a!localVariables(
  local!usuariosPorSegmento,
  local!ccostosNoBD,
  local!centrosPorRegion,
  local!usuarioSeleccionado,
  
  {
    if(
      isnull(ri!documento_doc),
      #"SYSTEM_SYSRULES_richTextDisplayField"(
        value: #"SYSTEM_SYSRULES_richTextItem_v1"(
          text: {
            #"SYSTEM_SYSRULES_richTextIcon"(icon: "file-excel-o", size: "MEDIUM"),
            "GENERAR EXCEL"
          },
          link: #"SYSTEM_SYSRULES_dynamicLink"(
            saveInto: {
              /*a!save(local!usuariosPorSegmento, a!flatten(rule!SCDO_getUsuariosOPByFilters(idSegmento:  rule!SCDO_getSegmentoByFilters(segmento: ri!supervisor.segmento).data[1].idsegmento).data.usuarioopics)),*/
              /*a!save(local!ccostosNoBD, if(a!isNullOrEmpty(rule!SCDO_obtenerCentroCostosNoRegistrados(ccosto: null)), null, rule!SCDO_obtenerCentroCostosNoRegistrados(ccosto: null).cc)),*/
              /*a!save(local!centrosPorRegion, if(a!isNotNullOrEmpty(ri!region), a!flatten(rule!SCDO_getCentroCostoByFilters(idregion: ri!region).data.cc), null)),*/
              /*a!save(local!usuarioSeleccionado, if(a!isNotNullOrEmpty(ri!usuario), rule!SCDO_getUsuariosOPByFilters(idUsuarioOpic: ri!usuario).data[1].usuarioopics, null)),*/
              #"SYSTEM_SYSRULES_startProcess"(
                processModel: #"_a-0000e9f5-96e6-8000-e641-01ef9001ef90_6519324",
                processParameters: {
                  ccostos: ri!ccostos,
                  contrato: ri!contrato,
                  fechaDividida: ri!fechaDividida,
                  fechaFin: ri!fechaFin,
                  fechaInicio: ri!fechaInicio,
                  fechaalDividida: ri!fechaalDividida,
                  region: ri!region,
                  supervisor: ri!supervisor,
                  usuario: ri!usuario,
                  
                  usuariosPorSegmento: ri!usuariosPorSegmento,
                  
                  centrosPorRegion: ri!centrosPorRegion,
                  
                  usuarioSeleccionado:ri!usuarioSeleccionado,
                  
                  
                  
                 
                  Fecha: ri!Fecha,
                  Fechaal: ri!Fechaal,
                  Con: ri!contrato,
                  ComV: ri!ComV,
                  emisora: ri!emisora,
                  operacion: ri!operacion,
                  ccosto: ri!ccostos
                },
                onSuccess: {
                  a!save(ri!documento_doc, fv!processInfo.pv.documentoExcel
                  )
                },
                onError: "No se puede generar el EXCEL"
              )

            }
          ),
          linkStyle: "STANDALONE",
          style: "STRONG",
          color: "#cc0000"
        )
      ),
      #"SYSTEM_SYSRULES_richTextDisplayField"(
        value: #"SYSTEM_SYSRULES_richTextItem_v1"(
          text: {
            #"SYSTEM_SYSRULES_richTextIcon"(icon: "download", size: "MEDIUM"),
            "DESCARGAR EXCEL"
          },
          link: #"SYSTEM_SYSRULES_documentDownloadLink"(document: ri!documento_doc),
          linkStyle: "STANDALONE",
          style: "STRONG",
          color: "#cc0000"
        )
      )

    )
  }
)
</definition>
        <namedTypedValue>
            <name>documento_doc</name>
            <type>
                <name>CollaborationDocument</name>
                <namespace>http://www.appian.com/ae/types/2009</namespace>
            </type>
        </namedTypedValue>
        <namedTypedValue>
            <name>ccostos</name>
            <type>
                <name>string</name>
                <namespace>http://www.w3.org/2001/XMLSchema</namespace>
            </type>
            <value/>
        </namedTypedValue>
        <namedTypedValue>
            <name>contrato</name>
            <type>
                <name>string</name>
                <namespace>http://www.w3.org/2001/XMLSchema</namespace>
            </type>
            <value/>
        </namedTypedValue>
        <namedTypedValue>
            <name>fechaDividida</name>
            <type>
                <name>Text?list</name>
                <namespace>http://www.appian.com/ae/types/2009</namespace>
            </type>
        </namedTypedValue>
        <namedTypedValue>
            <name>fechaFin</name>
            <type>
                <name>date</name>
                <namespace>http://www.w3.org/2001/XMLSchema</namespace>
            </type>
        </namedTypedValue>
        <namedTypedValue>
            <name>fechaInicio</name>
            <type>
                <name>date</name>
                <namespace>http://www.w3.org/2001/XMLSchema</namespace>
            </type>
        </namedTypedValue>
        <namedTypedValue>
            <name>fechaalDividida</name>
            <type>
                <name>Text?list</name>
                <namespace>http://www.appian.com/ae/types/2009</namespace>
            </type>
        </namedTypedValue>
        <namedTypedValue>
            <name>region</name>
            <type>
                <name>int</name>
                <namespace>http://www.w3.org/2001/XMLSchema</namespace>
            </type>
        </namedTypedValue>
        <namedTypedValue>
            <name>supervisor</name>
            <type>
                <name>V_CDO_Supervisores</name>
                <namespace>urn:com:appian:types</namespace>
            </type>
        </namedTypedValue>
        <namedTypedValue>
            <name>usuario</name>
            <type>
                <name>int</name>
                <namespace>http://www.w3.org/2001/XMLSchema</namespace>
            </type>
        </namedTypedValue>
        <namedTypedValue>
            <name>usuarioSeleccionado</name>
            <type>
                <name>string</name>
                <namespace>http://www.w3.org/2001/XMLSchema</namespace>
            </type>
            <value/>
        </namedTypedValue>
        <namedTypedValue>
            <name>centrosPorRegion</name>
            <type>
                <name>Text?list</name>
                <namespace>http://www.appian.com/ae/types/2009</namespace>
            </type>
        </namedTypedValue>
        <namedTypedValue>
            <name>usuariosPorSegmento</name>
            <type>
                <name>Text?list</name>
                <namespace>http://www.appian.com/ae/types/2009</namespace>
            </type>
        </namedTypedValue>
        <namedTypedValue>
            <name>Fecha</name>
            <type>
                <name>date</name>
                <namespace>http://www.w3.org/2001/XMLSchema</namespace>
            </type>
        </namedTypedValue>
        <namedTypedValue>
            <name>Fechaal</name>
            <type>
                <name>date</name>
                <namespace>http://www.w3.org/2001/XMLSchema</namespace>
            </type>
        </namedTypedValue>
        <namedTypedValue>
            <name>Con</name>
            <type>
                <name>string</name>
                <namespace>http://www.w3.org/2001/XMLSchema</namespace>
            </type>
            <value/>
        </namedTypedValue>
        <namedTypedValue>
            <name>ComV</name>
            <type>
                <name>string</name>
                <namespace>http://www.w3.org/2001/XMLSchema</namespace>
            </type>
            <value/>
        </namedTypedValue>
        <namedTypedValue>
            <name>emisora</name>
            <type>
                <name>string</name>
                <namespace>http://www.w3.org/2001/XMLSchema</namespace>
            </type>
            <value/>
        </namedTypedValue>
        <namedTypedValue>
            <name>operacion</name>
            <type>
                <name>string</name>
                <namespace>http://www.w3.org/2001/XMLSchema</namespace>
            </type>
            <value/>
        </namedTypedValue>
        <namedTypedValue>
            <name>ccosto</name>
            <type>
                <name>string</name>
                <namespace>http://www.w3.org/2001/XMLSchema</namespace>
            </type>
            <value/>
        </namedTypedValue>
        <preferredEditor>interface</preferredEditor>
        <offlineEnabled>false</offlineEnabled>
        <isCustom>false</isCustom>
    </interface>
    <roleMap public="true">
        <role inherit="true" allowForAll="false" name="readers">
            <users/>
            <groups/>
        </role>
        <role inherit="true" allowForAll="false" name="authors">
            <users/>
            <groups/>
        </role>
        <role inherit="true" allowForAll="false" name="administrators">
            <users/>
            <groups/>
        </role>
        <role inherit="false" allowForAll="false" name="denyReaders">
            <users/>
            <groups/>
        </role>
        <role inherit="false" allowForAll="false" name="denyAuthors">
            <users/>
            <groups/>
        </role>
        <role inherit="false" allowForAll="false" name="denyAdministrators">
            <users/>
            <groups/>
        </role>
    </roleMap>
    <history>
        <historyInfo versionUuid="_a-0000ea22-4ef8-8000-e643-01ef9001ef90_6763782"/>
        <historyInfo versionUuid="_a-0000eb09-d442-8000-e687-01ef9001ef90_8880057"/>
        <historyInfo versionUuid="_a-0000eb53-0a0e-8000-e689-01ef9001ef90_9389240"/>
        <historyInfo versionUuid="_a-0000eb53-0a0e-8000-e689-01ef9001ef90_9515024"/>
    </history>
</contentHaul>
