<?xml version="1.0" encoding="UTF-8" standalone="yes"?>
<contentHaul xmlns:a="http://www.appian.com/ae/types/2009">
    <versionUuid>_a-0000eb53-0a0e-8000-e689-01ef9001ef90_9450794</versionUuid>
    <rule>
        <name>SCDO_getcdo_doctos_segmento</name>
        <uuid>_a-0000e968-30a1-8000-e639-01ef9001ef90_4493495</uuid>
        <description>Regla que consulta todos los datos del CDT cdo_doctos_segmento</description>
        <parentUuid>_a-0000e9a3-ab27-8000-e63d-01ef9001ef90_4836252</parentUuid>
        <visibility>
            <advertise>false</advertise>
            <hierarchy>true</hierarchy>
            <indexable>true</indexable>
            <quota>false</quota>
            <searchable>true</searchable>
            <system>false</system>
            <unlogged>false</unlogged>
        </visibility>
        <definition>#"SYSTEM_SYSRULES_queryEntity_v2"(
  entity: #"_a-0000e94c-78eb-8000-e637-01ef9001ef90_4046282",
  query: #"SYSTEM_SYSRULES_query"(
    logicalexpression: #"SYSTEM_SYSRULES_queryLogicalExpression"(
      operator: "AND",
      filters: {
        #"SYSTEM_SYSRULES_queryFilter"(
          field: "idsegmento",
          operator: "=",
          value: ri!idsegmento
        )
      },
      ignorefilterswithemptyvalues: true,
    ),
    pagingInfo: if(
      a!isNullOrEmpty(ri!pagingInfo),
      #"SYSTEM_SYSRULES_pagingInfo"(
        startIndex: 1,
        batchSize: -1
      ),
      ri!pagingInfo
    )
  ),
  fetchTotalCount: false
).data</definition>
        <namedTypedValue>
            <name>idsegmento</name>
            <type>
                <name>int</name>
                <namespace>http://www.w3.org/2001/XMLSchema</namespace>
            </type>
        </namedTypedValue>
        <namedTypedValue>
            <name>pagingInfo</name>
            <type>
                <name>PagingInfo</name>
                <namespace>http://www.appian.com/ae/types/2009</namespace>
            </type>
        </namedTypedValue>
        <preferredEditor>legacy</preferredEditor>
        <offlineEnabled>false</offlineEnabled>
    </rule>
    <roleMap public="true">
        <role inherit="true" allowForAll="false" name="readers">
            <users/>
            <groups/>
        </role>
        <role inherit="true" allowForAll="false" name="authors">
            <users/>
            <groups/>
        </role>
        <role inherit="true" allowForAll="false" name="administrators">
            <users/>
            <groups/>
        </role>
        <role inherit="false" allowForAll="false" name="denyReaders">
            <users/>
            <groups/>
        </role>
        <role inherit="false" allowForAll="false" name="denyAuthors">
            <users/>
            <groups/>
        </role>
        <role inherit="false" allowForAll="false" name="denyAdministrators">
            <users/>
            <groups/>
        </role>
    </roleMap>
    <history>
        <historyInfo versionUuid="_a-0000e9f5-96e6-8000-e641-01ef9001ef90_6435567"/>
        <historyInfo versionUuid="_a-0000eaa5-8248-8000-e681-01ef9001ef90_8345280"/>
        <historyInfo versionUuid="_a-0000eae4-5659-8000-e685-01ef9001ef90_8695506"/>
        <historyInfo versionUuid="_a-0000eb53-0a0e-8000-e689-01ef9001ef90_9386579"/>
        <historyInfo versionUuid="_a-0000eb53-0a0e-8000-e689-01ef9001ef90_9450794"/>
    </history>
</contentHaul>
