<?xml version="1.0" encoding="UTF-8" standalone="yes"?>
<contentHaul xmlns:a="http://www.appian.com/ae/types/2009">
    <versionUuid>_a-0000eb53-0a0e-8000-e689-01ef9001ef90_9553709</versionUuid>
    <rule>
        <name>SCDO_ObtenerUsuariosFaltantes</name>
        <uuid>_a-0000e9f5-96e6-8000-e641-01ef9001ef90_6675123</uuid>
        <description>regla de expresión que obtiene los usuarios de los reportes que no existen en usuarios opics</description>
        <parentUuid>_a-0000e867-3fd5-8000-e5e3-01ef9001ef90_1882376</parentUuid>
        <visibility>
            <advertise>false</advertise>
            <hierarchy>true</hierarchy>
            <indexable>true</indexable>
            <quota>false</quota>
            <searchable>true</searchable>
            <system>false</system>
            <unlogged>false</unlogged>
        </visibility>
        <definition>a!localVariables(
  local!reportes: 
  a!refreshVariable(
  value:#"SYSTEM_SYSRULES_queryEntity_v2"(
    entity: #"_a-0000e878-569a-8000-e5e4-01ef9001ef90_1932909",
    query: #"SYSTEM_SYSRULES_query"(
      aggregation: #"SYSTEM_SYSRULES_queryAggregation"(
        aggregationColumns: {
          #"SYSTEM_SYSRULES_queryAggregationColumn"(
            field: "usuario",
            alias: "usuario_count",
            aggregationfunction: "COUNT"
          ),
          #"SYSTEM_SYSRULES_queryAggregationColumn"(field: "usuario", isGrouping: true)
        }
      ),
      pagingInfo: #"SYSTEM_SYSRULES_pagingInfo"(startIndex: 1, batchSize: - 1)
    ),
    fetchTotalCount: true
  ).data,

  refreshOnVarChange: {ri!refreshCount}
  ),
  
  local!usuariosopics: 
  a!refreshVariable(
 value: 
 index(#"SYSTEM_SYSRULES_queryEntity_v2"(
    entity: #"_a-0000e878-569a-8000-e5e4-01ef9001ef90_2114138",
    query: #"SYSTEM_SYSRULES_query"(
      pagingInfo: #"SYSTEM_SYSRULES_pagingInfo"(startIndex: 1, batchSize: - 1)
    ),
    fetchTotalCount: true
  ).data,"usuarioopics",{}),

  refreshOnVarChange: {ri!refreshCount}
  ),
  local!diferencia: 
  a!refreshVariable(
    value: #"_a-0000eb53-0a0e-8000-e689-01ef9001ef90_9534907"(
      arreglo_1:index(local!reportes,"usuario",{}),
      arreglo_2:local!usuariosopics
    ),
    refreshOnVarChange: {ri!refreshCount}
  ),
 
  /*if(and(a!isNotNullOrEmpty(local!reportes),a!isNotNullOrEmpty(local!usuariosopics)),*/
  /*difference(*/
    /*index(local!reportes,"usuario",{}),*/
    /*local!usuariosopics*/
  /*),*/
  /*if(a!isNullOrEmpty(local!reportes),*/
  /*local!usuariosopics,*/
  /*index(local!reportes,"usuario",{}),*/
  /*)*/
  /*),*/
 
  local!resultado: #"SYSTEM_SYSRULES_forEach"(
    items: local!reportes,
    expression: {
      if(
        contains(local!diferencia, fv!item.usuario),
        fv!item,
        null
      )
    }
  ),
  /*reject(fn!isnull,local!resultado),*/
  local!ususarios:reject(fn!isnull,local!resultado),
  local!final:
  if(a!isNotNullOrEmpty(ri!usuario_buscar),
  #"SYSTEM_SYSRULES_forEach"(
    items: local!ususarios,
    expression: {
      if(
        (ri!usuario_buscar= fv!item.usuario),
        fv!item,
        null
      )
    }
  ),
  local!ususarios
  ),
  
  reject(fn!isnull,local!final)
  
)</definition>
        <namedTypedValue>
            <name>usuario_buscar</name>
            <type>
                <name>string</name>
                <namespace>http://www.w3.org/2001/XMLSchema</namespace>
            </type>
            <value/>
        </namedTypedValue>
        <namedTypedValue>
            <name>refreshCount</name>
            <type>
                <name>int</name>
                <namespace>http://www.w3.org/2001/XMLSchema</namespace>
            </type>
        </namedTypedValue>
        <preferredEditor>legacy</preferredEditor>
        <offlineEnabled>false</offlineEnabled>
    </rule>
    <roleMap public="true">
        <role inherit="true" allowForAll="false" name="readers">
            <users/>
            <groups/>
        </role>
        <role inherit="true" allowForAll="false" name="authors">
            <users/>
            <groups/>
        </role>
        <role inherit="true" allowForAll="false" name="administrators">
            <users/>
            <groups/>
        </role>
        <role inherit="false" allowForAll="false" name="denyReaders">
            <users/>
            <groups/>
        </role>
        <role inherit="false" allowForAll="false" name="denyAuthors">
            <users/>
            <groups/>
        </role>
        <role inherit="false" allowForAll="false" name="denyAdministrators">
            <users/>
            <groups/>
        </role>
    </roleMap>
    <history>
        <historyInfo versionUuid="_a-0000ea22-4ef8-8000-e643-01ef9001ef90_6716606"/>
        <historyInfo versionUuid="_a-0000eb09-d442-8000-e687-01ef9001ef90_8799358"/>
        <historyInfo versionUuid="_a-0000eb53-0a0e-8000-e689-01ef9001ef90_9385591"/>
        <historyInfo versionUuid="_a-0000eb53-0a0e-8000-e689-01ef9001ef90_9451795"/>
        <historyInfo versionUuid="_a-0000eb53-0a0e-8000-e689-01ef9001ef90_9504901"/>
        <historyInfo versionUuid="_a-0000eb53-0a0e-8000-e689-01ef9001ef90_9540275"/>
        <historyInfo versionUuid="_a-0000eb53-0a0e-8000-e689-01ef9001ef90_9553709"/>
    </history>
</contentHaul>
