<?xml version="1.0" encoding="UTF-8" standalone="yes"?>
<contentHaul xmlns:a="http://www.appian.com/ae/types/2009">
    <versionUuid>_a-0000eb53-0a0e-8000-e689-01ef9001ef90_9451350</versionUuid>
    <rule>
        <name>SCDO_obtenerDocumentacionPodIdDocumentacion</name>
        <uuid>_a-0000e982-d80b-8000-e63b-01ef9001ef90_4796572</uuid>
        <description>Regla de expresion que devuelve una documentacion dado un iddocumentacion</description>
        <parentUuid>_a-0000e982-d80b-8000-e63b-01ef9001ef90_4815880</parentUuid>
        <visibility>
            <advertise>false</advertise>
            <hierarchy>true</hierarchy>
            <indexable>true</indexable>
            <quota>false</quota>
            <searchable>true</searchable>
            <system>false</system>
            <unlogged>false</unlogged>
        </visibility>
        <definition>a!localVariables(
  local!data: #"SYSTEM_SYSRULES_queryEntity_v2"(
    entity: #"_a-0000e90c-fc1c-8000-e607-01ef9001ef90_3028276",
    query: #"SYSTEM_SYSRULES_query"(
      logicalExpression: #"SYSTEM_SYSRULES_queryLogicalExpression"(
        operator: "AND",
        filters: {
          #"SYSTEM_SYSRULES_queryFilter"(
            field: "iddocumentacion",
            operator: "=",
            value: ri!iddocumentacion
          )
        },
        ignoreFiltersWithEmptyValues: true
      ),
      pagingInfo: #"SYSTEM_SYSRULES_pagingInfo"(
        startIndex: 1,
        batchSize: 50
      )
    ),
    fetchTotalCount: false
  ).data,
  local!data
)</definition>
        <namedTypedValue>
            <name>iddocumentacion</name>
            <type>
                <name>int</name>
                <namespace>http://www.w3.org/2001/XMLSchema</namespace>
            </type>
        </namedTypedValue>
        <preferredEditor>legacy</preferredEditor>
        <offlineEnabled>false</offlineEnabled>
    </rule>
    <roleMap public="true">
        <role inherit="true" allowForAll="false" name="readers">
            <users/>
            <groups/>
        </role>
        <role inherit="true" allowForAll="false" name="authors">
            <users/>
            <groups/>
        </role>
        <role inherit="true" allowForAll="false" name="administrators">
            <users/>
            <groups/>
        </role>
        <role inherit="false" allowForAll="false" name="denyReaders">
            <users/>
            <groups/>
        </role>
        <role inherit="false" allowForAll="false" name="denyAuthors">
            <users/>
            <groups/>
        </role>
        <role inherit="false" allowForAll="false" name="denyAdministrators">
            <users/>
            <groups/>
        </role>
    </roleMap>
    <history>
        <historyInfo versionUuid="_a-0000e982-d80b-8000-e63b-01ef9001ef90_4815927"/>
        <historyInfo versionUuid="_a-0000eb53-0a0e-8000-e689-01ef9001ef90_9386684"/>
        <historyInfo versionUuid="_a-0000eb53-0a0e-8000-e689-01ef9001ef90_9451350"/>
    </history>
</contentHaul>
