<?xml version="1.0" encoding="UTF-8" standalone="yes"?>
<contentHaul xmlns:a="http://www.appian.com/ae/types/2009">
    <versionUuid>_a-0000eb53-0a0e-8000-e689-01ef9001ef90_9385949</versionUuid>
    <rule>
        <name>SCDO_opcionesdepaneldecontrol</name>
        <uuid>_a-0000e867-3fd5-8000-e5e3-01ef9001ef90_1881160</uuid>
        <description>Contiene la información estructurada del menú principal</description>
        <parentUuid>_a-0000e9a3-ab27-8000-e63d-01ef9001ef90_4829216</parentUuid>
        <visibility>
            <advertise>false</advertise>
            <hierarchy>true</hierarchy>
            <indexable>true</indexable>
            <quota>false</quota>
            <searchable>true</searchable>
            <system>false</system>
            <unlogged>false</unlogged>
        </visibility>
        <definition>{
  {
    titulo: #"_a-0000e867-3fd5-8000-e5e3-01ef9001ef90_1836153"[1],
    icono: #"_a-0000e867-3fd5-8000-e5e3-01ef9001ef90_1880373"[1],
    perfiles: {#"_a-0000e867-3fd5-8000-e5e3-01ef9001ef90_1881741", #"_a-0000e867-3fd5-8000-e5e3-01ef9001ef90_1881746"},
  },
  {
    titulo: #"_a-0000e867-3fd5-8000-e5e3-01ef9001ef90_1836153"[2],
    icono: #"_a-0000e867-3fd5-8000-e5e3-01ef9001ef90_1880373"[2],
    perfiles: {#"_a-0000e867-3fd5-8000-e5e3-01ef9001ef90_1881741", #"_a-0000e867-3fd5-8000-e5e3-01ef9001ef90_1881746"},
  },
  {
    titulo: #"_a-0000e867-3fd5-8000-e5e3-01ef9001ef90_1836153"[3],
    icono: #"_a-0000e867-3fd5-8000-e5e3-01ef9001ef90_1880373"[3],
    perfiles: {#"_a-0000e867-3fd5-8000-e5e3-01ef9001ef90_1881741", #"_a-0000e867-3fd5-8000-e5e3-01ef9001ef90_1881746"},
  },
  {
    titulo: #"_a-0000e867-3fd5-8000-e5e3-01ef9001ef90_1836153"[4],
    icono: #"_a-0000e867-3fd5-8000-e5e3-01ef9001ef90_1880373"[4],
    perfiles: {#"_a-0000e867-3fd5-8000-e5e3-01ef9001ef90_1881741", #"_a-0000e867-3fd5-8000-e5e3-01ef9001ef90_1881746"},
  },
  {
    titulo: #"_a-0000e867-3fd5-8000-e5e3-01ef9001ef90_1836153"[5],
    icono: #"_a-0000e867-3fd5-8000-e5e3-01ef9001ef90_1880373"[5],
    perfiles: {#"_a-0000e867-3fd5-8000-e5e3-01ef9001ef90_1881741", #"_a-0000e867-3fd5-8000-e5e3-01ef9001ef90_1881746"},
  },
  {
    titulo: #"_a-0000e867-3fd5-8000-e5e3-01ef9001ef90_1836153"[6],
    icono: #"_a-0000e867-3fd5-8000-e5e3-01ef9001ef90_1880373"[6],
    perfiles: {#"_a-0000e867-3fd5-8000-e5e3-01ef9001ef90_1881741", #"_a-0000e867-3fd5-8000-e5e3-01ef9001ef90_1881746"},
  },
  {
    titulo: #"_a-0000e867-3fd5-8000-e5e3-01ef9001ef90_1836153"[7],
    icono: #"_a-0000e867-3fd5-8000-e5e3-01ef9001ef90_1880373"[7],
    perfiles: {#"_a-0000e867-3fd5-8000-e5e3-01ef9001ef90_1881741", #"_a-0000e867-3fd5-8000-e5e3-01ef9001ef90_1881746"},
  },
  {
    titulo: #"_a-0000e867-3fd5-8000-e5e3-01ef9001ef90_1836153"[8],
    icono: #"_a-0000e867-3fd5-8000-e5e3-01ef9001ef90_1880373"[8],
    perfiles: {#"_a-0000e867-3fd5-8000-e5e3-01ef9001ef90_1881741", #"_a-0000e867-3fd5-8000-e5e3-01ef9001ef90_1881746"},
  },
  {
    titulo: #"_a-0000e867-3fd5-8000-e5e3-01ef9001ef90_1836153"[9],
    icono: #"_a-0000e867-3fd5-8000-e5e3-01ef9001ef90_1880373"[9],
    perfiles: {#"_a-0000e867-3fd5-8000-e5e3-01ef9001ef90_1881741", #"_a-0000e867-3fd5-8000-e5e3-01ef9001ef90_1881746"},
  },
  {
    titulo: #"_a-0000e867-3fd5-8000-e5e3-01ef9001ef90_1836153"[10],
    icono: #"_a-0000e867-3fd5-8000-e5e3-01ef9001ef90_1880373"[10],
    perfiles: {#"_a-0000e867-3fd5-8000-e5e3-01ef9001ef90_1881741", #"_a-0000e867-3fd5-8000-e5e3-01ef9001ef90_1881746"},
  },
  
}</definition>
        <preferredEditor>legacy</preferredEditor>
        <offlineEnabled>false</offlineEnabled>
    </rule>
    <roleMap public="true">
        <role inherit="true" allowForAll="false" name="readers">
            <users/>
            <groups/>
        </role>
        <role inherit="true" allowForAll="false" name="authors">
            <users/>
            <groups/>
        </role>
        <role inherit="true" allowForAll="false" name="administrators">
            <users/>
            <groups/>
        </role>
        <role inherit="false" allowForAll="false" name="denyReaders">
            <users/>
            <groups/>
        </role>
        <role inherit="false" allowForAll="false" name="denyAuthors">
            <users/>
            <groups/>
        </role>
        <role inherit="false" allowForAll="false" name="denyAdministrators">
            <users/>
            <groups/>
        </role>
    </roleMap>
    <history>
        <historyInfo versionUuid="_a-0000e8c4-62ba-8000-e603-01ef9001ef90_2515596"/>
        <historyInfo versionUuid="_a-0000e9a7-6d42-8000-e63f-01ef9001ef90_5215090"/>
        <historyInfo versionUuid="_a-0000eb53-0a0e-8000-e689-01ef9001ef90_9385949"/>
    </history>
</contentHaul>
