<?xml version="1.0" encoding="UTF-8" standalone="yes"?>
<contentHaul xmlns:a="http://www.appian.com/ae/types/2009">
    <versionUuid>_a-0000eb53-0a0e-8000-e689-01ef9001ef90_9389364</versionUuid>
    <interface>
        <name>SCDO_con_null_ReportesExcel</name>
        <uuid>_a-0000ea97-682f-8000-e67f-01ef9001ef90_8159803</uuid>
        <description>Regla de interfaz para mostrar al usuario el error de que no se encontraron reportes dentro del excel.</description>
        <parentUuid>_a-0000e801-560f-8000-e5d9-01ef9001ef90_1707049</parentUuid>
        <visibility>
            <advertise>false</advertise>
            <hierarchy>true</hierarchy>
            <indexable>true</indexable>
            <quota>false</quota>
            <searchable>true</searchable>
            <system>false</system>
            <unlogged>false</unlogged>
        </visibility>
        <definition>a!localVariables(
  
  
  {
    #"SYSTEM_SYSRULES_columnsLayout"(
      columns: {
        #"SYSTEM_SYSRULES_columnLayout"(

        ),
        #"SYSTEM_SYSRULES_columnLayout"(
          contents: {
            #"SYSTEM_SYSRULES_cardLayout"(
              height: "AUTO",
              style: "ERROR",
              padding: "LESS",
              shape: "ROUNDED",
              contents: {
                #"SYSTEM_SYSRULES_richTextDisplayField"(
                  align: "CENTER",
                  value: {
                    #"SYSTEM_SYSRULES_richTextItem_v1"(
                      text: "ERROR",
                      color: "NEGATIVE",
                      size: "LARGE",
                      style: "STRONG"
                    ),
                  }
                ),
                #"SYSTEM_SYSRULES_richTextDisplayField"(
                  align: "CENTER",
                  value: {
                    #"SYSTEM_SYSRULES_richTextItem_v1"(
                      text: concat("No se encontró la misma cantidad de operaciones que de contratos.", char(10), 
                      "en el excel subido.", char(10), 
                      "Verifique las operaciones y los contratos",char(10),
                      "que se encuentran en el Excel"
                      ),
                      style: "STRONG",
                      size: "STANDARD"
                    )
                  }
                ),
                #"SYSTEM_SYSRULES_richTextDisplayField"(
                  align: "CENTER",
                  value: {
                    #"SYSTEM_SYSRULES_richTextItem_v1"(
                      text: "Descargue y verifique su excel aqui",
                      link: {
                        #"SYSTEM_SYSRULES_documentDownloadLink"(
                          document: ri!documentoSubido
                        )
                      }
                    )
                  }
                ),
                #"SYSTEM_SYSRULES_ButtonArrayLayout"(
                  align: "CENTER",
                  buttons: {
                    #"SYSTEM_SYSRULES_ButtonWidget"(
                      label: "CErrar",
                      style: "SECONDARY",
                      value: false,
                      submit: true
                    )
                  }
                )
              }
            )
          }
        ),
        #"SYSTEM_SYSRULES_columnLayout"(

        )
      }
    ),
  }
  
)</definition>
        <namedTypedValue>
            <name>documentoSubido</name>
            <type>
                <name>CollaborationDocument</name>
                <namespace>http://www.appian.com/ae/types/2009</namespace>
            </type>
        </namedTypedValue>
        <preferredEditor>interface</preferredEditor>
        <offlineEnabled>false</offlineEnabled>
        <isCustom>false</isCustom>
    </interface>
    <roleMap public="true">
        <role inherit="true" allowForAll="false" name="readers">
            <users/>
            <groups/>
        </role>
        <role inherit="true" allowForAll="false" name="authors">
            <users/>
            <groups/>
        </role>
        <role inherit="true" allowForAll="false" name="administrators">
            <users/>
            <groups/>
        </role>
        <role inherit="false" allowForAll="false" name="denyReaders">
            <users/>
            <groups/>
        </role>
        <role inherit="false" allowForAll="false" name="denyAuthors">
            <users/>
            <groups/>
        </role>
        <role inherit="false" allowForAll="false" name="denyAdministrators">
            <users/>
            <groups/>
        </role>
    </roleMap>
    <history>
        <historyInfo versionUuid="_a-0000ea97-682f-8000-e67f-01ef9001ef90_8159815"/>
        <historyInfo versionUuid="_a-0000eb53-0a0e-8000-e689-01ef9001ef90_9389364"/>
    </history>
</contentHaul>
