<?xml version="1.0" encoding="UTF-8" standalone="yes"?>
<contentHaul xmlns:a="http://www.appian.com/ae/types/2009">
    <versionUuid>_a-0000eb53-0a0e-8000-e689-01ef9001ef90_9386712</versionUuid>
    <rule>
        <name>SCDO_validar_algun_null_ObtenerReportesExcel</name>
        <uuid>_a-0000ea97-682f-8000-e67f-01ef9001ef90_8159790</uuid>
        <description>Regla de expresión para obtener los datos de los reportes dado un excel</description>
        <parentUuid>_a-0000e9a3-ab27-8000-e63d-01ef9001ef90_4829216</parentUuid>
        <visibility>
            <advertise>false</advertise>
            <hierarchy>true</hierarchy>
            <indexable>true</indexable>
            <quota>false</quota>
            <searchable>true</searchable>
            <system>false</system>
            <unlogged>false</unlogged>
        </visibility>
        <definition>a!localVariables(
  local!totalCount: readexcelsheetpaging(
    excelDocument: ri!documento,
    sheetNumber: 0,
    pagingInfo: #"SYSTEM_SYSRULES_pagingInfo"(1, -1),
    numberOfColumns: 0
  ).totalCount,
  local!informacion: readexcelsheetpaging(
    excelDocument: ri!documento,
    sheetNumber: 0,
    pagingInfo: #"SYSTEM_SYSRULES_pagingInfo"(1, local!totalCount),
    numberOfColumns: 0
  ).data,
  local!operaciones: reject(
    fn!isnull,
    a!flatten(
      #"SYSTEM_SYSRULES_forEach"(
        items: local!informacion,
        expression: {
          if(
            fv!index = 1,
            null(),
            fv!item.values[ri!posExcelOperacion]
          )
        }
      )
    ),
  ),
  local!contratos: reject(
    fn!isnull,
    a!flatten(
      #"SYSTEM_SYSRULES_forEach"(
        items: local!informacion,
        expression: {
          if(
            fv!index = 1,
            null(),
            if(
              a!isNullOrEmpty(fv!item.values[ri!posExcelContrato]),
              null,
              fv!item.values[ri!posExcelContrato]
              /*if(*/
                /*len(fv!item.values[ri!posExcelContrato]) &lt; 11,*/
                /*rule!SCDO_insertarCerosParaContrato(contrato: fv!item.values[ri!posExcelContrato], ceros: 11 - len(fv!item.values[ri!posExcelContrato])),*/
                /*fv!item.values[ri!posExcelContrato]*/
              /*)*/
            )
          )
        }
      )
    ),
  ),
  local!igual_cantidad: if(
    and(length(local!operaciones) = length(local!contratos), length(local!operaciones) = local!totalCount - 1, ri!tipoReporte = 1),
    true,
    if(
      and(length(local!operaciones) = length(local!contratos), length(local!operaciones) = local!totalCount - 1, ri!tipoReporte = 2),
      true,
      false
    )
  ),
  local!igual_cantidad
  
)</definition>
        <namedTypedValue>
            <name>documento</name>
            <type>
                <name>CollaborationDocument</name>
                <namespace>http://www.appian.com/ae/types/2009</namespace>
            </type>
        </namedTypedValue>
        <namedTypedValue>
            <name>posExcelOperacion</name>
            <type>
                <name>int</name>
                <namespace>http://www.w3.org/2001/XMLSchema</namespace>
            </type>
        </namedTypedValue>
        <namedTypedValue>
            <name>posExcelContrato</name>
            <type>
                <name>int</name>
                <namespace>http://www.w3.org/2001/XMLSchema</namespace>
            </type>
        </namedTypedValue>
        <namedTypedValue>
            <name>tipoReporte</name>
            <type>
                <name>int</name>
                <namespace>http://www.w3.org/2001/XMLSchema</namespace>
            </type>
        </namedTypedValue>
        <namedTypedValue>
            <name>segmento</name>
            <type>
                <name>int</name>
                <namespace>http://www.w3.org/2001/XMLSchema</namespace>
            </type>
        </namedTypedValue>
        <preferredEditor>legacy</preferredEditor>
        <offlineEnabled>false</offlineEnabled>
    </rule>
    <roleMap public="true">
        <role inherit="true" allowForAll="false" name="readers">
            <users/>
            <groups/>
        </role>
        <role inherit="true" allowForAll="false" name="authors">
            <users/>
            <groups/>
        </role>
        <role inherit="true" allowForAll="false" name="administrators">
            <users/>
            <groups/>
        </role>
        <role inherit="false" allowForAll="false" name="denyReaders">
            <users/>
            <groups/>
        </role>
        <role inherit="false" allowForAll="false" name="denyAuthors">
            <users/>
            <groups/>
        </role>
        <role inherit="false" allowForAll="false" name="denyAdministrators">
            <users/>
            <groups/>
        </role>
    </roleMap>
    <history>
        <historyInfo versionUuid="_a-0000ea97-682f-8000-e67f-01ef9001ef90_8159802"/>
        <historyInfo versionUuid="_a-0000eb53-0a0e-8000-e689-01ef9001ef90_9386712"/>
    </history>
</contentHaul>
