<?xml version="1.0" encoding="UTF-8" standalone="yes"?>
<contentHaul xmlns:a="http://www.appian.com/ae/types/2009">
    <versionUuid>_a-0000eb53-0a0e-8000-e689-01ef9001ef90_9388520</versionUuid>
    <interface>
        <name>SCDO_cargaMDocumentacion</name>
        <uuid>_a-0000e9a7-6d42-8000-e63f-01ef9001ef90_5939823</uuid>
        <description>Interfaz para iniciar el proceso de carga masiva de documentación</description>
        <parentUuid>_a-0000e801-560f-8000-e5d9-01ef9001ef90_1707049</parentUuid>
        <visibility>
            <advertise>false</advertise>
            <hierarchy>true</hierarchy>
            <indexable>true</indexable>
            <quota>false</quota>
            <searchable>true</searchable>
            <system>false</system>
            <unlogged>false</unlogged>
        </visibility>
        <definition>a!localVariables(

  local!confirmarMarcaje,
  {
    #"SYSTEM_SYSRULES_richTextDisplayField"(
      labelPosition: "COLLAPSED",
      value: {
        #"SYSTEM_SYSRULES_richTextItem_v1"(
          text: {
            "Carga Masiva de Documentación"
          },
          color: "#ff0000",
          size: "MEDIUM_PLUS"
        )
      },
      align: "CENTER"
    ),
    #"SYSTEM_SYSRULES_columnsLayout"(
      columns: {
        #"SYSTEM_SYSRULES_columnLayout"(
          width: "AUTO"
        ),
        #"SYSTEM_SYSRULES_columnLayout"(
          contents: {
            #"SYSTEM_SYSRULES_cardLayout"(
              contents: {
                #"SYSTEM_SYSRULES_richTextDisplayField"(
                  align: "CENTER",
                  value: {
                    #"SYSTEM_SYSRULES_richTextItem_v1"(
                      text: concat(
                        "La carga de documentación masiva parte de elegir el tipo de carga para el reporte (operación o contrato), elegir el tipo de documento a subir así cómo subir dicho documento.",
                        char(10),
                        "El siguiente paso consiste en subir un documento Excel que contenga la información de los reportes a los cuales se les quiere agregar el documento.",
                        char(10),
                        "Una vez finalizado el proceso se mostrarán los detalles de las operaciones."
                      ),
                      size: "MEDIUM",

                    )
                  }
                ),

              },
              style: "INFO",
              padding: "STANDARD",
              showShadow: true,
              shape: "ROUNDED"
            )
          },
          width: "MEDIUM_PLUS"
        ),
        #"SYSTEM_SYSRULES_columnLayout"(
          width: "AUTO"
        )
      }
    ),
    #"SYSTEM_SYSRULES_checkboxField"(
      align: "CENTER",
      choiceLabels: {if(isnull(local!confirmarMarcaje), "Marque esta opción si ha entendido para poder iniciar el proceso", "Entendido, puede Iniciar el proceso")},
      choiceValues: {true},
      saveInto: local!confirmarMarcaje,
      value: local!confirmarMarcaje,
    ),
    #"SYSTEM_SYSRULES_linkField"(
      align: "CENTER",
      links: {
        #"SYSTEM_SYSRULES_startProcessLink"(
          label: "Iniciar el proceso",
          processModel: #"_a-0000e9a7-6d42-8000-e63f-01ef9001ef90_5936411",
          processParameters: {
            cancel: false,
            excel_reportes: null,
            id_documento: null,
            documento: null,
            segmento: null,
            tipo_operacion: null,
            usuarioCarga: null
          }
        )
      },
      showWhen: {
        if(
          isnull(local!confirmarMarcaje),
          false,
          true
        )
      }
    ),

  }
)</definition>
        <preferredEditor>interface</preferredEditor>
        <offlineEnabled>false</offlineEnabled>
        <isCustom>false</isCustom>
    </interface>
    <roleMap public="true">
        <role inherit="true" allowForAll="false" name="readers">
            <users/>
            <groups/>
        </role>
        <role inherit="true" allowForAll="false" name="authors">
            <users/>
            <groups/>
        </role>
        <role inherit="true" allowForAll="false" name="administrators">
            <users/>
            <groups/>
        </role>
        <role inherit="false" allowForAll="false" name="denyReaders">
            <users/>
            <groups/>
        </role>
        <role inherit="false" allowForAll="false" name="denyAuthors">
            <users/>
            <groups/>
        </role>
        <role inherit="false" allowForAll="false" name="denyAdministrators">
            <users/>
            <groups/>
        </role>
    </roleMap>
    <history>
        <historyInfo versionUuid="_a-0000e9a7-6d42-8000-e63f-01ef9001ef90_5940952"/>
        <historyInfo versionUuid="_a-0000eb53-0a0e-8000-e689-01ef9001ef90_9388520"/>
    </history>
</contentHaul>
