<?xml version="1.0" encoding="UTF-8" standalone="yes"?>
<contentHaul xmlns:a="http://www.appian.com/ae/types/2009">
    <versionUuid>_a-0000eb53-0a0e-8000-e689-01ef9001ef90_9504757</versionUuid>
    <rule>
        <name>SCDO_obtenerExpedientePorAdmon</name>
        <uuid>_a-0000e982-d80b-8000-e63b-01ef9001ef90_4746827</uuid>
        <description>Regla de expresión que devuelve el expediente dado un administrador</description>
        <parentUuid>_a-0000e9a3-ab27-8000-e63d-01ef9001ef90_4830381</parentUuid>
        <visibility>
            <advertise>false</advertise>
            <hierarchy>true</hierarchy>
            <indexable>true</indexable>
            <quota>false</quota>
            <searchable>true</searchable>
            <system>false</system>
            <unlogged>false</unlogged>
        </visibility>
        <definition>a!localVariables(
  local!usuario: if(
    a!isNullOrEmpty(ri!admon),
    null(),
    #"SYSTEM_SYSRULES_queryEntity_v2"(
      entity: #"_a-0000e878-569a-8000-e5e4-01ef9001ef90_2114138",
      query: #"SYSTEM_SYSRULES_query"(
        logicalExpression: #"SYSTEM_SYSRULES_queryLogicalExpression"(
          operator: "AND",
          filters: {
            #"SYSTEM_SYSRULES_queryFilter"(
              field: "usuarioopics",
              operator: "=",
              value: (ri!admon.usuario)
            )
          },
          ignoreFiltersWithEmptyValues: true
        ),
        pagingInfo: #"SYSTEM_SYSRULES_pagingInfo"(
          startIndex: 1,
          batchSize: 1
        )
      ),
      fetchTotalCount: false
    ).data
  ),
  local!permiso: if(
    a!isNullOrEmpty(local!usuario),
    null(),
    #"SYSTEM_SYSRULES_queryEntity_v2"(
      entity: #"_a-0000e878-569a-8000-e5e4-01ef9001ef90_2113419",
      query: #"SYSTEM_SYSRULES_query"(
        logicalExpression: #"SYSTEM_SYSRULES_queryLogicalExpression"(
          operator: "AND",
          filters: {
            #"SYSTEM_SYSRULES_queryFilter"(
              field: "idusuarioopics",
              operator: "=",
              value: local!usuario[1].idusuarioopics
            )
          },
          ignoreFiltersWithEmptyValues: true
        ),
        pagingInfo: #"SYSTEM_SYSRULES_pagingInfo"(
          startIndex: 1,
          batchSize: 1
        )
      ),
      fetchTotalCount: false
    ).data
  ),
  local!expediente:if(
    a!isNullOrEmpty(local!permiso),
    null(),
    #"SYSTEM_SYSRULES_queryEntity_v2"(
      entity: #"_a-0000e878-569a-8000-e5e4-01ef9001ef90_2114096",
      query: #"SYSTEM_SYSRULES_query"(
        logicalExpression: #"SYSTEM_SYSRULES_queryLogicalExpression"(
          operator: "AND",
          filters: {
            #"SYSTEM_SYSRULES_queryFilter"(
              field: "idexpediente",
              operator: "=",
              value: local!permiso[1].idexpediente
            )
          },
          ignoreFiltersWithEmptyValues: true
        ),
        pagingInfo: #"SYSTEM_SYSRULES_pagingInfo"(
          startIndex: 1,
          batchSize: 1
        )
      ),
      fetchTotalCount: false
    ).data
  ),
  local!expediente
)</definition>
        <namedTypedValue>
            <name>admon</name>
            <type>
                <name>cdo_administradores</name>
                <namespace>urn:com:appian:types</namespace>
            </type>
        </namedTypedValue>
        <preferredEditor>legacy</preferredEditor>
        <offlineEnabled>false</offlineEnabled>
    </rule>
    <roleMap public="true">
        <role inherit="true" allowForAll="false" name="readers">
            <users/>
            <groups/>
        </role>
        <role inherit="true" allowForAll="false" name="authors">
            <users/>
            <groups/>
        </role>
        <role inherit="true" allowForAll="false" name="administrators">
            <users/>
            <groups/>
        </role>
        <role inherit="false" allowForAll="false" name="denyReaders">
            <users/>
            <groups/>
        </role>
        <role inherit="false" allowForAll="false" name="denyAuthors">
            <users/>
            <groups/>
        </role>
        <role inherit="false" allowForAll="false" name="denyAdministrators">
            <users/>
            <groups/>
        </role>
    </roleMap>
    <history>
        <historyInfo versionUuid="_a-0000e9a3-ab27-8000-e63d-01ef9001ef90_4831446"/>
        <historyInfo versionUuid="_a-0000eb53-0a0e-8000-e689-01ef9001ef90_9386974"/>
        <historyInfo versionUuid="_a-0000eb53-0a0e-8000-e689-01ef9001ef90_9450857"/>
        <historyInfo versionUuid="_a-0000eb53-0a0e-8000-e689-01ef9001ef90_9504757"/>
    </history>
</contentHaul>
