<?xml version="1.0" encoding="UTF-8" standalone="yes"?>
<contentHaul xmlns:a="http://www.appian.com/ae/types/2009">
    <versionUuid>_a-0000eb53-0a0e-8000-e689-01ef9001ef90_9389613</versionUuid>
    <interface>
        <name>SCDO_DetallesPerfilesInterfaz</name>
        <uuid>_a-0000e9f5-96e6-8000-e641-01ef9001ef90_6016640</uuid>
        <description>Interfaz que muestra los detalles de la carga de perfiles</description>
        <parentUuid>_a-0000e801-560f-8000-e5d9-01ef9001ef90_1707049</parentUuid>
        <visibility>
            <advertise>false</advertise>
            <hierarchy>true</hierarchy>
            <indexable>true</indexable>
            <quota>false</quota>
            <searchable>true</searchable>
            <system>false</system>
            <unlogged>false</unlogged>
        </visibility>
        <definition>#"SYSTEM_SYSRULES_columnsLayout"(
  columns: {
    #"SYSTEM_SYSRULES_columnLayout"(
      contents: {
        #"SYSTEM_SYSRULES_richTextDisplayField"(
          labelPosition: "COLLAPSED",
          value: {
            #"SYSTEM_SYSRULES_richTextItem_v1"(
              text: {
                "Carga de Perfiles"
              },
              color: "#ff0000",
              size: "MEDIUM_PLUS",
              style: {
                "STRONG"
              }
            )
          },
          align: "CENTER"
        ),
        #"SYSTEM_SYSRULES_boxLayout"(
          label: "Resultados de la Carga Masiva de Perfiles",
          contents: {
            #"SYSTEM_SYSRULES_cardLayout"(
              contents: {
                #"SYSTEM_SYSRULES_sideBySideLayout"(
                  items: {
                    #"SYSTEM_SYSRULES_sideBySideItem"(
                      item: #"SYSTEM_SYSRULES_richTextDisplayField"(
                        labelPosition: "COLLAPSED",
                        value: {
                          #"SYSTEM_SYSRULES_richTextIcon"(
                            icon: "check-circle",
                            color: "NEGATIVE",
                            size: "MEDIUM"
                          )
                        }
                      ),
                      width: "MINIMIZE"
                    ),
                    #"SYSTEM_SYSRULES_sideBySideItem"(
                      item: #"SYSTEM_SYSRULES_richTextDisplayField"(
                        labelPosition: "COLLAPSED",
                        value: {
                          #"SYSTEM_SYSRULES_richTextItem_v1"(
                            text: {
                              "DETALLE DEL ARCHIVO CARGADO."
                            },
                            style: {
                              "STRONG","UNDERLINE"
                            }
                          ),
                          char(10),
                          "Total de perfiles en el TXT: ",
                          #"SYSTEM_SYSRULES_richTextItem_v1"(
                            text: if(a!isNullOrEmpty(ri!totalCount),0,ri!totalCount),
                            style: {
                              "STRONG"
                            }
                          ),
                          char(10),
                          "Total de Perfiles Correctos: ",
                          #"SYSTEM_SYSRULES_richTextItem_v1"(
                            text: if(a!isNullOrEmpty(ri!perfiles),0,length(ri!perfiles)),
                            style: {
                              "STRONG"
                            }
                          ),
                          char(10),
                          "Erroneos: ",
                          #"SYSTEM_SYSRULES_richTextItem_v1"(
                            text: if(isnull(ri!perfiles), if(a!isNullOrEmpty(ri!totalCount), 0, ri!totalCount), ri!totalCount - length(ri!perfiles)),
                            style: {
                              "STRONG"
                            }
                          ),char(10),
                        }
                      )
                    )
                  },
                  alignVertical: "MIDDLE",
                  spacing: "STANDARD"
                ),

                #"SYSTEM_SYSRULES_gridField_v1"(
                  label: "Detalles de los perfiles insertados: ",
                  labelPosition: "ABOVE",
                  emptyGridMessage: "No se encontraron reportes en el archivo subido, pruebe con otro",
                  data: ri!perfiles,
                  /*pagingSaveInto: local!pagingInfo,*/
                  columns: {
                    #"SYSTEM_SYSRULES_gridColumn"(
                      label: "Contrato",
                      value: fv!row.contrato
                    ),
                    #"SYSTEM_SYSRULES_gridColumn"(
                      label: "Br",
                      value: fv!row.br
                    ),
                    #"SYSTEM_SYSRULES_gridColumn"(
                      label: "Open Date",                                                                                           
                      value: fv!row.opendate
                    ),
                    #"SYSTEM_SYSRULES_gridColumn"(
                      label: "Costo",
                      value: fv!row.cost
                    ),
                    #"SYSTEM_SYSRULES_gridColumn"(
                      label: "Trad",                                                                                           
                      value: fv!row.trad
                    ),
                    #"SYSTEM_SYSRULES_gridColumn"(
                      label: "Castdsc",
                      value: fv!row.castdsc
                    ),
                    #"SYSTEM_SYSRULES_gridColumn"(
                      label: "Perfil",
                      value: fv!row.profile
                    ),
                    #"SYSTEM_SYSRULES_gridColumn"(
                      label: "Max",
                      value: fv!row.max
                    ),
                    #"SYSTEM_SYSRULES_gridColumn"(
                      label: "Canal",
                      value: fv!row.canal
                    ),
                    #"SYSTEM_SYSRULES_gridColumn"(
                      label: "Cliente",
                      value: fv!row.cliente
                    )
                  },
                  /*showWhen: a!isNotNullOrEmpty(ri!perfiles)*/
                ),
                #"SYSTEM_SYSRULES_ButtonArrayLayout"(
                  buttons: {
                    #"SYSTEM_SYSRULES_ButtonWidget"(
                      label: "ACEPTAR ",
                      icon: "check",
                      saveInto: {
                        /*a!save(ri!OKEY,true*/
                        /*),*/
                      },
                      submit: true,
                      style: "PRIMARY",
                      validationGroup: "Archivo_no_valido"
                    )
                  },
                  align: "CENTER"
                ),
              },
              /*style: cons!SCDO_COLOR_ROJO_SANTANDER,*/
              marginBelow: "STANDARD",
              showBorder: false,
              style: "STANDARD"
              /*showWhen:if(and(a!isNullOrEmpty(local!folder),a!isNullOrEmpty(local!TXTcount)),*/
              /*{},*/
              /*true)*/
            ),

          },
          style: #"_a-0000e867-3fd5-8000-e5e3-01ef9001ef90_1882453",
          marginBelow: "STANDARD",
        ),
      },
      width: "AUTO"
    ),
  }
)
</definition>
        <namedTypedValue>
            <name>totalCount</name>
            <type>
                <name>int</name>
                <namespace>http://www.w3.org/2001/XMLSchema</namespace>
            </type>
        </namedTypedValue>
        <namedTypedValue>
            <name>perfiles</name>
            <type>
                <name>cdo_perfiles_temp?list</name>
                <namespace>urn:com:appian:types</namespace>
            </type>
        </namedTypedValue>
        <preferredEditor>interface</preferredEditor>
        <offlineEnabled>false</offlineEnabled>
        <isCustom>false</isCustom>
    </interface>
    <roleMap public="true">
        <role inherit="true" allowForAll="false" name="readers">
            <users/>
            <groups/>
        </role>
        <role inherit="true" allowForAll="false" name="authors">
            <users/>
            <groups/>
        </role>
        <role inherit="true" allowForAll="false" name="administrators">
            <users/>
            <groups/>
        </role>
        <role inherit="false" allowForAll="false" name="denyReaders">
            <users/>
            <groups/>
        </role>
        <role inherit="false" allowForAll="false" name="denyAuthors">
            <users/>
            <groups/>
        </role>
        <role inherit="false" allowForAll="false" name="denyAdministrators">
            <users/>
            <groups/>
        </role>
    </roleMap>
    <history>
        <historyInfo versionUuid="_a-0000e9f5-96e6-8000-e641-01ef9001ef90_6016877"/>
        <historyInfo versionUuid="_a-0000eb53-0a0e-8000-e689-01ef9001ef90_9389613"/>
    </history>
</contentHaul>
