<?xml version="1.0" encoding="UTF-8" standalone="yes"?>
<contentHaul xmlns:a="http://www.appian.com/ae/types/2009">
    <versionUuid>_a-0000ebb9-a974-8000-e690-01ef9001ef90_9660833</versionUuid>
    <interface>
        <name>SCDO_Documento_Ejecutivo_RECHAZAR</name>
        <uuid>_a-0000eaa5-8248-8000-e681-01ef9001ef90_8197897</uuid>
        <description>Interface relacionada a el modulo  de Ejecutivo</description>
        <parentUuid>_a-0000e801-560f-8000-e5d9-01ef9001ef90_1707049</parentUuid>
        <visibility>
            <advertise>false</advertise>
            <hierarchy>true</hierarchy>
            <indexable>true</indexable>
            <quota>false</quota>
            <searchable>true</searchable>
            <system>false</system>
            <unlogged>false</unlogged>
        </visibility>
        <definition>a!localVariables(

  local!nombre_documento: concat(
    ri!contrato,
    "_",
    ri!ejecutivo.usuarioopics,
    "_",
    text(now(), "yyyy-MM-dd hh_mm_ss")
  ),
  local!documentacion_a_modificar_id_doc_1: if(
    a!isNotNullOrEmpty(
      #"_a-0000e8b2-d897-8000-e5f1-01ef9001ef90_2372887"(contrato: ri!contrato, iddocumento: 1).data
    ),
    #"_a-0000e8b2-d897-8000-e5f1-01ef9001ef90_2372887"(contrato: ri!contrato, iddocumento: 1).data,
    null
  ),
  local!documentacion_a_eliminar_id_doc_1: if(
    a!isNotNullOrEmpty(
      #"_a-0000e982-d80b-8000-e63b-01ef9001ef90_4763710"(contrato: ri!contrato, iddocumento: 1)
    ),
    #"_a-0000e982-d80b-8000-e63b-01ef9001ef90_4763710"(contrato: ri!contrato, iddocumento: 1),
    null
  ),

 
  local!verDetallesRechazado: false,
 

  /*local!documentos: rule!SCDO_get_imagenesPendientesByFilters(contrato: ri!contrato),*/
  
  local!activo: null,

  local!deal: "0000000",
  /*local!documentoADF,*/

  local!documento,
 
  local!catalogoDelSegmento: if(
    a!isNullOrEmpty(
      #"_a-0000e968-30a1-8000-e639-01ef9001ef90_4493495"(
        idsegmento: ri!ejecutivo.idsegmento,
        pagingInfo: #"SYSTEM_SYSRULES_pagingInfo"(startIndex: 1, batchSize: - 1)
      )
    ),
    null,
    #"_a-0000e968-30a1-8000-e639-01ef9001ef90_4493570"(
      idsDocumentos: #"_a-0000e968-30a1-8000-e639-01ef9001ef90_4493495"(
        idsegmento: ri!ejecutivo.idsegmento,
        pagingInfo: #"SYSTEM_SYSRULES_pagingInfo"(startIndex: 1, batchSize: - 1)
      ).iddocumento
    )
  ),

  local!catDocContratoGeneral: if(
    a!isNullOrEmpty(local!catalogoDelSegmento),
    null,
    reject(
      fn!isnull,
      #"SYSTEM_SYSRULES_forEach"(
        items: local!catalogoDelSegmento,
        expression: if(
          and(
            fv!item.documentaa = "CONTRATO",
            if(
              a!isNotNullOrEmpty(fv!item.adf),
              tointeger(fv!item.adf) &lt;&gt; 1,
              true
            )
          ),
          fv!item,
          null
        )
      )
    )
  ),
  /*Donde se encuentran todos los documentos del segmento*/
  local!catDocADFGeneral: if(
    a!isNullOrEmpty(local!catalogoDelSegmento),
    null,
    reject(
      fn!isnull,
      #"SYSTEM_SYSRULES_forEach"(
        items: local!catalogoDelSegmento,
        expression: if(
          and(
            fv!item.documentaa = "CONTRATO",
            a!isNotNullOrEmpty(fv!item.adf) = 1
          ),
          fv!item,
          null
        )
      )
    ),

  ),
 
  local!adfsAceptados: if(
    a!isNullOrEmpty(local!catDocADFGeneral),
    {},
    #"_a-0000e982-d80b-8000-e63b-01ef9001ef90_4749073"(
      idsDocumentos:local!catDocADFGeneral.iddocumento,
      contrato: ri!contrato,
      estatus: 1
    )
  ),
  local!adfsAceptadosDocumentacion: if(
    a!isNullOrEmpty(local!catDocADFGeneral),
    {},
    #"_a-0000e8b2-d897-8000-e5f1-01ef9001ef90_2372887"(
      contrato: ri!contrato,
      idsDocumentos: local!catDocADFGeneral.iddocumento,
      estado: "A",
      usuariocargo: ri!ejecutivo.usuarioopics
    ).data
  ),
  local!adfsEstanEnDocumentacion: if(
    a!isNullOrEmpty(local!catDocADFGeneral),
    {},
    #"_a-0000e8b2-d897-8000-e5f1-01ef9001ef90_2372887"(
      contrato: ri!contrato,
      idsDocumentos: local!catDocADFGeneral.iddocumento,
      estado: "P",
      usuariocargo: ri!ejecutivo.usuarioopics
    ).data
  ),
  local!catDocParaADFEstanEnDocumentacion: if(
    a!isNullOrEmpty(local!adfsEstanEnDocumentacion),
    {},
    reject(
      fn!isnull,
      #"SYSTEM_SYSRULES_forEach"(
        items: local!catDocADFGeneral,
        expression: if(
          contains(
            tointeger(
              local!adfsEstanEnDocumentacion.iddocumento
            ),
            tointeger(fv!item.iddocumento)

          ),
          fv!item,
          null
        )
      )
    )
  ),
  local!catDocParaADFAceptadoDocumentacion: if(
    a!isNullOrEmpty(local!adfsAceptadosDocumentacion),
    {},
    reject(
      fn!isnull,
      #"SYSTEM_SYSRULES_forEach"(
        items: local!catDocADFGeneral,
        expression: if(
          contains(
            tointeger(
              local!adfsAceptadosDocumentacion.iddocumento
            ),
            tointeger(fv!item.iddocumento)

          ),
          fv!item,
          null
        )
      )
    )
  ),
  local!catDocParaADFAceptado: if(
    a!isNullOrEmpty(local!adfsAceptados),
    {},
    reject(
      fn!isnull,
      #"SYSTEM_SYSRULES_forEach"(
        items: local!catDocADFGeneral,
        expression: if(
          contains(
            tointeger(local!adfsAceptados.iddocumento),
            tointeger(fv!item.iddocumento)

          ),
          fv!item,
          null
        )
      )
    )
  ),

  local!documentacionExistente: if(
    a!isNullOrEmpty(local!catDocContratoGeneral),
    null,
    reject(
      fn!isnull,
      a!flatten(
        #"_a-0000eb53-0a0e-8000-e689-01ef9001ef90_9533439"(
          arreglo_1: #"_a-0000e8b2-d897-8000-e5f1-01ef9001ef90_2372887"(
            contrato: ri!contrato,
            idsDocumentos: local!catDocContratoGeneral.iddocumento,
            usuariocargo: ri!ejecutivo.usuarioopics,
            estado: "P"
          ).data,
          arreglo_2: #"_a-0000e8b2-d897-8000-e5f1-01ef9001ef90_2372887"(
            contrato: ri!contrato,
            idsDocumentos: local!catDocContratoGeneral.iddocumento,
            usuariocargo: ri!ejecutivo.usuarioopics,
            estado: "P"
          ).data,
          
        )
        /*union(*/
          /*rule!SCDO_getDocumentosByFilter(*/
            /*contrato: ri!contrato,*/
            /*idsDocumentos: local!catDocContratoGeneral.iddocumento,*/
            /*usuariocargo: ri!ejecutivo.usuarioopics,*/
            /*estado: "P"*/
          /*).data,*/
          /*rule!SCDO_getDocumentosByFilter(*/
            /*contrato: ri!contrato,*/
            /*idsDocumentos: local!catDocContratoGeneral.iddocumento,*/
            /*usuariocargo: ri!ejecutivo.usuarioopics,*/
            /*estado: "P"*/
          /*).data*/
        /*)*/
      )
    ),

  ),
  local!documentacionAceptados: if(
    a!isNullOrEmpty(local!catDocContratoGeneral),
    null,
    #"_a-0000e8b2-d897-8000-e5f1-01ef9001ef90_2372887"(
      contrato: ri!contrato,
      idsDocumentos: local!catDocContratoGeneral.iddocumento,
      estado: "A",
      usuariocargo: ri!ejecutivo.usuarioopics
    ).data
  ),
  /*#Duplicidad:Obtiene la documentación rechazada mediante una rule*/
  local!documentacionRechazadosADF: if(
    a!isNullOrEmpty(local!catDocADFGeneral),
    null,
    #"_a-0000e982-d80b-8000-e63b-01ef9001ef90_4763710"(
      contrato: ri!contrato,
      idsDocumentos: local!catDocADFGeneral.iddocumento
    )
  ),
  local!documentacionRechazados: if(
    a!isNullOrEmpty(local!catDocContratoGeneral),
    null,
    #"_a-0000e982-d80b-8000-e63b-01ef9001ef90_4763710"(
      contrato: ri!contrato,
      idsDocumentos: local!catDocContratoGeneral.iddocumento
    )
  ),
  local!catDocAceptadosDeContrato: if(
    a!isNullOrEmpty(local!documentacionAceptados),
    {},
    reject(
      fn!isnull,
      #"SYSTEM_SYSRULES_forEach"(
        items: local!catDocContratoGeneral,
        expression: if(
          contains(
            local!documentacionAceptados.iddocumento,
            fv!item.iddocumento
          ),
          fv!item,
          null
        )
      )
    )
  ),
  local!catDocRechazadosDeContrato: if(
    a!isNullOrEmpty(local!documentacionRechazados),
    {},
    reject(
      fn!isnull,
      #"SYSTEM_SYSRULES_forEach"(
        items: local!catDocContratoGeneral,
        expression: if(
          contains(
            tointeger(
              local!documentacionRechazados.iddocumento
            ),
            tointeger(fv!item.iddocumento)
          ),
          fv!item,
          null
        )
      )
    )
  ),
  /*#Duplicidad:Obtiene todos los documentos rechazados*/
  local!catDocRechazadosDeContratoADF: if(
    a!isNullOrEmpty(local!documentacionRechazadosADF),
    {},
    reject(
      fn!isnull,
      #"SYSTEM_SYSRULES_forEach"(
        items: local!catDocADFGeneral,
        expression: if(
          contains(
            tointeger(
              local!documentacionRechazadosADF.iddocumento
            ),
            tointeger(fv!item.iddocumento)
          ),
          fv!item,
          null
        )
      )
    )
  ),

  local!catDocExistenDocumentacion: if(
    a!isNullOrEmpty(local!documentacionExistente),
    {},
    reject(
      fn!isnull,
      #"SYSTEM_SYSRULES_forEach"(
        items: local!catDocContratoGeneral,
        expression: if(
          contains(
            local!documentacionExistente.iddocumento,
            fv!item.iddocumento
          ),
          fv!item,
          null
        )
      )
    )
  ),

  /*
  Aqúi puedenn llegar a ocurrrir problemas de duplicidad
  */
  local!catDocParaADFFaltantes: if(
    a!isNullOrEmpty(local!catDocADFGeneral),
    {},
    #"_a-0000eb53-0a0e-8000-e689-01ef9001ef90_9534907"(
      arreglo_1: local!catDocADFGeneral,
      arreglo_2:reject(
        fn!isnull,
        a!flatten(
          #"_a-0000eb53-0a0e-8000-e689-01ef9001ef90_9533439"(
            arreglo_1:local!catDocParaADFAceptado,    
            arreglo_2:local!catDocParaADFAceptadoDocumentacion,
            arreglo_3:local!catDocRechazadosDeContratoADF,
            arreglo_4:local!catDocParaADFEstanEnDocumentacion
          ) 
          /*union(        */
          /*local!catDocParaADFAceptado,     */
          /*local!catDocParaADFAceptadoDocumentacion,*/
          /*local!catDocRechazadosDeContratoADF,*/
          /*local!catDocParaADFEstanEnDocumentacion*/
          /*)*/
        )
      )
      
    )
    /*difference(*/
      /*local!catDocADFGeneral,*/
      /*reject(*/
        /*fn!isnull,*/
        /*a!flatten(*/
          /*rule!SCDO_UNION_4_ARREGLOS(*/
            /*arreglo_1:local!catDocParaADFAceptado,    */
            /*arreglo_2:local!catDocParaADFAceptadoDocumentacion,*/
            /*arreglo_3:local!catDocParaADFEstanEnDocumentacion,*/
            /*arreglo_4:local!catDocParaADFEstanEnDocumentacion*/
          /*) */
      /*union(        */
        /*local!catDocParaADFAceptado,     */
        /*local!catDocParaADFAceptadoDocumentacion,*/
        /*local!catDocRechazadosDeContratoADF,*/
        /*local!catDocParaADFEstanEnDocumentacion*/
      /*)*/
      /*)*/
      /*)*/
    /*)*/
  ),
  local!catDocParaADFEstanEnDocumentacion_sin_nada: if(
    a!isNullOrEmpty(local!catDocADFGeneral),
    {},
    #"_a-0000eb53-0a0e-8000-e689-01ef9001ef90_9534907"(
      arreglo_1:local!catDocADFGeneral,
      arreglo_2:reject(
        fn!isnull,
        a!flatten(
          #"_a-0000eb53-0a0e-8000-e689-01ef9001ef90_9533439"(
            arreglo_1:local!catDocParaADFAceptado,
            arreglo_2: local!catDocParaADFAceptadoDocumentacion,
            arreglo_3:local!catDocRechazadosDeContratoADF,
            arreglo_4: local!catDocParaADFFaltantes
          )
          /*union(*/
          /*local!catDocParaADFAceptado,*/
          /*local!catDocParaADFAceptadoDocumentacion,*/
          /*local!catDocRechazadosDeContratoADF,*/
          /*local!catDocParaADFFaltantes*/
          /*)*/
        )
      )
    )
    /*difference(*/
      /*local!catDocADFGeneral,*/
      /*reject(*/
        /*fn!isnull,*/
        /*a!flatten(*/
          /*rule!SCDO_UNION_4_ARREGLOS(*/
            /*arreglo_1:local!catDocParaADFAceptado,*/
            /*arreglo_2: local!catDocParaADFAceptadoDocumentacion,*/
            /*arreglo_3:local!catDocRechazadosDeContratoADF,*/
            /*arreglo_4: local!catDocParaADFFaltantes*/
          /*)*/
      /*union(*/
        /*local!catDocParaADFAceptado,*/
        /*local!catDocParaADFAceptadoDocumentacion,*/
        /*local!catDocRechazadosDeContratoADF,*/
        /*local!catDocParaADFFaltantes*/
      /*)*/
      /*)*/
      /*)*/
    /*)*/
  ),
  local!catDocFaltantesDeContrato: if(
    a!isNullOrEmpty(local!catDocContratoGeneral),
    {},
    #"_a-0000eb53-0a0e-8000-e689-01ef9001ef90_9534907"(
      arreglo_1:local!catDocContratoGeneral,
      arreglo_2: reject(
        fn!isnull,
        a!flatten(
          #"_a-0000eb53-0a0e-8000-e689-01ef9001ef90_9533439"(
            arreglo_1:local!catDocAceptadosDeContrato,
            arreglo_2:local!catDocExistenDocumentacion,
            arreglo_3:local!catDocRechazadosDeContrato
          )
          /*union(*/
          /*local!catDocAceptadosDeContrato,*/
          /*local!catDocExistenDocumentacion,*/
          /*local!catDocRechazadosDeContrato*/
          /*)*/
        )
      )
    )
    /*difference(*/
      /*local!catDocContratoGeneral,*/
      /*reject(*/
        /*fn!isnull,*/
        /*a!flatten(*/
          /*rule!SCDO_UNION_4_ARREGLOS(*/
            /*arreglo_1:local!catDocAceptadosDeContrato,*/
            /*arreglo_2:local!catDocExistenDocumentacion,*/
            /*arreglo_3:local!catDocRechazadosDeContrato*/
          /*)*/
      /*union(*/
        /*local!catDocAceptadosDeContrato,*/
        /*local!catDocExistenDocumentacion,*/
        /*local!catDocRechazadosDeContrato*/
      /*)*/
      /*)*/
      /*)*/
    /*)*/
  ),
  local!observacion,

  local!documentoContratoExiste: if(
    a!isNullOrEmpty(local!catDocExistenDocumentacion),
    {},
    local!catDocExistenDocumentacion.iddocumento
  ),

  local!documentoAceptadoADF: if(
    a!isNullOrEmpty(local!catDocParaADFAceptado),
    {},
    local!catDocParaADFAceptado.iddocumento
  ),
  /*local!documentoAceptadoADFDocumentacion: if(*/
    /*a!isNullOrEmpty(*/
      /*local!catDocParaADFAceptadoDocumentacion*/
    /*),*/
    /*{},*/
    /*local!catDocParaADFAceptadoDocumentacion.iddocumento*/
  /*),*/
  local!documentoEstanADFDocumentacion: if(
    a!isNullOrEmpty(
      local!catDocParaADFEstanEnDocumentacion_sin_nada
    ),
    {},
    local!catDocParaADFEstanEnDocumentacion_sin_nada.iddocumento
  ),
  local!valorescontrato: {},
  local!valorescontrato_rechazado: {},
  local!valoresADF,
  local!verDetallesAceptado: false,
  local!idDocumentoSeleccionado,
  local!documentoSeleccionado,
  local!documentoRechazadoSeleccionado,
  local!documentoRechazadoADFSeleccionado,
  local!aceptados_generales: 
  reject(
    fn!isnull,
    a!flatten(
      #"_a-0000eb53-0a0e-8000-e689-01ef9001ef90_9533439"(
        arreglo_1: local!catDocAceptadosDeContrato,
        arreglo_2:local!catDocParaADFAceptadoDocumentacion
      )
  /*union(*/
    /*local!catDocAceptadosDeContrato,*/
    /*local!catDocParaADFAceptadoDocumentacion*/
  /*)*/
  )
  ),
  local!documentos_aceptados: 
  reject(
    fn!isnull,
    a!flatten(
      #"_a-0000eb53-0a0e-8000-e689-01ef9001ef90_9533439"(
        arreglo_1:local!adfsAceptadosDocumentacion,
        arreglo_2: local!documentacionAceptados
      )
  /*union(*/
    /*local!adfsAceptadosDocumentacion,*/
    /*local!documentacionAceptados*/
  /*)*/
  )
  ),
 
  local!solo_aceptados_adf: 
  #"_a-0000eb53-0a0e-8000-e689-01ef9001ef90_9534907"(
    arreglo_1:local!catDocParaADFAceptadoDocumentacion,
    arreglo_2:local!catDocParaADFAceptado
  ),
  /*difference(*/
    /*local!catDocParaADFAceptadoDocumentacion,*/
    /*local!catDocParaADFAceptado*/
  /*),*/
  local!auxiliar_aceptado_adf: if(
    a!isNullOrEmpty(local!solo_aceptados_adf),
    null,
    tointeger(local!solo_aceptados_adf.iddocumento)
  ),
  local!solo_aceptados_no_adf: 
  #"_a-0000eb53-0a0e-8000-e689-01ef9001ef90_9534907"(
    arreglo_1:local!catDocAceptadosDeContrato,
    arreglo_2:local!catDocParaADFAceptadoDocumentacion
  ),
  /*difference(*/
    /*local!catDocAceptadosDeContrato,*/
    /*local!catDocParaADFAceptadoDocumentacion*/
  /*),*/
  local!documentoContrato: if(
    a!isNullOrEmpty(local!solo_aceptados_no_adf),
    {},
    local!solo_aceptados_no_adf.iddocumento
  ),

  {
    if(
      and(
        a!isNotNullOrEmpty(local!catalogoDelSegmento)
      ),
      {
        #"SYSTEM_SYSRULES_columnsLayout"(
          columns: {
            #"SYSTEM_SYSRULES_columnLayout"(
              contents: {
                #"SYSTEM_SYSRULES_cardLayout"(
                  contents: {
                    #"SYSTEM_SYSRULES_richTextDisplayField"(
                      value: #"SYSTEM_SYSRULES_richTextItem_v1"(
                        text: "El contrato no existe en las operaciones pendientes, si desea adjuntar sus documentos correspondientes agrega el número de operación/deal",
                        color: "NEGATIVE",
                        style: "STRONG"
                      )
                    ),
                    #"SYSTEM_SYSRULES_columnLayout"(
                      contents: {
                        #"SYSTEM_SYSRULES_textField"(
                          label: "Operación/deal",
                          labelPosition: "ADJACENT",
                          value: local!deal,
                          saveInto: {
                            local!deal,
                            

                          },

                          refreshAfter: "KEYPRESS",


                        )
                      },
                      width: "MEDIUM"
                    )
                  },
                  style: "STANDARD",
                  marginAbove: "MORE",
                  marginBelow: "MORE"
                )
              },
              width: "WIDE"
            )
          }
        ),

        #"SYSTEM_SYSRULES_columnsLayout"(
          columns: {
            #"SYSTEM_SYSRULES_columnLayout"(
              contents: {
                #"SYSTEM_SYSRULES_richTextDisplayField"(
                  value: {
                    #"SYSTEM_SYSRULES_richTextItem_v1"(text: "Documentos por Contrato "),
                    #"SYSTEM_SYSRULES_richTextIcon"(icon: "arrow-down")
                  }
                ),
             
                /*if(*/
                  /*a!isNotNullOrEmpty(local!solo_aceptados_adf),*/
                  /*a!checkboxField_23r3(*/
                    /*label: "",*/
                    /*labelPosition: "ABOVE",*/
/**/
                    /*choiceLabels:*/
/*                    */
                    /*a!forEach(*/
                      /*local!solo_aceptados_adf,*/
/*                     */
                      /*fv!item.documento &amp; " - " &amp; "(Aceptado)"),*/
                    /*choiceValues: local!solo_aceptados_adf.iddocumento,*/
                    /*value: local!auxiliar_aceptado_adf,*/
                    /*saveInto: local!auxiliar_aceptado_adf,*/
                    /*disabled: true,*/
                    /*validations: {}*/
                  /*),*/
                  /*{}*/
                /*),*/
                if(
                  a!isNotNullOrEmpty(local!catDocParaADFAceptado),
                  #"SYSTEM_SYSRULES_checkboxField"(
                    label: "",
                    labelPosition: "ABOVE",
                    choiceLabels: #"SYSTEM_SYSRULES_forEach"(
                      local!catDocParaADFAceptado,
                      if(a!isNotNullOrEmpty(local!catDocParaADFAceptadoDocumentacion),
                      if(
                        contains(
                          local!catDocParaADFAceptadoDocumentacion,
                          fv!item
                        ),
                        fv!item.documento &amp; " - " &amp; "(Aceptado)" &amp; " - " &amp; "📜",
                        fv!item.documento &amp; " - " &amp; "📜",

                      ),
                      fv!item.documento &amp; " - " &amp; "📜",
                      )
                      
                    ),
                    choiceValues: local!catDocParaADFAceptado.iddocumento,
                    value: local!documentoAceptadoADF,
                    saveInto: local!documentoAceptadoADF,
                    disabled: true,
                    validations: {}
                  ),
                  {}
                ),
                /*#Duplicidad:Parte en revision*/
                if(
                  a!isNotNullOrEmpty(
                    local!catDocParaADFEstanEnDocumentacion_sin_nada
                  ),
                  #"SYSTEM_SYSRULES_checkboxField"(
                    label: "",
                    labelPosition: "ABOVE",
                    choiceLabels: local!catDocParaADFEstanEnDocumentacion_sin_nada.documento,
                    choiceValues: local!catDocParaADFEstanEnDocumentacion_sin_nada.iddocumento,
                    value: local!documentoEstanADFDocumentacion,
                    saveInto: local!documentoEstanADFDocumentacion,
                    disabled: true,
                    validations: {}
                  ),
                  {}
                ),
                /*#Duplicidad:Parte en revision*/
                if(
                  a!isNotNullOrEmpty(local!catDocRechazadosDeContratoADF),
                  #"SYSTEM_SYSRULES_checkboxField"(
                    label: "",
                    labelPosition: "ABOVE",

                    choiceLabels: #"SYSTEM_SYSRULES_forEach"(
                      local!catDocRechazadosDeContratoADF,

                      fv!item.documento &amp; " - " &amp; "(Rechazado)"

                    )
                    ,
                    choiceValues: local!catDocRechazadosDeContratoADF.iddocumento,
                    value: local!documentoRechazadoADFSeleccionado,
                    saveInto: local!documentoRechazadoADFSeleccionado,

                    validations: {}
                  ),
                  {}
                ),
                if(
                  a!isNotNullOrEmpty(local!catDocParaADFFaltantes),
                  #"SYSTEM_SYSRULES_checkboxField"(
                    label: "",
                    labelPosition: "ABOVE",
                    choiceLabels: local!catDocParaADFFaltantes.documento,
                    choiceValues: local!catDocParaADFFaltantes.iddocumento,
                    value: local!valoresADF,
                    saveInto: local!valoresADF,

                    validations: {}
                  ),
                  {}
                ),
              
                if(
                  a!isNotNullOrEmpty(local!solo_aceptados_no_adf),
                  #"SYSTEM_SYSRULES_checkboxField"(
                    label: "",
                    labelPosition: "ABOVE",

                    choiceLabels: #"SYSTEM_SYSRULES_forEach"(
                      local!solo_aceptados_no_adf,

                      fv!item.documento &amp; " - " &amp; "(Aceptado)"

                    )
                    ,
                    choiceValues: local!solo_aceptados_no_adf.iddocumento,
                    value: local!documentocontrato,
                    saveInto: local!documentocontrato,
                    disabled: true,
                    validations: {}
                  ),
                  {}
                ),
                if(
                  a!isNotNullOrEmpty(local!catDocExistenDocumentacion),
                  #"SYSTEM_SYSRULES_checkboxField"(
                    label: "",
                    labelPosition: "ABOVE",
                    choiceLabels: local!catDocExistenDocumentacion.documento,

                    choiceValues: local!catDocExistenDocumentacion.iddocumento,
                    value: local!documentoContratoExiste,
                    saveInto: local!documentoContratoExiste,
                    disabled: true,
                    validations: {}
                  ),
                  {}
                ),
                if(
                  a!isNotNullOrEmpty(local!catDocFaltantesDeContrato),
                  #"SYSTEM_SYSRULES_checkboxField"(
                    label: "",
                    labelPosition: "ABOVE",
                    choiceLabels: local!catDocFaltantesDeContrato.documento,
                    choiceValues: local!catDocFaltantesDeContrato.iddocumento,
                    value: local!valorescontrato,
                    saveInto: local!valorescontrato,

                    validations: {}
                  ),
                  {}
                ),
                if(
                  a!isNotNullOrEmpty(local!catDocRechazadosDeContrato),
                  #"SYSTEM_SYSRULES_checkboxField"(
                    label: "",
                    labelPosition: "ABOVE",
                    choiceLabels: #"SYSTEM_SYSRULES_forEach"(
                      local!catDocRechazadosDeContrato,
                      fv!item.documento &amp; " - " &amp; "(Rechazado)"
                    ),
                    choiceValues: local!catDocRechazadosDeContrato.iddocumento,
                    value: local!valorescontrato_rechazado,
                    saveInto: local!valorescontrato_rechazado,
                    validations: {}
                  ),
                  {}
                )
              }
            ),
            #"SYSTEM_SYSRULES_columnLayout"(
              contents: {
                #"SYSTEM_SYSRULES_cardLayout"(
                  contents: {
                    #"SYSTEM_SYSRULES_richTextDisplayField"(
                      value: #"SYSTEM_SYSRULES_richTextItem_v1"(
                        text: "Información de los documentos rechazados",
                        color: "ACCENT",
                        size: "MEDIUM",
                        style: { "STRONG", "EMPHASIS" }
                      ),
                      align: "CENTER"
                    ),
                    {
                      #"SYSTEM_SYSRULES_columnsLayout"(
                        columns: {
                          #"SYSTEM_SYSRULES_columnLayout"(
                            contents: {
                              #"SYSTEM_SYSRULES_richTextDisplayField"(
                                value: {
                                  #"SYSTEM_SYSRULES_richTextItem_v1"(text: "Documentos por Contrato "),
                                  #"SYSTEM_SYSRULES_richTextIcon"(icon: "arrow-down")
                                }
                              ),
                              if(
                                a!isNotNullOrEmpty(ri!documentacion_rechazada),
                                #"SYSTEM_SYSRULES_forEach"(
                                  items: ri!documentacion_rechazada,
                                  expression: 
                                  #"SYSTEM_SYSRULES_richTextDisplayField"(
                                    value: 
                                    {
                                      if(
                                        a!isNotNullOrEmpty(
                                          #"_a-0000e968-30a1-8000-e639-01ef9001ef90_4493570"(iddocumento: fv!item.iddocumento)
                                        ),
                                        {
                                            #"SYSTEM_SYSRULES_richTextItem_v1"(
                                              text: 
                                              concat(
                                                #"_a-0000e968-30a1-8000-e639-01ef9001ef90_4493570"(iddocumento: fv!item.iddocumento).documento,
                                                " "
                                              )
                                            ),
                                            #"SYSTEM_SYSRULES_richTextIcon"(
                                              icon: "times-circle",
                                              caption: "Mostrar Detalles",
                                              link: #"SYSTEM_SYSRULES_dynamicLink"(
                                                value: true,
                                                saveInto: {
                                                  local!verDetallesRechazado,
                                                  a!save(
                                                    local!idDocumentoSeleccionado,
                                                    fv!item.iddocumento
                                                  ),
                                                  a!save(local!documentoSeleccionado, null),
                                                  a!save(
                                                    local!documentoRechazadoSeleccionado,
                                                    a!flatten(
                                                      reject(
                                                        fn!isnull,
                                                        #"SYSTEM_SYSRULES_forEach"(
                                                          items: ri!documentacion_rechazada,
                                                          expression: if(
                                                            tointeger(fv!item.iddocumento) = local!idDocumentoSeleccionado,
                                                            fv!item,
                                                            null
                                                          )
                                                        )
                                                      )
                                                    )
                                                  )
                                                }
                                              ),
                                              linkStyle: "STANDALONE",
                                              color: "NEGATIVE"
                                            )
                                          },
                                        
                                        ""
                                      )
                                    }
                                  )
                                ),
                                {}
                              )
                            }
                          )
                        }
                      ),

                      if(
                        and(
                          local!verDetallesRechazado = true,
                          a!isNotNullOrEmpty(local!idDocumentoSeleccionado),
                          a!isNotNullOrEmpty(local!documentoRechazadoSeleccionado)
                        ),
                        {
                          #"SYSTEM_SYSRULES_boxLayout"(
                            label: concat(
                              "Detalles del documento rechazado: ",
                              reject(
                                fn!isnull,
                                #"SYSTEM_SYSRULES_forEach"(
                                  items: local!catalogoDelSegmento,
                                  expression: if(
                                    tointeger(fv!item.iddocumento) = local!idDocumentoSeleccionado,
                                    fv!item.documento,
                                    null
                                  )
                                )
                              )
                            ),
                            contents: {
                              if(
                                a!isNullOrEmpty(local!documentoRechazadoSeleccionado),
                                {},
                                {
                                  #"SYSTEM_SYSRULES_columnsLayout"(
                                    columns: {
                                      #"SYSTEM_SYSRULES_columnLayout"(
                                        contents: {
                                          #"SYSTEM_SYSRULES_richTextDisplayField"(
                                            value: {
                                              #"SYSTEM_SYSRULES_richTextItem_v1"(
                                                text: concat(
                                                  "Nombre de Documento: ",
                                                  local!documentoRechazadoSeleccionado[1].nomdocumento
                                                )
                                              )
                                            }
                                          ),
                                          #"SYSTEM_SYSRULES_richTextDisplayField"(
                                            value: {
                                              #"SYSTEM_SYSRULES_richTextItem_v1"(
                                                text: concat(
                                                  "Fecha de Rechazo: ",
                                                  local!documentoRechazadoSeleccionado[1].fecha
                                                )
                                              )
                                            }
                                          ),
                                          #"SYSTEM_SYSRULES_richTextDisplayField"(
                                            value: {
                                              #"SYSTEM_SYSRULES_richTextItem_v1"(
                                                text: concat(
                                                  "Usuario Rechazo: ",
                                                  local!documentoRechazadoSeleccionado[1].usuariorechazo
                                                )
                                              )
                                            }
                                          ),
                                          #"SYSTEM_SYSRULES_richTextDisplayField"(
                                            value: {
                                              #"SYSTEM_SYSRULES_richTextItem_v1"(
                                                text: concat(
                                                  "Motivo del rechazo: ",
                                                  local!documentoRechazadoSeleccionado[1].motivorechazo
                                                )
                                              )
                                            }
                                          )
                                        }
                                      ),
                                      #"SYSTEM_SYSRULES_columnLayout"(
                                        contents: {
                                          #"SYSTEM_SYSRULES_ButtonArrayLayout"(
                                            buttons: {
                                              #"SYSTEM_SYSRULES_ButtonWidget"(
                                                icon: "times",
                                                tooltip: "Cerrar Detalles",
                                                saveInto: {
                                                  a!save(local!idDocumentoSeleccionado, null),
                                                  a!save(
                                                    local!documentoRechazadoSeleccionado,
                                                    null
                                                  ),
                                                  a!save(local!verDetallesRechazado, false)
                                                },
                                                size: "SMALL"
                                              )
                                            }
                                          )
                                        },
                                        width: "EXTRA_NARROW"
                                      )
                                    }
                                  )
                                }
                              )
                            },
                            isCollapsible: true
                          )
                        },
                        {}
                      )
                    }
                  },
                  style: "INFO",
                  shape: "ROUNDED"
                )
              },
              width: "AUTO"
            ),
            #"SYSTEM_SYSRULES_columnLayout"(
              contents: {
                #"SYSTEM_SYSRULES_cardLayout"(
                  contents: {
                    #"SYSTEM_SYSRULES_richTextDisplayField"(
                      value: #"SYSTEM_SYSRULES_richTextItem_v1"(
                        text: "Información de los documentos aprobados",
                        color: "ACCENT",
                        size: "MEDIUM",
                        style: { "STRONG", "EMPHASIS" }
                      ),
                      align: "CENTER"
                    ),
                    if(
                      a!isNullOrEmpty(
                        local!aceptados_generales
                      ),
                      #"SYSTEM_SYSRULES_richTextDisplayField"(
                        value: {
                          #"SYSTEM_SYSRULES_richTextItem_v1"(
                            text: "No se han subido documentos para este reporte",
                            color: "NEGATIVE"
                          )
                        },
                        align: "CENTER"
                      ),
                      {
                        #"SYSTEM_SYSRULES_columnsLayout"(
                          columns: {
                            #"SYSTEM_SYSRULES_columnLayout"(
                              contents: {
                                #"SYSTEM_SYSRULES_richTextDisplayField"(
                                  value: {
                                    #"SYSTEM_SYSRULES_richTextItem_v1"(text: "Documentos por Contrato "),
                                    #"SYSTEM_SYSRULES_richTextIcon"(icon: "arrow-down")
                                  }
                                ),
                                if(
                                  a!isNotNullOrEmpty(
                                    local!aceptados_generales
                                  ),
                                  {
                                    #"SYSTEM_SYSRULES_forEach"(
                                      items: local!aceptados_generales,
                                      expression: #"SYSTEM_SYSRULES_richTextDisplayField"(
                                        value: {
                                          #"SYSTEM_SYSRULES_richTextItem_v1"(text: concat(fv!item.documento, " ")),
                                          #"SYSTEM_SYSRULES_richTextIcon"(
                                            icon: "check-circle",
                                            caption: "Mostrar Detalles",
                                            link: #"SYSTEM_SYSRULES_dynamicLink"(
                                              value: true,
                                              saveInto: {
                                                local!verDetallesAceptado,
                                                a!save(
                                                  local!idDocumentoSeleccionado,
                                                  fv!item.iddocumento
                                                ),
                                                a!save(
                                                  local!documentoRechazadoSeleccionado,
                                                  null
                                                ),
                                                a!save(
                                                  local!documentoSeleccionado,
                                                  a!flatten(
                                                    reject(
                                                      fn!isnull,
                                                      #"SYSTEM_SYSRULES_forEach"(
                                                        items: local!documentos_aceptados,
                                                        expression: if(
                                                          tointeger(fv!item.iddocumento) = local!idDocumentoSeleccionado,
                                                          fv!item,
                                                          null
                                                        )
                                                      )
                                                    )
                                                  )
                                                )
                                              }
                                            ),
                                            linkStyle: "STANDALONE",
                                            color: "POSITIVE"
                                          )
                                        }
                                      )
                                    )
                                  },
                                  #"SYSTEM_SYSRULES_richTextDisplayField"(
                                    value: #"SYSTEM_SYSRULES_richTextItem_v1"(
                                      text: "No se ha documentado por contrato"
                                    ),
                                    showWhen: a!isNullOrEmpty(
                                     local!aceptados_generales
                                    ),

                                  )
                                )
                               

                              }
                            )
                          }
                        ),

                        if(
                          and(
                            local!verDetallesAceptado = true,
                            a!isNotNullOrEmpty(local!idDocumentoSeleccionado),
                            a!isNotNullOrEmpty(local!documentoSeleccionado)
                          ),
                          #"SYSTEM_SYSRULES_boxLayout"(
                            label: concat(
                              "Detalles del documento ",
                              reject(
                                fn!isnull,
                                #"SYSTEM_SYSRULES_forEach"(
                                  items: local!catalogoDelSegmento,
                                  expression: if(
                                    tointeger(fv!item.iddocumento) = local!idDocumentoSeleccionado,
                                    fv!item.documento,
                                    null
                                  )
                                )
                              )
                            ),
                            contents: {
                              if(
                                a!isNullOrEmpty(local!documentoSeleccionado),
                                {},
                                {
                                  #"SYSTEM_SYSRULES_columnsLayout"(
                                    columns: {
                                      #"SYSTEM_SYSRULES_columnLayout"(
                                        contents: {
                                          #"SYSTEM_SYSRULES_richTextDisplayField"(
                                            value: {
                                              #"SYSTEM_SYSRULES_richTextItem_v1"(
                                                text: concat(
                                                  "Nombre de Documento: ",
                                                  local!documentoSeleccionado[1].nomdocumento
                                                )
                                              )
                                            }
                                          ),
                                          #"SYSTEM_SYSRULES_richTextDisplayField"(
                                            value: {
                                              #"SYSTEM_SYSRULES_richTextItem_v1"(
                                                text: concat(
                                                  "Usuario Carga: ",
                                                  local!documentoSeleccionado[1].usuariocargo
                                                )
                                              )
                                            }
                                          ),
                                          #"SYSTEM_SYSRULES_richTextDisplayField"(
                                            value: {
                                              #"SYSTEM_SYSRULES_richTextItem_v1"(
                                                text: concat(
                                                  "Fecha de Carga: ",
                                                  local!documentoSeleccionado[1].fechacarga
                                                )
                                              )
                                            }
                                          ),
                                          #"SYSTEM_SYSRULES_richTextDisplayField"(
                                            value: {
                                              #"SYSTEM_SYSRULES_richTextItem_v1"(
                                                text: concat(
                                                  "Usuario Acepto: ",
                                                  local!documentoSeleccionado[1].usuarioacepto
                                                )
                                              )
                                            }
                                          )
                                        }
                                      ),
                                      #"SYSTEM_SYSRULES_columnLayout"(
                                        contents: {
                                          #"SYSTEM_SYSRULES_ButtonArrayLayout"(
                                            buttons: {
                                              #"SYSTEM_SYSRULES_ButtonWidget"(
                                                icon: "times",
                                                tooltip: "Cerrar Detalles",
                                                saveInto: {
                                                  a!save(local!idDocumentoSeleccionado, null),
                                                  a!save(local!documentoSeleccionado, null),
                                                  a!save(local!verDetallesAceptado, false)
                                                },
                                                size: "SMALL"
                                              )
                                            }
                                          )
                                        },
                                        width: "EXTRA_NARROW"
                                      )
                                    }
                                  )
                                }
                              )
                            },
                            isCollapsible: true
                          ),
                          {}
                        )
                      }
                    )
                  },
                  style: "INFO",
                  shape: "ROUNDED"
                )
              }
            )
          }
        ),
        #"SYSTEM_SYSRULES_columnsLayout"(
          columns: {
            #"SYSTEM_SYSRULES_columnLayout"(
              contents: {
                #"SYSTEM_SYSRULES_fileUploadField_v1"(
                  label: "Subir Archivo",
                  instructions: if(
                    and(
                      a!isNullOrEmpty(local!valorescontrato),
                      a!isNullOrEmpty(local!valorescontrato_rechazado),
                      a!isNullOrEmpty(local!valoresADF),
                      a!isNullOrEmpty(
                        local!documentoRechazadoADFSeleccionado
                      )
                    ),
                    "Seleccione un documento para poder subir el archivo",
                    ""
                  ),
                  target: #"_a-0000e9a7-6d42-8000-e63f-01ef9001ef90_5940527",
                  fileNames: 
                  local!nombre_documento,
                  maxSelections: 1,
                  value: local!documento,
                  saveInto: {
                    local!documento
                 

                  },
                  disabled: if(

                    and(
                      a!isNullOrEmpty(local!valorescontrato),
                      a!isNullOrEmpty(local!valorescontrato_rechazado),
                      a!isNullOrEmpty(local!valoresADF),
                      a!isNullOrEmpty(
                        local!documentoRechazadoADFSeleccionado
                      )
                    ),
                    
                    true,
                    false
                  )
                )
              }
            ),
            #"SYSTEM_SYSRULES_columnLayout"(
              contents: {
                #"SYSTEM_SYSRULES_ButtonArrayLayout"(
                  buttons: {
                    #"SYSTEM_SYSRULES_ButtonWidget"(
                      label: "Cancelar",
                      value: { {} },
                      saveInto: {

                        local!valorescontrato,
                        local!valorescontrato_rechazado,
                        local!documentoRechazadoADFSeleccionado,
                        a!save(local!valoresADF, null),
                        a!save(local!documento, null),
                     
                        a!save(local!deal, null)
                      },
                      style: "DESTRUCTIVE",
                      disabled: if(
                        and(
                          a!isNullOrEmpty(local!valorescontrato),
                          a!isNullOrEmpty(local!valorescontrato_rechazado),
                          a!isNullOrEmpty(local!valoresADF),
                          a!isNullOrEmpty(
                            local!documentoRechazadoADFSeleccionado
                          )
                        ),
                        true,
                        false
                      )
                    ),
                    #"SYSTEM_SYSRULES_ButtonWidget"(
                      label: "Guardar",
                      icon: "save",
                      saveInto: {
                        #"SYSTEM_SYSRULES_startProcess"(
                          processModel: #"_a-0000eaa5-8248-8000-e681-01ef9001ef90_8263776",
                          processParameters: {
                            docName_txt: local!nombre_documento,
                            contract_txt: ri!contrato,
                            docsToDeleteList_cdt: #"_a-0000eaa5-8248-8000-e681-01ef9001ef90_8252669"(
                              ids_documentos: reject(
                                fn!isnull,
                                a!flatten(
                                  union(
                                    tointeger(local!valorescontrato_rechazado),
                                    tointeger(local!valorescontrato),
                                    tointeger(local!valoresADF),
                                    tointeger(
                                      local!documentoRechazadoADFSeleccionado
                                    )
                                  )
                                )
                              ),
                              contrato: ri!contrato
                            ),
                            docsIdsList_int: if(
                              and(
                                a!isNullOrEmpty(local!valorescontrato_rechazado),
                                a!isNullOrEmpty(local!valorescontrato),
                                a!isNullOrEmpty(local!valoresADF),
                                a!isNullOrEmpty(
                                  local!documentoRechazadoADFSeleccionado
                                )
                              ),
                              null,
                              reject(
                                fn!isnull,
                                a!flatten(
                                  union(
                                    tointeger(local!valorescontrato_rechazado),
                                    tointeger(local!valorescontrato),
                                    tointeger(local!valoresADF),
                                    tointeger(
                                      local!documentoRechazadoADFSeleccionado
                                    )
                                  )
                                )
                              )
                            ),
                            user_txt: ri!ejecutivo.usuarioopics,

                          },
                          onSuccess: {
                            a!save(ri!contrato, null),
                            a!save(local!documento, null),
                            a!save(local!valorescontrato, null),
                            a!save(local!valorescontrato_rechazado, null),
                            a!save(
                              local!documentoRechazadoADFSeleccionado,
                              null
                            ),
                            a!save(local!valoresADF, null),
                            a!save(local!observacion, null),
                            a!save(local!activo, null),
                            a!save(local!deal, null),
                            a!save(local!nombre_documento, null)
                          }
                        )
                      },
                      submit: true,
                      style: "PRIMARY",
                      disabled: {
                        if(

                          and(
                            a!isNullOrEmpty(local!valorescontrato),
                            a!isNullOrEmpty(local!valorescontrato_rechazado),
                            a!isNullOrEmpty(local!valoresADF),
                            a!isNullOrEmpty(
                              local!documentoRechazadoADFSeleccionado
                            )
                          ),
                          
                          
                          true,
                          if(

                            or(
                              a!isNullOrEmpty(local!documento),
                              a!isNullOrEmpty(local!deal)
                            ),
                            true,
                            false
                          )
                        )
                      },
                      loadingIndicator: true
                    )
                  },
                  align: "CENTER",
                  marginAbove: "MORE"
                )
              }
            ),
            #"SYSTEM_SYSRULES_columnLayout"(contents: {})
          }
        )
      },
      {}
    ),

    if(
      a!isNullOrEmpty(local!catalogoDelSegmento),
      #"SYSTEM_SYSRULES_richTextDisplayField"(
        value: {
          #"SYSTEM_SYSRULES_richTextIcon"(
            icon: "warning",
            color: "NEGATIVE",
            size: "MEDIUM"
          ),
          #"SYSTEM_SYSRULES_richTextItem_v1"(
            text: " El segmento no tiene catálogos de documentos asociados, comuníquese con su el admininstrador para solucionar este problema",
            color: "NEGATIVE",
            size: "MEDIUM",
            style: "STRONG"
          )
        }
      ),
      {}
    )
  }
)</definition>
        <namedTypedValue>
            <name>contrato</name>
            <type>
                <name>string</name>
                <namespace>http://www.w3.org/2001/XMLSchema</namespace>
            </type>
            <value/>
        </namedTypedValue>
        <namedTypedValue>
            <name>ejecutivo</name>
            <type>
                <name>V_CDO_Ejecutivo</name>
                <namespace>urn:com:appian:types</namespace>
            </type>
        </namedTypedValue>
        <namedTypedValue>
            <name>refreshCount</name>
            <type>
                <name>int</name>
                <namespace>http://www.w3.org/2001/XMLSchema</namespace>
            </type>
        </namedTypedValue>
        <namedTypedValue>
            <name>esImagenPendiente</name>
            <type>
                <name>boolean</name>
                <namespace>http://www.w3.org/2001/XMLSchema</namespace>
            </type>
        </namedTypedValue>
        <namedTypedValue>
            <name>documentacion_rechazada</name>
            <type>
                <name>cdo_documentacion_rechazada?list</name>
                <namespace>urn:com:appian:types</namespace>
            </type>
        </namedTypedValue>
        <preferredEditor>interface</preferredEditor>
        <offlineEnabled>false</offlineEnabled>
        <isCustom>false</isCustom>
    </interface>
    <roleMap public="true">
        <role inherit="true" allowForAll="false" name="readers">
            <users/>
            <groups/>
        </role>
        <role inherit="true" allowForAll="false" name="authors">
            <users/>
            <groups/>
        </role>
        <role inherit="true" allowForAll="false" name="administrators">
            <users/>
            <groups/>
        </role>
        <role inherit="false" allowForAll="false" name="denyReaders">
            <users/>
            <groups/>
        </role>
        <role inherit="false" allowForAll="false" name="denyAuthors">
            <users/>
            <groups/>
        </role>
        <role inherit="false" allowForAll="false" name="denyAdministrators">
            <users/>
            <groups/>
        </role>
    </roleMap>
    <typedValue>
        <type>
            <name>RuleTestConfig?list</name>
            <namespace>http://www.appian.com/ae/types/2009</namespace>
        </type>
        <value>
            <el>
                <a:name/>
                <a:ruleInputTestConfigs>
                    <a:value xmlns:xsi="http://www.w3.org/2001/XMLSchema-instance" xsi:type="a:Expression">"0002003875"</a:value>
                    <a:nameRef>contrato</a:nameRef>
                    <a:id>1</a:id>
                </a:ruleInputTestConfigs>
                <a:ruleInputTestConfigs>
                    <a:value xmlns:xsi="http://www.w3.org/2001/XMLSchema-instance" xsi:type="a:Expression">{usuarion: "x497975", tipoacceso: "usuario-supervisor", fechaingreso: "02102023", nombre: "CHRISTIAN", expediente: "X497975", idsegmento: 2, usuarioopics: "X497975", idacceso: 16269}</a:value>
                    <a:nameRef>ejecutivo</a:nameRef>
                    <a:id>2</a:id>
                </a:ruleInputTestConfigs>
                <a:ruleInputTestConfigs>
                    <a:value xmlns:xsd="http://www.w3.org/2001/XMLSchema" xmlns:xsi="http://www.w3.org/2001/XMLSchema-instance" xsi:nil="true" xsi:type="xsd:int"/>
                    <a:nameRef>refreshCount</a:nameRef>
                    <a:id>3</a:id>
                </a:ruleInputTestConfigs>
                <a:ruleInputTestConfigs>
                    <a:value xmlns:xsd="http://www.w3.org/2001/XMLSchema" xmlns:xsi="http://www.w3.org/2001/XMLSchema-instance" xsi:nil="true" xsi:type="xsd:boolean"/>
                    <a:nameRef>esImagenPendiente</a:nameRef>
                    <a:id>4</a:id>
                </a:ruleInputTestConfigs>
                <a:ruleInputTestConfigs>
                    <a:value xmlns:xsi="http://www.w3.org/2001/XMLSchema-instance" xsi:type="a:Expression">null</a:value>
                    <a:nameRef>documentacion_rechazada</a:nameRef>
                    <a:id>5</a:id>
                </a:ruleInputTestConfigs>
                <a:assertions xmlns:xsi="http://www.w3.org/2001/XMLSchema-instance" xsi:nil="true"/>
            </el>
        </value>
    </typedValue>
    <history>
        <historyInfo versionUuid="_a-0000eaa5-8248-8000-e681-01ef9001ef90_8356920"/>
        <historyInfo versionUuid="_a-0000eabf-35e2-8000-e683-01ef9001ef90_8428067"/>
        <historyInfo versionUuid="_a-0000eb09-d442-8000-e687-01ef9001ef90_8857030"/>
        <historyInfo versionUuid="_a-0000eb53-0a0e-8000-e689-01ef9001ef90_9390800"/>
        <historyInfo versionUuid="_a-0000eb53-0a0e-8000-e689-01ef9001ef90_9422118"/>
        <historyInfo versionUuid="_a-0000eb53-0a0e-8000-e689-01ef9001ef90_9507125"/>
        <historyInfo versionUuid="_a-0000eb53-0a0e-8000-e689-01ef9001ef90_9539456"/>
        <historyInfo versionUuid="_a-0000eb9b-4ec6-8000-e68b-01ef9001ef90_9619999"/>
        <historyInfo versionUuid="_a-0000eb9b-4ec6-8000-e68b-01ef9001ef90_9646342"/>
        <historyInfo versionUuid="_a-0000ebb9-a974-8000-e690-01ef9001ef90_9660833"/>
    </history>
</contentHaul>
