<?xml version="1.0" encoding="UTF-8" standalone="yes"?>
<contentHaul xmlns:a="http://www.appian.com/ae/types/2009">
    <versionUuid>_a-0000eb53-0a0e-8000-e689-01ef9001ef90_9391175</versionUuid>
    <interface>
        <name>SCDO_ERROR_OBJECT_STORAGE</name>
        <uuid>_a-0000eabf-35e2-8000-e683-01ef9001ef90_8432672</uuid>
        <description>Regla de interfaz para mostrar al usuario el error CON OBJECT STORAGE.</description>
        <parentUuid>_a-0000e801-560f-8000-e5d9-01ef9001ef90_1707049</parentUuid>
        <visibility>
            <advertise>false</advertise>
            <hierarchy>true</hierarchy>
            <indexable>true</indexable>
            <quota>false</quota>
            <searchable>true</searchable>
            <system>false</system>
            <unlogged>false</unlogged>
        </visibility>
        <definition>a!localVariables(
  
  
  {
    #"SYSTEM_SYSRULES_columnsLayout"(
      columns: {
        #"SYSTEM_SYSRULES_columnLayout"(

        ),
        #"SYSTEM_SYSRULES_columnLayout"(
          contents: {
            #"SYSTEM_SYSRULES_cardLayout"(
              contents: {
                #"SYSTEM_SYSRULES_richTextDisplayField"(
                  value: {
                    #"SYSTEM_SYSRULES_richTextItem_v1"(
                      text: "AVISO",
                      color: "ACCENT",
                      size: "LARGE",
                      style: "STRONG"
                    )
                  },
                  align: "CENTER"
                ),
                #"SYSTEM_SYSRULES_richTextDisplayField"(
                  value: {
                    #"SYSTEM_SYSRULES_richTextItem_v1"(
                      text: concat("LA OPERACIÓN CONCLUYÓ CORRECTAMENTE.
(No se pudo subir el documento a la nube. Se intentará subir nuevamente en unos minutos).", char(10) 
                     
                      ),
                      size: "STANDARD",
                      style: "STRONG"
                    )
                  },
                  align: "CENTER"
                ),
                /*a!richTextDisplayField(*/
                  /*align: "CENTER",*/
                  /*value: {*/
                    /*a!richTextItem(*/
                      /*text: "Descargue y verifique su documento aqui",*/
                      /*link: {*/
                        /*a!documentDownloadLink(*/
                          /*document: ri!documentoSubido*/
                        /*)*/
                      /*}*/
                    /*)*/
                  /*}*/
                /*),*/
                #"SYSTEM_SYSRULES_ButtonArrayLayout"(
                  buttons: {
                    #"SYSTEM_SYSRULES_ButtonWidget"(
                      label: "CErrar",
                      value: false,
                      submit: true,
                      style: "SECONDARY"
                    )
                  },
                  align: "CENTER"
                )
              },
              height: "AUTO",
              style: "INFO",
              shape: "ROUNDED",
              padding: "LESS"
            )
          }
        ),
        #"SYSTEM_SYSRULES_columnLayout"(

        )
      }
    )
  }
  
)</definition>
        <namedTypedValue>
            <name>documentoSubido</name>
            <type>
                <name>CollaborationDocument</name>
                <namespace>http://www.appian.com/ae/types/2009</namespace>
            </type>
        </namedTypedValue>
        <preferredEditor>interface</preferredEditor>
        <offlineEnabled>false</offlineEnabled>
        <isCustom>false</isCustom>
    </interface>
    <roleMap public="true">
        <role inherit="true" allowForAll="false" name="readers">
            <users/>
            <groups/>
        </role>
        <role inherit="true" allowForAll="false" name="authors">
            <users/>
            <groups/>
        </role>
        <role inherit="true" allowForAll="false" name="administrators">
            <users/>
            <groups/>
        </role>
        <role inherit="false" allowForAll="false" name="denyReaders">
            <users/>
            <groups/>
        </role>
        <role inherit="false" allowForAll="false" name="denyAuthors">
            <users/>
            <groups/>
        </role>
        <role inherit="false" allowForAll="false" name="denyAdministrators">
            <users/>
            <groups/>
        </role>
    </roleMap>
    <history>
        <historyInfo versionUuid="_a-0000eabf-35e2-8000-e683-01ef9001ef90_8432696"/>
        <historyInfo versionUuid="_a-0000eb09-d442-8000-e687-01ef9001ef90_8767027"/>
        <historyInfo versionUuid="_a-0000eb09-d442-8000-e687-01ef9001ef90_9134899"/>
        <historyInfo versionUuid="_a-0000eb53-0a0e-8000-e689-01ef9001ef90_9391175"/>
    </history>
</contentHaul>
