<?xml version="1.0" encoding="UTF-8" standalone="yes"?>
<contentHaul xmlns:a="http://www.appian.com/ae/types/2009">
    <versionUuid>_a-0000eb53-0a0e-8000-e689-01ef9001ef90_9505793</versionUuid>
    <rule>
        <name>SCDO_getUsuariosOPByFilters</name>
        <uuid>_a-0000e878-569a-8000-e5e4-01ef9001ef90_2152641</uuid>
        <description>Regresa la información de los usuariospics por filtros para SCDO.</description>
        <parentUuid>_a-0000e9a7-6d42-8000-e63f-01ef9001ef90_4873934</parentUuid>
        <visibility>
            <advertise>false</advertise>
            <hierarchy>true</hierarchy>
            <indexable>true</indexable>
            <quota>false</quota>
            <searchable>true</searchable>
            <system>false</system>
            <unlogged>false</unlogged>
        </visibility>
        <definition>#"_a-0000e8b9-0989-8000-e5fd-01ef9001ef90_2420859"(
  dataStoreEntity_dt: #"_a-0000e878-569a-8000-e5e4-01ef9001ef90_2114138",
  queryFilter_any: {
    #"SYSTEM_SYSRULES_queryFilter"(
      field: "idusuarioopics",
      operator: "=",
      value: ri!idUsuarioOpic,
      applyWhen: isnull(ri!idUsuarioOpic) &lt;&gt; true
    ),
    #"SYSTEM_SYSRULES_queryFilter"(
      field: "usuarioopics",
      operator: "=",
      value: ri!usuarioOpic,
      applyWhen: isnull(ri!usuarioOpic) &lt;&gt; true
    ),
    #"SYSTEM_SYSRULES_queryFilter"(
      field: "usuarioopics",
      operator: "not null",
    ),
    #"SYSTEM_SYSRULES_queryFilter"(
      field: "idsegmento",
      operator: "=",
      value: ri!idSegmento,
      applyWhen: isnull(ri!idSegmento) &lt;&gt; true
    ),
    #"SYSTEM_SYSRULES_queryFilter"(
      field: "extra1",
      operator: "=",
      value: ri!Extra1,
      applyWhen: isnull(ri!Extra1) &lt;&gt; true
    ),
    #"SYSTEM_SYSRULES_queryFilter"(
      field: "extra2",
      operator: "=",
      value: ri!Extra2,
      applyWhen: isnull(ri!Extra2) &lt;&gt; true
    ),
  },
  pagingInfo_pi: if(
    not(isnull(ri!paginInfo)),
    ri!paginInfo,
    #"SYSTEM_SYSRULES_pagingInfo"(
      startIndex: 1,
      batchSize: -1,
      sort: #"SYSTEM_SYSRULES_sortInfo"(field: "usuarioopics", ascending: true())
    )
  ),
  
  selectionColumn_txt: ri!seleccionColumnas,   
  /*pagingInfo_pi: ri!paginInfo,*/
  ignoreFiltersWithEmptyValues_bool:true,
  fetchTotalCount_bool: true
)
</definition>
        <namedTypedValue>
            <name>idUsuarioOpic</name>
            <type>
                <name>int</name>
                <namespace>http://www.w3.org/2001/XMLSchema</namespace>
            </type>
        </namedTypedValue>
        <namedTypedValue>
            <name>usuarioOpic</name>
            <type>
                <name>string</name>
                <namespace>http://www.w3.org/2001/XMLSchema</namespace>
            </type>
            <value/>
        </namedTypedValue>
        <namedTypedValue>
            <name>idSegmento</name>
            <type>
                <name>int</name>
                <namespace>http://www.w3.org/2001/XMLSchema</namespace>
            </type>
        </namedTypedValue>
        <namedTypedValue>
            <name>Extra1</name>
            <type>
                <name>string</name>
                <namespace>http://www.w3.org/2001/XMLSchema</namespace>
            </type>
            <value/>
        </namedTypedValue>
        <namedTypedValue>
            <name>Extra2</name>
            <type>
                <name>string</name>
                <namespace>http://www.w3.org/2001/XMLSchema</namespace>
            </type>
            <value/>
        </namedTypedValue>
        <namedTypedValue>
            <name>paginInfo</name>
            <type>
                <name>PagingInfo</name>
                <namespace>http://www.appian.com/ae/types/2009</namespace>
            </type>
        </namedTypedValue>
        <namedTypedValue>
            <name>seleccionColumnas</name>
            <type>
                <name>string</name>
                <namespace>http://www.w3.org/2001/XMLSchema</namespace>
            </type>
            <value/>
        </namedTypedValue>
        <preferredEditor>legacy</preferredEditor>
        <offlineEnabled>false</offlineEnabled>
    </rule>
    <roleMap public="true">
        <role inherit="true" allowForAll="false" name="readers">
            <users/>
            <groups/>
        </role>
        <role inherit="true" allowForAll="false" name="authors">
            <users/>
            <groups/>
        </role>
        <role inherit="true" allowForAll="false" name="administrators">
            <users/>
            <groups/>
        </role>
        <role inherit="false" allowForAll="false" name="denyReaders">
            <users/>
            <groups/>
        </role>
        <role inherit="false" allowForAll="false" name="denyAuthors">
            <users/>
            <groups/>
        </role>
        <role inherit="false" allowForAll="false" name="denyAdministrators">
            <users/>
            <groups/>
        </role>
    </roleMap>
    <history>
        <historyInfo versionUuid="_a-0000e93b-1de6-8000-e635-01ef9001ef90_3565699"/>
        <historyInfo versionUuid="_a-0000e9f5-96e6-8000-e641-01ef9001ef90_6089447"/>
        <historyInfo versionUuid="_a-0000eb53-0a0e-8000-e689-01ef9001ef90_9385889"/>
        <historyInfo versionUuid="_a-0000eb53-0a0e-8000-e689-01ef9001ef90_9505793"/>
    </history>
</contentHaul>
