<?xml version="1.0" encoding="UTF-8" standalone="yes"?>
<contentHaul xmlns:a="http://www.appian.com/ae/types/2009">
    <versionUuid>_a-0000eb9b-4ec6-8000-e68b-01ef9001ef90_9621644</versionUuid>
    <rule>
        <name>SCDO_obtenerReportesInterfazSupervisor</name>
        <uuid>_a-0000e9f5-96e6-8000-e641-01ef9001ef90_6492923</uuid>
        <description>Regla de expresión para obtener los reportes de la interfaz de supervisor</description>
        <parentUuid>_a-0000e9a3-ab27-8000-e63d-01ef9001ef90_4829216</parentUuid>
        <visibility>
            <advertise>false</advertise>
            <hierarchy>true</hierarchy>
            <indexable>true</indexable>
            <quota>false</quota>
            <searchable>true</searchable>
            <system>false</system>
            <unlogged>false</unlogged>
        </visibility>
        <definition>a!localVariables(
  local!usuariosPorSegmento: a!refreshVariable(
    value: a!flatten(
      index(
        #"_a-0000e878-569a-8000-e5e4-01ef9001ef90_2152641"(
          idSegmento: if(
            if(
              a!isNotNullOrEmpty(index(ri!supervisor, "segmento", null)),
              a!isNotNullOrEmpty(
                #"_a-0000e878-569a-8000-e5e4-01ef9001ef90_2233353"(segmento: ri!supervisor.segmento).data
              ),
              false()
            ),
            #"_a-0000e878-569a-8000-e5e4-01ef9001ef90_2233353"(segmento: ri!supervisor.segmento).data[1].idsegmento,
            0
          )
        ).data,
        "usuarioopics",
        {}
      )
    ),
    refreshOnVarChange: ri!refrescar
  ),
  local!centrosPorRegion: a!refreshVariable(
    value: if(
      a!isNotNullOrEmpty(ri!region),
      a!flatten(
        index(
          #"_a-0000e8c4-62ba-8000-e603-01ef9001ef90_2682345"(idregion: ri!region).data,
          "cc",
          {}
        )
      ),
      null
    ),
    refreshOnVarChange: ri!refrescar
  ),
  local!usuarioSeleccionado: a!refreshVariable(
    value: if(
      a!isNotNullOrEmpty(ri!usuario),
      if(
        a!isNotNullOrEmpty(
          #"_a-0000e878-569a-8000-e5e4-01ef9001ef90_2152641"(idUsuarioOpic: ri!usuario).data
        ),
        #"_a-0000e878-569a-8000-e5e4-01ef9001ef90_2152641"(idUsuarioOpic: ri!usuario).data[1].usuarioopics,
        null
      ),
      null
    ),
    refreshOnVarChange: ri!refrescar
  ),

  #"SYSTEM_SYSRULES_queryEntity_v2"(
    entity: #"_a-0000eb09-d442-8000-e687-01ef9001ef90_8876130",
    query: #"SYSTEM_SYSRULES_query"(
      logicalExpression: {
        #"_a-0000eb53-0a0e-8000-e689-01ef9001ef90_9514843"(
          FechaDividida: ri!FechaDividida,
          Fecha: ri!Fecha,
          Fechaal: ri!Fechaal,
          FechaalDividida: ri!FechaalDividida,
          Con: ri!Con,
          ComV: ri!ComV,
          emisora: ri!emisora,
          operacion: ri!operacion,
          usuariosPorSegmento: local!usuariosPorSegmento,
          ccosto: ri!ccosto,
          centrosPorRegion: local!centrosPorRegion,
          usuarioSeleccionado: local!usuarioSeleccionado,
          region:ri!region
        )
      },
      pagingInfo: if(
        or(
          a!isNullOrEmpty(ri!startIndex),
          a!isNullOrEmpty(ri!batchSize)
        ),
        #"SYSTEM_SYSRULES_pagingInfo"(
          startIndex: 1,
          batchSize: 10,
          sort: #"SYSTEM_SYSRULES_sortInfo"(field: "fechacaptura", ascending: false)
        ),
        #"SYSTEM_SYSRULES_pagingInfo"(
          startIndex: ri!startIndex,
          batchSize: ri!batchSize,
          sort: #"SYSTEM_SYSRULES_sortInfo"(field: "fechacaptura", ascending: false)
        )
      )
    ),
    fetchTotalCount: true
  ),



)</definition>
        <namedTypedValue>
            <name>fecha</name>
            <type>
                <name>date</name>
                <namespace>http://www.w3.org/2001/XMLSchema</namespace>
            </type>
        </namedTypedValue>
        <namedTypedValue>
            <name>fechaal</name>
            <type>
                <name>date</name>
                <namespace>http://www.w3.org/2001/XMLSchema</namespace>
            </type>
        </namedTypedValue>
        <namedTypedValue>
            <name>fechaDividida</name>
            <type>
                <name>Text?list</name>
                <namespace>http://www.appian.com/ae/types/2009</namespace>
            </type>
        </namedTypedValue>
        <namedTypedValue>
            <name>FechaalDividida</name>
            <type>
                <name>Text?list</name>
                <namespace>http://www.appian.com/ae/types/2009</namespace>
            </type>
        </namedTypedValue>
        <namedTypedValue>
            <name>Con</name>
            <type>
                <name>string</name>
                <namespace>http://www.w3.org/2001/XMLSchema</namespace>
            </type>
            <value/>
        </namedTypedValue>
        <namedTypedValue>
            <name>KeyGrids</name>
            <type>
                <name>int</name>
                <namespace>http://www.w3.org/2001/XMLSchema</namespace>
            </type>
        </namedTypedValue>
        <namedTypedValue>
            <name>ComV</name>
            <type>
                <name>string</name>
                <namespace>http://www.w3.org/2001/XMLSchema</namespace>
            </type>
            <value/>
        </namedTypedValue>
        <namedTypedValue>
            <name>emisora</name>
            <type>
                <name>string</name>
                <namespace>http://www.w3.org/2001/XMLSchema</namespace>
            </type>
            <value/>
        </namedTypedValue>
        <namedTypedValue>
            <name>operacion</name>
            <type>
                <name>string</name>
                <namespace>http://www.w3.org/2001/XMLSchema</namespace>
            </type>
            <value/>
        </namedTypedValue>
        <namedTypedValue>
            <name>startIndex</name>
            <type>
                <name>int</name>
                <namespace>http://www.w3.org/2001/XMLSchema</namespace>
            </type>
        </namedTypedValue>
        <namedTypedValue>
            <name>batchSize</name>
            <type>
                <name>int</name>
                <namespace>http://www.w3.org/2001/XMLSchema</namespace>
            </type>
        </namedTypedValue>
        <namedTypedValue>
            <name>supervisor</name>
            <type>
                <name>V_CDO_Supervisores</name>
                <namespace>urn:com:appian:types</namespace>
            </type>
        </namedTypedValue>
        <namedTypedValue>
            <name>ccosto</name>
            <type>
                <name>string</name>
                <namespace>http://www.w3.org/2001/XMLSchema</namespace>
            </type>
            <value/>
        </namedTypedValue>
        <namedTypedValue>
            <name>region</name>
            <type>
                <name>int</name>
                <namespace>http://www.w3.org/2001/XMLSchema</namespace>
            </type>
        </namedTypedValue>
        <namedTypedValue>
            <name>usuario</name>
            <type>
                <name>int</name>
                <namespace>http://www.w3.org/2001/XMLSchema</namespace>
            </type>
        </namedTypedValue>
        <namedTypedValue>
            <name>refrescar</name>
            <type>
                <name>int</name>
                <namespace>http://www.w3.org/2001/XMLSchema</namespace>
            </type>
        </namedTypedValue>
        <preferredEditor>legacy</preferredEditor>
        <offlineEnabled>false</offlineEnabled>
    </rule>
    <roleMap public="true">
        <role inherit="true" allowForAll="false" name="readers">
            <users/>
            <groups/>
        </role>
        <role inherit="true" allowForAll="false" name="authors">
            <users/>
            <groups/>
        </role>
        <role inherit="true" allowForAll="false" name="administrators">
            <users/>
            <groups/>
        </role>
        <role inherit="false" allowForAll="false" name="denyReaders">
            <users/>
            <groups/>
        </role>
        <role inherit="false" allowForAll="false" name="denyAuthors">
            <users/>
            <groups/>
        </role>
        <role inherit="false" allowForAll="false" name="denyAdministrators">
            <users/>
            <groups/>
        </role>
    </roleMap>
    <history>
        <historyInfo versionUuid="_a-0000ea22-4ef8-8000-e643-01ef9001ef90_6763403"/>
        <historyInfo versionUuid="_a-0000eb09-d442-8000-e687-01ef9001ef90_8876424"/>
        <historyInfo versionUuid="_a-0000eb53-0a0e-8000-e689-01ef9001ef90_9386183"/>
        <historyInfo versionUuid="_a-0000eb53-0a0e-8000-e689-01ef9001ef90_9451561"/>
        <historyInfo versionUuid="_a-0000eb53-0a0e-8000-e689-01ef9001ef90_9514892"/>
        <historyInfo versionUuid="_a-0000eb53-0a0e-8000-e689-01ef9001ef90_9555824"/>
        <historyInfo versionUuid="_a-0000eb9b-4ec6-8000-e68b-01ef9001ef90_9621644"/>
    </history>
</contentHaul>
