<?xml version="1.0" encoding="UTF-8" standalone="yes"?>
<contentHaul xmlns:a="http://www.appian.com/ae/types/2009">
    <versionUuid>_a-0000eb53-0a0e-8000-e689-01ef9001ef90_9389723</versionUuid>
    <interface>
        <name>SCDO_MarcajeObligatorioInterfaz</name>
        <uuid>_a-0000e9a7-6d42-8000-e63f-01ef9001ef90_5771020</uuid>
        <description>Regla de interfaz que explica el funcionamiento del proceso de marcación a obligatorio de las operaciones dado un Excel</description>
        <parentUuid>_a-0000e801-560f-8000-e5d9-01ef9001ef90_1707049</parentUuid>
        <visibility>
            <advertise>false</advertise>
            <hierarchy>true</hierarchy>
            <indexable>true</indexable>
            <quota>false</quota>
            <searchable>true</searchable>
            <system>false</system>
            <unlogged>false</unlogged>
        </visibility>
        <definition>a!localVariables(
  
  local!confirmarMarcaje,
  {
    #"SYSTEM_SYSRULES_richTextDisplayField"(
      labelPosition: "COLLAPSED",
      value: {
        #"SYSTEM_SYSRULES_richTextItem_v1"(
          text: {
            "Marcaje de Operaciones"
          },
          color: "#ff0000",
          size: "MEDIUM_PLUS"
        )
      },
      align: "CENTER"
    ),
    #"SYSTEM_SYSRULES_sectionLayout_v1"(
      contents: {
        #"SYSTEM_SYSRULES_columnsLayout"(
          columns: {
            #"SYSTEM_SYSRULES_columnLayout"(
              width: "AUTO"
            ),
            #"SYSTEM_SYSRULES_columnLayout"(
              contents: {
                #"SYSTEM_SYSRULES_cardLayout"(
                  contents: {
                    #"SYSTEM_SYSRULES_richTextDisplayField"(
                      value: {
                        #"SYSTEM_SYSRULES_richTextItem_v1"(
                          text: concat("El marcaje de operaciones parte de un excel en donde se encuentran las operaciones y los contratos, subido este excel se procede a insertar en la base de datos. ",char(10), "Todos los reportes que contengan las operaciones y los contratos del Excel cambiarán el campo obligatorio a *.", char(10), "Una vez finalizado el proceso se mostrarán los reportes que han sido marcados."),
                          size: "MEDIUM_PLUS"

                        )
                      },
                      align: "CENTER"
                    )

                  },
                  style: "INFO",
                  shape: "ROUNDED",
                  padding: "STANDARD",
                  showShadow: true
                )
              }
            ),
            #"SYSTEM_SYSRULES_columnLayout"(
              width: "AUTO"
            )
          }
        ),
        
      }
    ),
   
    #"SYSTEM_SYSRULES_checkboxField"(
      choiceLabels: {if(isnull(local!confirmarMarcaje), "Marque esta opción si ha entendido para poder iniciar el proceso", "Entendido, puede Iniciar el proceso")},
      choiceValues: {true},
      value: local!confirmarMarcaje,
      saveInto: local!confirmarMarcaje,
      align: "CENTER"
    ),
    #"SYSTEM_SYSRULES_linkField"(
      links: {
        #"SYSTEM_SYSRULES_startProcessLink"(
          label: "Iniciar el proceso",
          processModel: #"_a-0000e9a7-6d42-8000-e63f-01ef9001ef90_5770737",
          processParameters: {
            documentoSubido: null,
            cancel: false,
          }
        )
      },
      showWhen: {
        if(
          isnull(local!confirmarMarcaje),
          false,
          true
        )
      },
      align: "CENTER"
    )

  }
)</definition>
        <preferredEditor>interface</preferredEditor>
        <offlineEnabled>false</offlineEnabled>
        <isCustom>false</isCustom>
    </interface>
    <roleMap public="true">
        <role inherit="true" allowForAll="false" name="readers">
            <users/>
            <groups/>
        </role>
        <role inherit="true" allowForAll="false" name="authors">
            <users/>
            <groups/>
        </role>
        <role inherit="true" allowForAll="false" name="administrators">
            <users/>
            <groups/>
        </role>
        <role inherit="false" allowForAll="false" name="denyReaders">
            <users/>
            <groups/>
        </role>
        <role inherit="false" allowForAll="false" name="denyAuthors">
            <users/>
            <groups/>
        </role>
        <role inherit="false" allowForAll="false" name="denyAdministrators">
            <users/>
            <groups/>
        </role>
    </roleMap>
    <history>
        <historyInfo versionUuid="_a-0000e9a7-6d42-8000-e63f-01ef9001ef90_5941495"/>
        <historyInfo versionUuid="_a-0000ea97-682f-8000-e67f-01ef9001ef90_8167513"/>
        <historyInfo versionUuid="_a-0000eb09-d442-8000-e687-01ef9001ef90_8848910"/>
        <historyInfo versionUuid="_a-0000eb53-0a0e-8000-e689-01ef9001ef90_9389723"/>
    </history>
</contentHaul>
