<?xml version="1.0" encoding="UTF-8" standalone="yes"?>
<contentHaul xmlns:a="http://www.appian.com/ae/types/2009">
    <versionUuid>_a-0000eb53-0a0e-8000-e689-01ef9001ef90_9451308</versionUuid>
    <rule>
        <name>SCDO_getDoctosFisicos</name>
        <uuid>_a-0000e982-d80b-8000-e63b-01ef9001ef90_4749073</uuid>
        <description>Regla para obtener los datos de CDO_DoctosFisicos</description>
        <parentUuid>_a-0000e9a3-ab27-8000-e63d-01ef9001ef90_4831029</parentUuid>
        <visibility>
            <advertise>false</advertise>
            <hierarchy>true</hierarchy>
            <indexable>true</indexable>
            <quota>false</quota>
            <searchable>true</searchable>
            <system>false</system>
            <unlogged>false</unlogged>
        </visibility>
        <definition>#"SYSTEM_SYSRULES_queryEntity_v2"(
  entity: #"_a-0000e8b2-d897-8000-e5f1-01ef9001ef90_2373385",
  query: #"SYSTEM_SYSRULES_query"(
    logicalExpression: #"SYSTEM_SYSRULES_queryLogicalExpression"(
      operator: "AND",
      filters: {
        
        #"SYSTEM_SYSRULES_queryFilter"(
          field: "iddoctosFisicos",
          operator: "=",
          value: ri!iddoctosFisicos
        ),
        #"SYSTEM_SYSRULES_queryFilter"(
          field: "iddocumento",
          operator: "=",
          value: ri!iddocumento
        ),
        #"SYSTEM_SYSRULES_queryFilter"(
          field: "iddocumento",
          operator: "in",
          value: ri!idsDocumentos,
          applywhen: a!isNotNullOrEmpty(ri!idsDocumentos),
        ),
        #"SYSTEM_SYSRULES_queryFilter"(
          field: "estatus",
          operator: "=",
          value: ri!estatus
        ),
        #"SYSTEM_SYSRULES_queryFilter"(
          field: "contrato",
          operator: "=",
          value: ri!contrato
        ),
        #"SYSTEM_SYSRULES_queryFilter"(
          field: "adf",
          operator: "=",
          value: ri!adf
        )
      },
      ignoreFiltersWithEmptyValues: true
    ),
    pagingInfo: if(
      not(isnull(ri!pagingInfo)),
      ri!pagingInfo,
      #"SYSTEM_SYSRULES_pagingInfo"(
        startIndex: 1,
        batchSize: 100,
        sort: #"SYSTEM_SYSRULES_sortInfo"(field: "iddocumento", ascending: true())
      )
    ),
    
    /*pagingInfo: a!pagingInfo(*/
      /*startIndex: 1,*/
      /*batchSize: 50*/
    /*)*/
  ),
  fetchTotalCount: false
).data</definition>
        <namedTypedValue>
            <name>iddocumento</name>
            <type>
                <name>int</name>
                <namespace>http://www.w3.org/2001/XMLSchema</namespace>
            </type>
        </namedTypedValue>
        <namedTypedValue>
            <name>estatus</name>
            <type>
                <name>int</name>
                <namespace>http://www.w3.org/2001/XMLSchema</namespace>
            </type>
        </namedTypedValue>
        <namedTypedValue>
            <name>contrato</name>
            <type>
                <name>string</name>
                <namespace>http://www.w3.org/2001/XMLSchema</namespace>
            </type>
            <value/>
        </namedTypedValue>
        <namedTypedValue>
            <name>adf</name>
            <type>
                <name>string</name>
                <namespace>http://www.w3.org/2001/XMLSchema</namespace>
            </type>
            <value/>
        </namedTypedValue>
        <namedTypedValue>
            <name>pagingInfo</name>
            <type>
                <name>PagingInfo</name>
                <namespace>http://www.appian.com/ae/types/2009</namespace>
            </type>
        </namedTypedValue>
        <namedTypedValue>
            <name>iddoctosFisicos</name>
            <type>
                <name>int</name>
                <namespace>http://www.w3.org/2001/XMLSchema</namespace>
            </type>
        </namedTypedValue>
        <namedTypedValue>
            <name>idsDocumentos</name>
            <type>
                <name>Integer?list</name>
                <namespace>http://www.appian.com/ae/types/2009</namespace>
            </type>
        </namedTypedValue>
        <preferredEditor>legacy</preferredEditor>
        <offlineEnabled>false</offlineEnabled>
    </rule>
    <roleMap public="true">
        <role inherit="true" allowForAll="false" name="readers">
            <users/>
            <groups/>
        </role>
        <role inherit="true" allowForAll="false" name="authors">
            <users/>
            <groups/>
        </role>
        <role inherit="true" allowForAll="false" name="administrators">
            <users/>
            <groups/>
        </role>
        <role inherit="false" allowForAll="false" name="denyReaders">
            <users/>
            <groups/>
        </role>
        <role inherit="false" allowForAll="false" name="denyAuthors">
            <users/>
            <groups/>
        </role>
        <role inherit="false" allowForAll="false" name="denyAdministrators">
            <users/>
            <groups/>
        </role>
    </roleMap>
    <history>
        <historyInfo versionUuid="_a-0000e9f5-96e6-8000-e641-01ef9001ef90_6432558"/>
        <historyInfo versionUuid="_a-0000eaa5-8248-8000-e681-01ef9001ef90_8213277"/>
        <historyInfo versionUuid="_a-0000eb53-0a0e-8000-e689-01ef9001ef90_9386812"/>
        <historyInfo versionUuid="_a-0000eb53-0a0e-8000-e689-01ef9001ef90_9451308"/>
    </history>
</contentHaul>
