<?xml version="1.0" encoding="UTF-8" standalone="yes"?>
<contentHaul xmlns:a="http://www.appian.com/ae/types/2009">
    <versionUuid>_a-0000eb53-0a0e-8000-e689-01ef9001ef90_9386316</versionUuid>
    <rule>
        <name>SCDO_QUITAR_LETRAS</name>
        <uuid>_a-0000ea97-682f-8000-e67f-01ef9001ef90_8138894</uuid>
        <description></description>
        <parentUuid>_a-0000e867-3fd5-8000-e5e3-01ef9001ef90_1882376</parentUuid>
        <visibility>
            <advertise>false</advertise>
            <hierarchy>true</hierarchy>
            <indexable>true</indexable>
            <quota>false</quota>
            <searchable>true</searchable>
            <system>false</system>
            <unlogged>false</unlogged>
        </visibility>
        <definition>a!localVariables(
  local!arreglo:{"0","1","2","3","4","5","6","7","8","9","."},

  /*local!recorrer:if(*/
  /*a!isNotNullOrEmpty(ri!texto),*/
  /*a!forEach(*/
  /*items:enumerate(len(ri!texto)),*/
  /*expression: */
  /*if(contains(local!arreglo,charat(ri!texto,fv!index)),null,*/
  /*remove(ri!texto,fv!index)*/
  /*)*/
  /*),*/
  /*null*/
  /**/
  /*),*/
  /*local!recorrer[len(ri!texto)]*/
  local!recorrer:
  #"SYSTEM_SYSRULES_forEach"(
    items:enumerate(len(ri!texto)),
    expression: 
    if(contains(local!arreglo,charat(ri!texto,fv!index)),charat(ri!texto,fv!index),
    null
    )
  ),

  local!rechazar_null:joinarray(reject(fn!isnull,local!recorrer)),

  local!rechazar_null
)
</definition>
        <namedTypedValue>
            <name>texto</name>
            <type>
                <name>string</name>
                <namespace>http://www.w3.org/2001/XMLSchema</namespace>
            </type>
            <value/>
        </namedTypedValue>
        <preferredEditor>legacy</preferredEditor>
        <offlineEnabled>false</offlineEnabled>
    </rule>
    <roleMap public="true">
        <role inherit="true" allowForAll="false" name="readers">
            <users/>
            <groups/>
        </role>
        <role inherit="true" allowForAll="false" name="authors">
            <users/>
            <groups/>
        </role>
        <role inherit="true" allowForAll="false" name="administrators">
            <users/>
            <groups/>
        </role>
        <role inherit="false" allowForAll="false" name="denyReaders">
            <users/>
            <groups/>
        </role>
        <role inherit="false" allowForAll="false" name="denyAuthors">
            <users/>
            <groups/>
        </role>
        <role inherit="false" allowForAll="false" name="denyAdministrators">
            <users/>
            <groups/>
        </role>
    </roleMap>
    <history>
        <historyInfo versionUuid="_a-0000ea97-682f-8000-e67f-01ef9001ef90_8138942"/>
        <historyInfo versionUuid="_a-0000eb53-0a0e-8000-e689-01ef9001ef90_9386316"/>
    </history>
</contentHaul>
