<?xml version="1.0" encoding="UTF-8" standalone="yes"?>
<contentHaul xmlns:a="http://www.appian.com/ae/types/2009">
    <versionUuid>_a-0000eb9b-4ec6-8000-e68b-01ef9001ef90_9635309</versionUuid>
    <document>
        <name>SCDO_Plantilla_Reporte_Operaciones_NEW</name>
        <uuid>_a-0000ea7b-6ff1-8000-e67d-01ef9001ef90_7832801</uuid>
        <description>Plantilla que contiene la estructrura del excel de la funcionalidad Reporte de Operaciones</description>
        <parentUuid>_a-0000e8c4-62ba-8000-e603-01ef9001ef90_2659396</parentUuid>
        <visibility>
            <advertise>false</advertise>
            <hierarchy>true</hierarchy>
            <indexable>true</indexable>
            <quota>false</quota>
            <searchable>true</searchable>
            <system>false</system>
            <unlogged>false</unlogged>
        </visibility>
    </document>
    <file>file.xlsx</file>
    <roleMap public="true">
        <role inherit="true" allowForAll="false" name="readers">
            <users/>
            <groups/>
        </role>
        <role inherit="true" allowForAll="false" name="authors">
            <users/>
            <groups/>
        </role>
        <role inherit="true" allowForAll="false" name="administrators">
            <users/>
            <groups/>
        </role>
        <role inherit="false" allowForAll="false" name="denyReaders">
            <users/>
            <groups/>
        </role>
        <role inherit="false" allowForAll="false" name="denyAuthors">
            <users/>
            <groups/>
        </role>
        <role inherit="false" allowForAll="false" name="denyAdministrators">
            <users/>
            <groups/>
        </role>
    </roleMap>
    <history>
        <historyInfo versionUuid="_a-0000ea97-682f-8000-e67f-01ef9001ef90_8117695"/>
        <historyInfo versionUuid="_a-0000eabf-35e2-8000-e683-01ef9001ef90_8416517"/>
        <historyInfo versionUuid="_a-0000eb09-d442-8000-e687-01ef9001ef90_8906460"/>
        <historyInfo versionUuid="_a-0000eb53-0a0e-8000-e689-01ef9001ef90_9156930"/>
        <historyInfo versionUuid="_a-0000eb53-0a0e-8000-e689-01ef9001ef90_9157173"/>
        <historyInfo versionUuid="_a-0000eb53-0a0e-8000-e689-01ef9001ef90_9181124"/>
        <historyInfo versionUuid="_a-0000eb53-0a0e-8000-e689-01ef9001ef90_9393103"/>
        <historyInfo versionUuid="_a-0000eb9b-4ec6-8000-e68b-01ef9001ef90_9635309"/>
    </history>
</contentHaul>
