<?xml version="1.0" encoding="UTF-8" standalone="yes"?>
<contentHaul xmlns:a="http://www.appian.com/ae/types/2009">
    <versionUuid>_a-0000eb53-0a0e-8000-e689-01ef9001ef90_9385726</versionUuid>
    <rule>
        <name>SCDO_ComprobarDocumentacion</name>
        <uuid>_a-0000e982-d80b-8000-e63b-01ef9001ef90_4605818</uuid>
        <description>Regla para comprobar los documentos asociados a un contrato</description>
        <parentUuid>_a-0000e982-d80b-8000-e63b-01ef9001ef90_4815880</parentUuid>
        <visibility>
            <advertise>false</advertise>
            <hierarchy>true</hierarchy>
            <indexable>true</indexable>
            <quota>false</quota>
            <searchable>true</searchable>
            <system>false</system>
            <unlogged>false</unlogged>
        </visibility>
        <definition>a!localVariables(
  local!datos:wherecontains(tointeger(ri!documentacion.iddocumento),tointeger(ri!doctos_segmento.iddocumento)),
  local!segementos:wherecontains(tointeger(ri!segmentos),tointeger(ri!doctos_segmento.idsegmento)),
  local!valores:
  if(length(local!datos)&lt;length(local!segementos),a!flatten(#"SYSTEM_SYSRULES_forEach"(
    local!datos,
    if(contains(local!segementos,fv!item),wherecontains(fv!item,local!segementos),{})
  )),
  a!flatten(#"SYSTEM_SYSRULES_forEach"(
    local!segementos,
    if(contains(local!datos,fv!item),wherecontains(fv!item,local!datos),{})
  ))
  ),
  
  if(length(local!datos)&lt;length(local!segementos),
  #"SYSTEM_SYSRULES_forEach"(
    local!valores,
    #"_a-0000e968-30a1-8000-e639-01ef9001ef90_4493570"(iddocumento: index(ri!doctos_segmento[local!segementos[fv!item]], "iddocumento", null),tipo: ri!Con_Ope,documento: null) 
  ),
  #"SYSTEM_SYSRULES_forEach"(
    local!valores,
    #"_a-0000e968-30a1-8000-e639-01ef9001ef90_4493570"(iddocumento: index(ri!doctos_segmento[local!datos[fv!item]], "iddocumento", null),tipo: ri!Con_Ope,documento: null) 
  )
  
  )
)
/*a!localVariables(
  a!forEach(
    ri!documentacion,
    if(contains(ri!doctos_segmento.iddocumento,fv!item.iddocumento),
    rule!SCDO_getcdo_catalogo_documentos(fv!item.iddocumento,"CONTRATO"),{}
    ) 
  )
)*/</definition>
        <namedTypedValue>
            <name>doctos_segmento</name>
            <type>
                <name>Variant</name>
                <namespace>http://www.appian.com/ae/types/2009</namespace>
            </type>
        </namedTypedValue>
        <namedTypedValue>
            <name>documentacion</name>
            <type>
                <name>Variant</name>
                <namespace>http://www.appian.com/ae/types/2009</namespace>
            </type>
        </namedTypedValue>
        <namedTypedValue>
            <name>segmentos</name>
            <type>
                <name>Variant</name>
                <namespace>http://www.appian.com/ae/types/2009</namespace>
            </type>
        </namedTypedValue>
        <namedTypedValue>
            <name>Con_Ope</name>
            <type>
                <name>string</name>
                <namespace>http://www.w3.org/2001/XMLSchema</namespace>
            </type>
            <value/>
        </namedTypedValue>
        <preferredEditor>legacy</preferredEditor>
        <offlineEnabled>false</offlineEnabled>
    </rule>
    <roleMap public="true">
        <role inherit="true" allowForAll="false" name="readers">
            <users/>
            <groups/>
        </role>
        <role inherit="true" allowForAll="false" name="authors">
            <users/>
            <groups/>
        </role>
        <role inherit="true" allowForAll="false" name="administrators">
            <users/>
            <groups/>
        </role>
        <role inherit="false" allowForAll="false" name="denyReaders">
            <users/>
            <groups/>
        </role>
        <role inherit="false" allowForAll="false" name="denyAuthors">
            <users/>
            <groups/>
        </role>
        <role inherit="false" allowForAll="false" name="denyAdministrators">
            <users/>
            <groups/>
        </role>
    </roleMap>
    <history>
        <historyInfo versionUuid="_a-0000e9f5-96e6-8000-e641-01ef9001ef90_6336088"/>
        <historyInfo versionUuid="_a-0000eb53-0a0e-8000-e689-01ef9001ef90_9385726"/>
    </history>
</contentHaul>
