<?xml version="1.0" encoding="UTF-8" standalone="yes"?>
<contentHaul xmlns:a="http://www.appian.com/ae/types/2009">
    <versionUuid>_a-0000eb53-0a0e-8000-e689-01ef9001ef90_9451289</versionUuid>
    <rule>
        <name>SCDO_obtenerAdministradorPorUsuarioN</name>
        <uuid>_a-0000eae4-5659-8000-e685-01ef9001ef90_8619011</uuid>
        <description>Regla de expresión que devuelve un administrador dado un usuario logueado</description>
        <parentUuid>_a-0000e9a3-ab27-8000-e63d-01ef9001ef90_4831457</parentUuid>
        <visibility>
            <advertise>false</advertise>
            <hierarchy>true</hierarchy>
            <indexable>true</indexable>
            <quota>false</quota>
            <searchable>true</searchable>
            <system>false</system>
            <unlogged>false</unlogged>
        </visibility>
        <definition>a!localVariables(
  local!data: if(
    a!isNullOrEmpty(ri!usuario),
    null(),
    #"SYSTEM_SYSRULES_queryEntity_v2"(
      entity: #"_a-0000e8b3-d748-8000-e5f3-01ef9001ef90_2402150",
      query: #"SYSTEM_SYSRULES_query"(
        logicalExpression: #"SYSTEM_SYSRULES_queryLogicalExpression"(
          operator: "AND",
          filters: {
            #"SYSTEM_SYSRULES_queryFilter"(
              field: "usuarion",
              operator: "=",
              value: (user(ri!usuario, "username"))
            )
          },
          ignoreFiltersWithEmptyValues: true
        ),
        pagingInfo: #"SYSTEM_SYSRULES_pagingInfo"(
          startIndex: 1,
          batchSize: 1
        )
      ),
      fetchTotalCount: false
    ).data,
  ),
  local!data
)</definition>
        <namedTypedValue>
            <name>usuario</name>
            <type>
                <name>User</name>
                <namespace>http://www.appian.com/ae/types/2009</namespace>
            </type>
        </namedTypedValue>
        <preferredEditor>legacy</preferredEditor>
        <offlineEnabled>false</offlineEnabled>
    </rule>
    <roleMap public="true">
        <role inherit="true" allowForAll="false" name="readers">
            <users/>
            <groups/>
        </role>
        <role inherit="true" allowForAll="false" name="authors">
            <users/>
            <groups/>
        </role>
        <role inherit="true" allowForAll="false" name="administrators">
            <users/>
            <groups/>
        </role>
        <role inherit="false" allowForAll="false" name="denyReaders">
            <users/>
            <groups/>
        </role>
        <role inherit="false" allowForAll="false" name="denyAuthors">
            <users/>
            <groups/>
        </role>
        <role inherit="false" allowForAll="false" name="denyAdministrators">
            <users/>
            <groups/>
        </role>
    </roleMap>
    <history>
        <historyInfo versionUuid="_a-0000eae4-5659-8000-e685-01ef9001ef90_8619023"/>
        <historyInfo versionUuid="_a-0000eb53-0a0e-8000-e689-01ef9001ef90_9386828"/>
        <historyInfo versionUuid="_a-0000eb53-0a0e-8000-e689-01ef9001ef90_9451289"/>
    </history>
</contentHaul>
