<?xml version="1.0" encoding="UTF-8" standalone="yes"?>
<contentHaul xmlns:a="http://www.appian.com/ae/types/2009">
    <versionUuid>_a-0000eb53-0a0e-8000-e689-01ef9001ef90_9385627</versionUuid>
    <rule>
        <name>SCDO_getDocumentosByFilter</name>
        <uuid>_a-0000e8b2-d897-8000-e5f1-01ef9001ef90_2372887</uuid>
        <description>Esta regla devuelve la información por filtros de la tabla cdo_documentacion</description>
        <parentUuid>_a-0000e982-d80b-8000-e63b-01ef9001ef90_4815880</parentUuid>
        <visibility>
            <advertise>false</advertise>
            <hierarchy>true</hierarchy>
            <indexable>true</indexable>
            <quota>false</quota>
            <searchable>true</searchable>
            <system>false</system>
            <unlogged>false</unlogged>
        </visibility>
        <definition>#"_a-0000e8b9-0989-8000-e5fd-01ef9001ef90_2420859"(
  dataStoreEntity_dt: #"_a-0000e90c-fc1c-8000-e607-01ef9001ef90_3028276",
  selectionColumn_txt: ri!seleccionColumnas,
  queryFilter_any: {
    #"SYSTEM_SYSRULES_queryFilter"(
      field: "iddocumentacion",
      operator: "=",
      value: ri!iddocumentacion,
      applyWhen: isnull(ri!iddocumentacion) &lt;&gt; true
    ),
    #"SYSTEM_SYSRULES_queryFilter"(
      field: "contrato",
      operator: "=",
      value: ri!contrato,
      applyWhen: isnull(ri!contrato) &lt;&gt; true
    ),
    #"SYSTEM_SYSRULES_queryFilter"(
      field: "nomdocumento",
      operator: "=",
      value: ri!nomdocumento,
      applyWhen: isnull(ri!nomdocumento) &lt;&gt; true
    ),
    #"SYSTEM_SYSRULES_queryFilter"(
      field: "iddocumento",
      operator: "=",
      value: ri!iddocumento,
      applyWhen: isnull(ri!iddocumento) &lt;&gt; true
    ),
    #"SYSTEM_SYSRULES_queryFilter"(
      field: "iddocumento",
      operator: "in",
      value: ri!idsDocumentos,
      applywhen: a!isNotNullOrEmpty(ri!idsDocumentos)
    ),
    #"SYSTEM_SYSRULES_queryFilter"(
      field: "tipo",
      operator: "=",
      value: ri!tipo,
      applyWhen: isnull(ri!tipo) &lt;&gt; true
    ),
    #"SYSTEM_SYSRULES_queryFilter"(
      field: "fechacarga",
      operator: "=",
      value: ri!fechacarga,
      applyWhen: isnull(ri!fechacarga) &lt;&gt; true
    ),
    #"SYSTEM_SYSRULES_queryFilter"(
      field: "usuariocargo",
      operator: "=",
      value: ri!usuariocargo,
      applyWhen: isnull(ri!usuariocargo) &lt;&gt; true
    ),
    #"SYSTEM_SYSRULES_queryFilter"(
      field: "cc",
      operator: "=",
      value: ri!cc,
      applyWhen: isnull(ri!cc) &lt;&gt; true
    ),
    #"SYSTEM_SYSRULES_queryFilter"(
      field: "estado",
      operator: "=",
      value: ri!estado,
      applyWhen: isnull(ri!estado) &lt;&gt; true
    ),
    #"SYSTEM_SYSRULES_queryFilter"(
      field: "usuarioacepto",
      operator: "=",
      value: ri!usuarioacepto,
      applyWhen: isnull(ri!usuarioacepto) &lt;&gt; true
    ),
    #"SYSTEM_SYSRULES_queryFilter"(
      field: "fechaacepto",
      operator: "=",
      value: ri!fechaacepto,
      applyWhen: isnull(ri!fechaacepto) &lt;&gt; true
    ),
    #"SYSTEM_SYSRULES_queryFilter"(
      field: "observacion",
      operator: "=",
      value: ri!observacion,
      applyWhen: isnull(ri!observacion) &lt;&gt; true
    ),
    #"SYSTEM_SYSRULES_queryFilter"(
      field: "br",
      operator: "=",
      value: ri!br,
      applyWhen: isnull(ri!br) &lt;&gt; true
    ),
    #"SYSTEM_SYSRULES_queryFilter"(
      field: "opendate",
      operator: "=",
      value: ri!opendate,
      applyWhen: isnull(ri!opendate) &lt;&gt; true
    ),
    #"SYSTEM_SYSRULES_queryFilter"(
      field: "cost",
      operator: "=",
      value: ri!cost,
      applyWhen: isnull(ri!cost) &lt;&gt; true
    ),
    #"SYSTEM_SYSRULES_queryFilter"(
      field: "trad",
      operator: "=",
      value: ri!trad,
      applyWhen: isnull(ri!trad) &lt;&gt; true
    ),
    #"SYSTEM_SYSRULES_queryFilter"(
      field: "castdsc",
      operator: "=",
      value: ri!castdsc,
      applyWhen: isnull(ri!castdsc) &lt;&gt; true
    ),
    #"SYSTEM_SYSRULES_queryFilter"(
      field: "profile",
      operator: "=",
      value: ri!profile,
      applyWhen: isnull(ri!profile) &lt;&gt; true
    ),
    #"SYSTEM_SYSRULES_queryFilter"(
      field: "max",
      operator: "=",
      value: ri!max,
      applyWhen: isnull(ri!max) &lt;&gt; true
    ),
    #"SYSTEM_SYSRULES_queryFilter"(
      field: "canal",
      operator: "=",
      value: ri!canal,
      applyWhen: isnull(ri!canal) &lt;&gt; true
    ),
    #"SYSTEM_SYSRULES_queryFilter"(
      field: "cliente",
      operator: "=",
      value: ri!cliente,
      applyWhen: isnull(ri!cliente) &lt;&gt; true
    ),
    #"SYSTEM_SYSRULES_queryFilter"(
      field: "br2",
      operator: "=",
      value: ri!br2,
      applyWhen: isnull(ri!br2) &lt;&gt; true
    ),
    #"SYSTEM_SYSRULES_queryFilter"(
      field: "buc",
      operator: "=",
      value: ri!buc,
      applyWhen: isnull(ri!buc) &lt;&gt; true
    ),
    #"SYSTEM_SYSRULES_queryFilter"(
      field: "pb",
      operator: "=",
      value: ri!pb,
      applyWhen: isnull(ri!pb) &lt;&gt; true
    ),
    #"SYSTEM_SYSRULES_queryFilter"(
      field: "folio",
      operator: "=",
      value: ri!folio,
      applyWhen: isnull(ri!folio) &lt;&gt; true
    ),
    #"SYSTEM_SYSRULES_queryFilter"(
      field: "conveniencia",
      operator: "=",
      value: ri!conveniencia,
      applyWhen: isnull(ri!conveniencia) &lt;&gt; true
    ),
    #"SYSTEM_SYSRULES_queryFilter"(
      field: "sucursal",
      operator: "=",
      value: ri!sucursal,
      applyWhen: isnull(ri!sucursal) &lt;&gt; true
    ),
    #"SYSTEM_SYSRULES_queryFilter"(
      field: "trader",
      operator: "=",
      value: ri!trader,
      applyWhen: isnull(ri!trader) &lt;&gt; true
    ),
    #"SYSTEM_SYSRULES_queryFilter"(
      field: "amib",
      operator: "=",
      value: ri!amib,
      applyWhen: isnull(ri!amib) &lt;&gt; true
    )
  },
  pagingInfo_pi: if(
    not(isnull(ri!paginInfo)),
    ri!paginInfo,
    #"SYSTEM_SYSRULES_pagingInfo"(
      startIndex: 1,
      batchSize: 50,
      sort: #"SYSTEM_SYSRULES_sortInfo"(field: "contrato", ascending: true())
    )
  ),
  ignoreFiltersWithEmptyValues_bool: true,
  fetchTotalCount_bool: true()
)</definition>
        <namedTypedValue>
            <name>paginInfo</name>
            <type>
                <name>PagingInfo</name>
                <namespace>http://www.appian.com/ae/types/2009</namespace>
            </type>
        </namedTypedValue>
        <namedTypedValue>
            <name>seleccionColumnas</name>
            <type>
                <name>Text?list</name>
                <namespace>http://www.appian.com/ae/types/2009</namespace>
            </type>
        </namedTypedValue>
        <namedTypedValue>
            <name>iddocumentacion</name>
            <type>
                <name>int</name>
                <namespace>http://www.w3.org/2001/XMLSchema</namespace>
            </type>
        </namedTypedValue>
        <namedTypedValue>
            <name>contrato</name>
            <type>
                <name>string</name>
                <namespace>http://www.w3.org/2001/XMLSchema</namespace>
            </type>
            <value/>
        </namedTypedValue>
        <namedTypedValue>
            <name>nomdocumento</name>
            <type>
                <name>string</name>
                <namespace>http://www.w3.org/2001/XMLSchema</namespace>
            </type>
            <value/>
        </namedTypedValue>
        <namedTypedValue>
            <name>iddocumento</name>
            <type>
                <name>int</name>
                <namespace>http://www.w3.org/2001/XMLSchema</namespace>
            </type>
        </namedTypedValue>
        <namedTypedValue>
            <name>tipo</name>
            <type>
                <name>string</name>
                <namespace>http://www.w3.org/2001/XMLSchema</namespace>
            </type>
            <value/>
        </namedTypedValue>
        <namedTypedValue>
            <name>fechacarga</name>
            <type>
                <name>string</name>
                <namespace>http://www.w3.org/2001/XMLSchema</namespace>
            </type>
            <value/>
        </namedTypedValue>
        <namedTypedValue>
            <name>usuariocargo</name>
            <type>
                <name>string</name>
                <namespace>http://www.w3.org/2001/XMLSchema</namespace>
            </type>
            <value/>
        </namedTypedValue>
        <namedTypedValue>
            <name>cc</name>
            <type>
                <name>string</name>
                <namespace>http://www.w3.org/2001/XMLSchema</namespace>
            </type>
            <value/>
        </namedTypedValue>
        <namedTypedValue>
            <name>estado</name>
            <type>
                <name>string</name>
                <namespace>http://www.w3.org/2001/XMLSchema</namespace>
            </type>
            <value/>
        </namedTypedValue>
        <namedTypedValue>
            <name>usuarioacepto</name>
            <type>
                <name>string</name>
                <namespace>http://www.w3.org/2001/XMLSchema</namespace>
            </type>
            <value/>
        </namedTypedValue>
        <namedTypedValue>
            <name>fechaacepto</name>
            <type>
                <name>string</name>
                <namespace>http://www.w3.org/2001/XMLSchema</namespace>
            </type>
            <value/>
        </namedTypedValue>
        <namedTypedValue>
            <name>observacion</name>
            <type>
                <name>string</name>
                <namespace>http://www.w3.org/2001/XMLSchema</namespace>
            </type>
            <value/>
        </namedTypedValue>
        <namedTypedValue>
            <name>br</name>
            <type>
                <name>string</name>
                <namespace>http://www.w3.org/2001/XMLSchema</namespace>
            </type>
            <value/>
        </namedTypedValue>
        <namedTypedValue>
            <name>opendate</name>
            <type>
                <name>string</name>
                <namespace>http://www.w3.org/2001/XMLSchema</namespace>
            </type>
            <value/>
        </namedTypedValue>
        <namedTypedValue>
            <name>cost</name>
            <type>
                <name>string</name>
                <namespace>http://www.w3.org/2001/XMLSchema</namespace>
            </type>
            <value/>
        </namedTypedValue>
        <namedTypedValue>
            <name>trad</name>
            <type>
                <name>string</name>
                <namespace>http://www.w3.org/2001/XMLSchema</namespace>
            </type>
            <value/>
        </namedTypedValue>
        <namedTypedValue>
            <name>castdsc</name>
            <type>
                <name>string</name>
                <namespace>http://www.w3.org/2001/XMLSchema</namespace>
            </type>
            <value/>
        </namedTypedValue>
        <namedTypedValue>
            <name>profile</name>
            <type>
                <name>string</name>
                <namespace>http://www.w3.org/2001/XMLSchema</namespace>
            </type>
            <value/>
        </namedTypedValue>
        <namedTypedValue>
            <name>max</name>
            <type>
                <name>string</name>
                <namespace>http://www.w3.org/2001/XMLSchema</namespace>
            </type>
            <value/>
        </namedTypedValue>
        <namedTypedValue>
            <name>canal</name>
            <type>
                <name>string</name>
                <namespace>http://www.w3.org/2001/XMLSchema</namespace>
            </type>
            <value/>
        </namedTypedValue>
        <namedTypedValue>
            <name>cliente</name>
            <type>
                <name>string</name>
                <namespace>http://www.w3.org/2001/XMLSchema</namespace>
            </type>
            <value/>
        </namedTypedValue>
        <namedTypedValue>
            <name>br2</name>
            <type>
                <name>string</name>
                <namespace>http://www.w3.org/2001/XMLSchema</namespace>
            </type>
            <value/>
        </namedTypedValue>
        <namedTypedValue>
            <name>buc</name>
            <type>
                <name>string</name>
                <namespace>http://www.w3.org/2001/XMLSchema</namespace>
            </type>
            <value/>
        </namedTypedValue>
        <namedTypedValue>
            <name>pb</name>
            <type>
                <name>string</name>
                <namespace>http://www.w3.org/2001/XMLSchema</namespace>
            </type>
            <value/>
        </namedTypedValue>
        <namedTypedValue>
            <name>folio</name>
            <type>
                <name>string</name>
                <namespace>http://www.w3.org/2001/XMLSchema</namespace>
            </type>
            <value/>
        </namedTypedValue>
        <namedTypedValue>
            <name>conveniencia</name>
            <type>
                <name>string</name>
                <namespace>http://www.w3.org/2001/XMLSchema</namespace>
            </type>
            <value/>
        </namedTypedValue>
        <namedTypedValue>
            <name>sucursal</name>
            <type>
                <name>string</name>
                <namespace>http://www.w3.org/2001/XMLSchema</namespace>
            </type>
            <value/>
        </namedTypedValue>
        <namedTypedValue>
            <name>trader</name>
            <type>
                <name>string</name>
                <namespace>http://www.w3.org/2001/XMLSchema</namespace>
            </type>
            <value/>
        </namedTypedValue>
        <namedTypedValue>
            <name>amib</name>
            <type>
                <name>string</name>
                <namespace>http://www.w3.org/2001/XMLSchema</namespace>
            </type>
            <value/>
        </namedTypedValue>
        <namedTypedValue>
            <name>idsDocumentos</name>
            <type>
                <name>Integer?list</name>
                <namespace>http://www.appian.com/ae/types/2009</namespace>
            </type>
        </namedTypedValue>
        <preferredEditor>legacy</preferredEditor>
        <offlineEnabled>false</offlineEnabled>
    </rule>
    <roleMap public="true">
        <role inherit="true" allowForAll="false" name="readers">
            <users/>
            <groups/>
        </role>
        <role inherit="true" allowForAll="false" name="authors">
            <users/>
            <groups/>
        </role>
        <role inherit="true" allowForAll="false" name="administrators">
            <users/>
            <groups/>
        </role>
        <role inherit="false" allowForAll="false" name="denyReaders">
            <users/>
            <groups/>
        </role>
        <role inherit="false" allowForAll="false" name="denyAuthors">
            <users/>
            <groups/>
        </role>
        <role inherit="false" allowForAll="false" name="denyAdministrators">
            <users/>
            <groups/>
        </role>
    </roleMap>
    <history>
        <historyInfo versionUuid="_a-0000e94c-78eb-8000-e637-01ef9001ef90_3788114"/>
        <historyInfo versionUuid="_a-0000e9f5-96e6-8000-e641-01ef9001ef90_6438034"/>
        <historyInfo versionUuid="_a-0000eb53-0a0e-8000-e689-01ef9001ef90_9385627"/>
    </history>
</contentHaul>
