<?xml version="1.0" encoding="UTF-8" standalone="yes"?>
<applicationHaul xmlns:a="http://www.appian.com/ae/types/2009">
    <versionUuid>_a-0000ebe7-98ae-8000-e699-01ef9001ef90_9855716</versionUuid>
    <application>
        <name>Santander - CDO</name>
        <uuid>_a-0000e801-560f-8000-e5d9-01ef9001ef90_1706977</uuid>
        <description>Aplicación Control Documental Opics </description>
        <parentUuid>SYSTEM_APPLICATIONS_ROOT</parentUuid>
        <visibility>
            <advertise>false</advertise>
            <hierarchy>true</hierarchy>
            <indexable>true</indexable>
            <quota>false</quota>
            <searchable>true</searchable>
            <system>false</system>
            <unlogged>false</unlogged>
        </visibility>
        <urlIdentifier>TVo5zg</urlIdentifier>
        <published>false</published>
        <public>false</public>
        <associatedObjects>
            <globalIdMap>
                <item>
                    <type>datatype</type>
                    <uuids>
                        <uuid>{urn:com:appian:types}cdo_administradores</uuid>
                        <uuid>{urn:com:appian:types}cdo_auditoria_por_revisar</uuid>
                        <uuid>{urn:com:appian:types}cdo_auditoria_revisados</uuid>
                        <uuid>{urn:com:appian:types}cdo_avisos</uuid>
                        <uuid>{urn:com:appian:types}cdo_bitacoracargas</uuid>
                        <uuid>{urn:com:appian:types}cdo_bitacorarei</uuid>
                        <uuid>{urn:com:appian:types}cdo_bitacorareversos</uuid>
                        <uuid>{urn:com:appian:types}cdo_catalogo_documentos</uuid>
                        <uuid>{urn:com:appian:types}cdo_centroscostos</uuid>
                        <uuid>{urn:com:appian:types}cdo_digitalizados</uuid>
                        <uuid>{urn:com:appian:types}cdo_digitalizados_auditoria</uuid>
                        <uuid>{urn:com:appian:types}cdo_doctos_fisicos</uuid>
                        <uuid>{urn:com:appian:types}cdo_doctos_segmento</uuid>
                        <uuid>{urn:com:appian:types}cdo_documentacion_auditoria</uuid>
                        <uuid>{urn:com:appian:types}cdo_documentacion_rechazada</uuid>
                        <uuid>{urn:com:appian:types}cdo_errorlogs</uuid>
                        <uuid>{urn:com:appian:types}cdo_expedientes</uuid>
                        <uuid>{urn:com:appian:types}cdo_imagenes_pendientes</uuid>
                        <uuid>{urn:com:appian:types}cdo_motivosrei</uuid>
                        <uuid>{urn:com:appian:types}cdo_perfiles_temp</uuid>
                        <uuid>{urn:com:appian:types}cdo_permisosusuarios</uuid>
                        <uuid>{urn:com:appian:types}cdo_regiones</uuid>
                        <uuid>{urn:com:appian:types}cdo_rei</uuid>
                        <uuid>{urn:com:appian:types}cdo_reportes</uuid>
                        <uuid>{urn:com:appian:types}cdo_reportes_aprobados</uuid>
                        <uuid>{urn:com:appian:types}cdo_reportes_auditoria</uuid>
                        <uuid>{urn:com:appian:types}cdo_reportes_eliminados</uuid>
                        <uuid>{urn:com:appian:types}cdo_segmentos</uuid>
                        <uuid>{urn:com:appian:types}cdo_segmentosusuario</uuid>
                        <uuid>{urn:com:appian:types}cdo_tablariesgos</uuid>
                        <uuid>{urn:com:appian:types}cdo_usuariosopics</uuid>
                        <uuid>{urn:com:appian:types}cdo_zonas</uuid>
                        <uuid>{urn:com:appian:types}cdo_digitalizados_rechazados</uuid>
                        <uuid>{urn:com:appian:types}cdo_digitalizados_rechazados_auditoria</uuid>
                        <uuid>{urn:com:appian:types}cdo_prueba</uuid>
                        <uuid>{cdo_pendienterevisar}V_CDO_PendienteRevisar</uuid>
                        <uuid>{urn:com:appian:types}V_CDO_NoDocumental</uuid>
                        <uuid>{urn:com:appian:types}cdo_reportesaprobados</uuid>
                        <uuid>{urn:com:appian:types}cdo_estructura_reportes_aprobados</uuid>
                        <uuid>{urn:com:appian:types}scdo_documentacion</uuid>
                        <uuid>{urn:com:appian:types}V_CDO_Accesos</uuid>
                        <uuid>{urn:com:appian:types}V_CDO_Supervisores</uuid>
                        <uuid>{urn:com:appian:types}V_CDO_Ejecutivo</uuid>
                        <uuid>{urn:com:appian:types}V_CDO_Docontrato</uuid>
                        <uuid>{urn:com:appian:types}V_CDO_Aprobacion</uuid>
                        <uuid>{urn:com:appian:types}V_CDO_ContratosPendientes</uuid>
                        <uuid>{urn:com:appian:types}cdo_modificaciones_r</uuid>
                        <uuid>{urn:com:appian:types}V_CDO_MX_CC_NOREGS</uuid>
                        <uuid>{urn:com:appian:types}cdo_reportes_aprobados_v2</uuid>
                        <uuid>{urn:com:appian:types}V_CDO_Revisados</uuid>
                        <uuid>{urn:com:appian:types}V_CDO_UsuarioO</uuid>
                        <uuid>{urn:com:appian:types}V_CDO_Centroscosto</uuid>
                        <uuid>{urn:com:appian:types}V_CDO_Usuarios_Seg</uuid>
                        <uuid>{urn:com:appian:types}V_CDO_Revisados_</uuid>
                        <uuid>{urn:com:appian:types}V_CDO_ContratosPend</uuid>
                        <uuid>{urn:com:appian:types}V_CDO_ContratosPendientes_Vista</uuid>
                        <uuid>{urn:com:appian:types}V_CDO_OPERACIONES_REPORTES_APROBADOS</uuid>
                        <uuid>{urn:com:appian:types}V_CDO_OPERACIONES_REPORTES</uuid>
                        <uuid>{urn:com:appian:types}V_CDO_OPERACIONES_REPORTES_APROBADOS_1</uuid>
                        <uuid>{urn:com:appian:types}V_CDO_OPERACIONES_REPORTES_ELIMINADOS</uuid>
                        <uuid>{urn:com:appian:types}V_CDO_OPERACIONES_REPORTES_1</uuid>
                        <uuid>{urn:com:appian:types}V_CDO_OPERACIONES_REPORTES_APROBADOS_2</uuid>
                        <uuid>{urn:com:appian:types}V_CDO_OPERACIONES_REPORTES_3</uuid>
                        <uuid>{urn:com:appian:types}V_CDO_OPERACIONES_REPORTES_APROBADOS_3</uuid>
                        <uuid>{urn:com:appian:types}V_CDO_OPERACIONES_REPORTES_ELIMINADOS_3</uuid>
                        <uuid>{urn:com:appian:types:SCDO}SCDO_Perfil</uuid>
                        <uuid>{urn:com:appian:types:SCDO}SCDO_Contacto</uuid>
                        <uuid>{urn:com:appian:types:SCDO}SCDO_Locacion</uuid>
                        <uuid>{urn:com:appian:types:SCDO}SCDO_Extras</uuid>
                        <uuid>{urn:com:appian:types:SCDO}SCDO_Grupos</uuid>
                        <uuid>{urn:com:appian:types:SCDO}SCDO_DatosUsuario</uuid>
                        <uuid>{urn:com:appian:types}V_CDO_REPORTES</uuid>
                        <uuid>{urn:com:appian:types}V_CDO_CONTRATOSPENDIENTES_ULTIMO</uuid>
                        <uuid>{urn:com:appian:types}V_CDO_DOCTOS_FISICOS</uuid>
                        <uuid>{urn:com:appian:types}V_CDO_REPORTES_SUPERVISOR</uuid>
                        <uuid>{urn:com:appian:types}V_CDO_PENDIENTEREVISAR</uuid>
                        <uuid>{urn:com:appian:types}V_CDO_NODOCUMENTAL</uuid>
                        <uuid>{urn:com:appian:types}V_CDO_REVISADOS</uuid>
                        <uuid>{urn:com:appian:types}V_CDO_DOCONTRATO</uuid>
                        <uuid>{urn:com:appian:types}V_CDO_DOCONTRATO_ULTIMO</uuid>
                        <uuid>{urn:com:appian:types}V_CDO_APROBACIONES_prueba_campos</uuid>
                        <uuid>{urn:com:appian:types}V_CDO_APROBACIONES</uuid>
                        <uuid>{V_CDO_ContratosP}V_CDO_ContratosPendientes</uuid>
                        <uuid>{urn:com:appian:types}cdo_documentacion</uuid>
                        <uuid>{urn:com:appian:types}V_CDO_REPORTES_SUPERVISOR_ULTIMO</uuid>
                        <uuid>{urn:com:appian:types}V_CDO_REPORTES_SUPERVISOR_ULTIMO_1</uuid>
                    </uuids>
                </item>
                <item>
                    <type>dataStore</type>
                    <uuids>
                        <uuid>_a-0000e867-3fd5-8000-e5e3-01ef9001ef90_1836197</uuid>
                    </uuids>
                </item>
                <item>
                    <type>user</type>
                    <uuids/>
                </item>
                <item>
                    <type>groupType</type>
                    <uuids/>
                </item>
                <item>
                    <type>group</type>
                    <uuids>
                        <uuid>_e-0000e801-560f-8000-e5d6-011e94011e94_5698</uuid>
                        <uuid>_e-0000e801-560f-8000-e5d6-011e94011e94_5700</uuid>
                        <uuid>_e-0000e867-3fd5-8000-e5e0-011e94011e94_5795</uuid>
                        <uuid>_e-0000e867-3fd5-8000-e5e0-011e94011e94_5799</uuid>
                        <uuid>_e-0000e982-d80b-8000-e638-011e94011e94_7299</uuid>
                        <uuid>_e-0000e982-d80b-8000-e638-011e94011e94_7301</uuid>
                        <uuid>_e-0000e982-d80b-8000-e638-011e94011e94_7303</uuid>
                        <uuid>_e-0000e982-d80b-8000-e638-011e94011e94_7305</uuid>
                        <uuid>_e-0000e982-d80b-8000-e638-011e94011e94_7307</uuid>
                        <uuid>_e-0000e982-d80b-8000-e638-011e94011e94_7309</uuid>
                        <uuid>_e-0000e982-d80b-8000-e638-011e94011e94_7311</uuid>
                        <uuid>_e-0000e982-d80b-8000-e638-011e94011e94_7313</uuid>
                        <uuid>_e-0000e982-d80b-8000-e638-011e94011e94_7315</uuid>
                        <uuid>_e-0000e982-d80b-8000-e638-011e94011e94_7317</uuid>
                        <uuid>_e-0000e982-d80b-8000-e638-011e94011e94_7319</uuid>
                        <uuid>_e-0000e982-d80b-8000-e638-011e94011e94_7321</uuid>
                        <uuid>_e-0000e982-d80b-8000-e638-011e94011e94_7323</uuid>
                        <uuid>_e-0000eabf-35e2-8000-e680-011e94011e94_8105</uuid>
                        <uuid>_e-0000eabf-35e2-8000-e680-011e94011e94_8194</uuid>
                    </uuids>
                </item>
                <item>
                    <type>content</type>
                    <uuids>
                        <uuid>_a-0000e801-560f-8000-e5d9-01ef9001ef90_1706999</uuid>
                        <uuid>_a-0000e801-560f-8000-e5d9-01ef9001ef90_1707006</uuid>
                        <uuid>_a-0000e801-560f-8000-e5d9-01ef9001ef90_1707049</uuid>
                        <uuid>_a-0000e801-560f-8000-e5d9-01ef9001ef90_1713686</uuid>
                        <uuid>_a-0000e801-560f-8000-e5d9-01ef9001ef90_1721128</uuid>
                        <uuid>_a-0000e801-560f-8000-e5d9-01ef9001ef90_1723457</uuid>
                        <uuid>_a-0000e867-3fd5-8000-e5e3-01ef9001ef90_1836153</uuid>
                        <uuid>_a-0000e867-3fd5-8000-e5e3-01ef9001ef90_1845825</uuid>
                        <uuid>_a-0000e867-3fd5-8000-e5e3-01ef9001ef90_1846376</uuid>
                        <uuid>_a-0000e867-3fd5-8000-e5e3-01ef9001ef90_1846713</uuid>
                        <uuid>_a-0000e867-3fd5-8000-e5e3-01ef9001ef90_1847102</uuid>
                        <uuid>_a-0000e867-3fd5-8000-e5e3-01ef9001ef90_1862289</uuid>
                        <uuid>_a-0000e867-3fd5-8000-e5e3-01ef9001ef90_1880373</uuid>
                        <uuid>_a-0000e867-3fd5-8000-e5e3-01ef9001ef90_1881160</uuid>
                        <uuid>_a-0000e867-3fd5-8000-e5e3-01ef9001ef90_1881575</uuid>
                        <uuid>_a-0000e867-3fd5-8000-e5e3-01ef9001ef90_1881741</uuid>
                        <uuid>_a-0000e867-3fd5-8000-e5e3-01ef9001ef90_1881746</uuid>
                        <uuid>_a-0000e867-3fd5-8000-e5e3-01ef9001ef90_1882157</uuid>
                        <uuid>_a-0000e867-3fd5-8000-e5e3-01ef9001ef90_1882376</uuid>
                        <uuid>_a-0000e867-3fd5-8000-e5e3-01ef9001ef90_1882382</uuid>
                        <uuid>_a-0000e867-3fd5-8000-e5e3-01ef9001ef90_1882447</uuid>
                        <uuid>_a-0000e867-3fd5-8000-e5e3-01ef9001ef90_1882453</uuid>
                        <uuid>_a-0000e867-3fd5-8000-e5e3-01ef9001ef90_1884076</uuid>
                        <uuid>_a-0000e867-3fd5-8000-e5e3-01ef9001ef90_1897036</uuid>
                        <uuid>_a-0000e867-3fd5-8000-e5e3-01ef9001ef90_1897130</uuid>
                        <uuid>_a-0000e867-3fd5-8000-e5e3-01ef9001ef90_1897395</uuid>
                        <uuid>_a-0000e867-3fd5-8000-e5e3-01ef9001ef90_1897407</uuid>
                        <uuid>_a-0000e867-3fd5-8000-e5e3-01ef9001ef90_1897428</uuid>
                        <uuid>_a-0000e867-3fd5-8000-e5e3-01ef9001ef90_1898923</uuid>
                        <uuid>_a-0000e867-3fd5-8000-e5e3-01ef9001ef90_1899264</uuid>
                        <uuid>_a-0000e867-3fd5-8000-e5e3-01ef9001ef90_1899451</uuid>
                        <uuid>_a-0000e867-3fd5-8000-e5e3-01ef9001ef90_1899499</uuid>
                        <uuid>_a-0000e867-3fd5-8000-e5e3-01ef9001ef90_1899517</uuid>
                        <uuid>_a-0000e867-3fd5-8000-e5e3-01ef9001ef90_1899585</uuid>
                        <uuid>_a-0000e867-3fd5-8000-e5e3-01ef9001ef90_1899600</uuid>
                        <uuid>_a-0000e867-3fd5-8000-e5e3-01ef9001ef90_1899606</uuid>
                        <uuid>_a-0000e867-3fd5-8000-e5e3-01ef9001ef90_1906472</uuid>
                        <uuid>_a-0000e867-3fd5-8000-e5e3-01ef9001ef90_1916719</uuid>
                        <uuid>_a-0000e867-3fd5-8000-e5e3-01ef9001ef90_1923065</uuid>
                        <uuid>_a-0000e867-3fd5-8000-e5e3-01ef9001ef90_1923072</uuid>
                        <uuid>_a-0000e878-569a-8000-e5e4-01ef9001ef90_1932877</uuid>
                        <uuid>_a-0000e878-569a-8000-e5e4-01ef9001ef90_1932909</uuid>
                        <uuid>_a-0000e878-569a-8000-e5e4-01ef9001ef90_1945903</uuid>
                        <uuid>_a-0000e878-569a-8000-e5e4-01ef9001ef90_1946556</uuid>
                        <uuid>_a-0000e878-569a-8000-e5e4-01ef9001ef90_1946756</uuid>
                        <uuid>_a-0000e878-569a-8000-e5e4-01ef9001ef90_1946858</uuid>
                        <uuid>_a-0000e878-569a-8000-e5e4-01ef9001ef90_1946976</uuid>
                        <uuid>_a-0000e878-569a-8000-e5e4-01ef9001ef90_1946988</uuid>
                        <uuid>_a-0000e878-569a-8000-e5e4-01ef9001ef90_1950028</uuid>
                        <uuid>_a-0000e878-569a-8000-e5e4-01ef9001ef90_1950064</uuid>
                        <uuid>_a-0000e878-569a-8000-e5e4-01ef9001ef90_1950139</uuid>
                        <uuid>_a-0000e878-569a-8000-e5e4-01ef9001ef90_1950209</uuid>
                        <uuid>_a-0000e878-569a-8000-e5e4-01ef9001ef90_1950215</uuid>
                        <uuid>_a-0000e878-569a-8000-e5e4-01ef9001ef90_1950234</uuid>
                        <uuid>_a-0000e878-569a-8000-e5e4-01ef9001ef90_2076428</uuid>
                        <uuid>_a-0000e878-569a-8000-e5e4-01ef9001ef90_2076687</uuid>
                        <uuid>_a-0000e878-569a-8000-e5e4-01ef9001ef90_2113400</uuid>
                        <uuid>_a-0000e878-569a-8000-e5e4-01ef9001ef90_2113419</uuid>
                        <uuid>_a-0000e878-569a-8000-e5e4-01ef9001ef90_2113426</uuid>
                        <uuid>_a-0000e878-569a-8000-e5e4-01ef9001ef90_2114096</uuid>
                        <uuid>_a-0000e878-569a-8000-e5e4-01ef9001ef90_2114113</uuid>
                        <uuid>_a-0000e878-569a-8000-e5e4-01ef9001ef90_2114138</uuid>
                        <uuid>_a-0000e878-569a-8000-e5e4-01ef9001ef90_2152641</uuid>
                        <uuid>_a-0000e878-569a-8000-e5e4-01ef9001ef90_2226531</uuid>
                        <uuid>_a-0000e878-569a-8000-e5e4-01ef9001ef90_2226543</uuid>
                        <uuid>_a-0000e878-569a-8000-e5e4-01ef9001ef90_2226554</uuid>
                        <uuid>_a-0000e878-569a-8000-e5e4-01ef9001ef90_2226561</uuid>
                        <uuid>_a-0000e878-569a-8000-e5e4-01ef9001ef90_2226568</uuid>
                        <uuid>_a-0000e878-569a-8000-e5e4-01ef9001ef90_2226575</uuid>
                        <uuid>_a-0000e878-569a-8000-e5e4-01ef9001ef90_2233338</uuid>
                        <uuid>_a-0000e878-569a-8000-e5e4-01ef9001ef90_2233345</uuid>
                        <uuid>_a-0000e878-569a-8000-e5e4-01ef9001ef90_2233353</uuid>
                        <uuid>_a-0000e878-569a-8000-e5e4-01ef9001ef90_2235426</uuid>
                        <uuid>_a-0000e878-569a-8000-e5e4-01ef9001ef90_2244665</uuid>
                        <uuid>_a-0000e878-569a-8000-e5e4-01ef9001ef90_2244852</uuid>
                        <uuid>_a-0000e878-569a-8000-e5e4-01ef9001ef90_2245690</uuid>
                        <uuid>_a-0000e878-569a-8000-e5e4-01ef9001ef90_2245902</uuid>
                        <uuid>_a-0000e878-569a-8000-e5e4-01ef9001ef90_2257344</uuid>
                        <uuid>_a-0000e878-569a-8000-e5e4-01ef9001ef90_2259988</uuid>
                        <uuid>_a-0000e878-569a-8000-e5e4-01ef9001ef90_2260007</uuid>
                        <uuid>_a-0000e878-569a-8000-e5e4-01ef9001ef90_2260035</uuid>
                        <uuid>_a-0000e8b1-e12b-8000-e5eb-01ef9001ef90_2370595</uuid>
                        <uuid>_a-0000e8b1-e12b-8000-e5eb-01ef9001ef90_2371687</uuid>
                        <uuid>_a-0000e8b1-e12b-8000-e5eb-01ef9001ef90_2371699</uuid>
                        <uuid>_a-0000e8b1-e12b-8000-e5eb-01ef9001ef90_2371728</uuid>
                        <uuid>_a-0000e8b1-e12b-8000-e5eb-01ef9001ef90_2371758</uuid>
                        <uuid>_a-0000e8b1-e12b-8000-e5eb-01ef9001ef90_2371764</uuid>
                        <uuid>_a-0000e8b1-e12b-8000-e5eb-01ef9001ef90_2371901</uuid>
                        <uuid>_a-0000e8b1-e12b-8000-e5eb-01ef9001ef90_2371925</uuid>
                        <uuid>_a-0000e8b1-e12b-8000-e5eb-01ef9001ef90_2371949</uuid>
                        <uuid>_a-0000e8b1-e12b-8000-e5eb-01ef9001ef90_2371955</uuid>
                        <uuid>_a-0000e8b2-d897-8000-e5f1-01ef9001ef90_2372873</uuid>
                        <uuid>_a-0000e8b2-d897-8000-e5f1-01ef9001ef90_2372887</uuid>
                        <uuid>_a-0000e8b2-d897-8000-e5f1-01ef9001ef90_2373385</uuid>
                        <uuid>_a-0000e8b2-d897-8000-e5f1-01ef9001ef90_2379550</uuid>
                        <uuid>_a-0000e8b3-d748-8000-e5f3-01ef9001ef90_2402150</uuid>
                        <uuid>_a-0000e8b3-d748-8000-e5f3-01ef9001ef90_2402181</uuid>
                        <uuid>_a-0000e8b9-0989-8000-e5fd-01ef9001ef90_2417111</uuid>
                        <uuid>_a-0000e8b9-0989-8000-e5fd-01ef9001ef90_2417117</uuid>
                        <uuid>_a-0000e8b9-0989-8000-e5fd-01ef9001ef90_2417267</uuid>
                        <uuid>_a-0000e8b9-0989-8000-e5fd-01ef9001ef90_2419436</uuid>
                        <uuid>_a-0000e8b9-0989-8000-e5fd-01ef9001ef90_2419442</uuid>
                        <uuid>_a-0000e8b9-0989-8000-e5fd-01ef9001ef90_2419591</uuid>
                        <uuid>_a-0000e8b9-0989-8000-e5fd-01ef9001ef90_2419633</uuid>
                        <uuid>_a-0000e8b9-0989-8000-e5fd-01ef9001ef90_2420859</uuid>
                        <uuid>_a-0000e8b9-0989-8000-e5fd-01ef9001ef90_2419711</uuid>
                        <uuid>_a-0000e8b9-0989-8000-e5fd-01ef9001ef90_2422296</uuid>
                        <uuid>_a-0000e8b9-0989-8000-e5fd-01ef9001ef90_2453274</uuid>
                        <uuid>_a-0000e8b9-0989-8000-e5fd-01ef9001ef90_2484911</uuid>
                        <uuid>_a-0000e8c4-62ba-8000-e603-01ef9001ef90_2510382</uuid>
                        <uuid>_a-0000e8c4-62ba-8000-e603-01ef9001ef90_2511091</uuid>
                        <uuid>_a-0000e8c4-62ba-8000-e603-01ef9001ef90_2652549</uuid>
                        <uuid>_a-0000e8c4-62ba-8000-e603-01ef9001ef90_2656160</uuid>
                        <uuid>_a-0000e8c4-62ba-8000-e603-01ef9001ef90_2659396</uuid>
                        <uuid>_a-0000e8c4-62ba-8000-e603-01ef9001ef90_2659616</uuid>
                        <uuid>_a-0000e8c4-62ba-8000-e603-01ef9001ef90_2682345</uuid>
                        <uuid>_a-0000e8c4-62ba-8000-e603-01ef9001ef90_2682923</uuid>
                        <uuid>_a-0000e8c4-62ba-8000-e603-01ef9001ef90_2682945</uuid>
                        <uuid>_a-0000e8c4-62ba-8000-e603-01ef9001ef90_2682974</uuid>
                        <uuid>_a-0000e8c4-62ba-8000-e603-01ef9001ef90_2682981</uuid>
                        <uuid>_a-0000e8c4-62ba-8000-e603-01ef9001ef90_2683485</uuid>
                        <uuid>_a-0000e8c4-62ba-8000-e603-01ef9001ef90_2683509</uuid>
                        <uuid>_a-0000e8d8-9b98-8000-e605-01ef9001ef90_2694147</uuid>
                        <uuid>_a-0000e8d8-9b98-8000-e605-01ef9001ef90_2694251</uuid>
                        <uuid>_a-0000e8d8-9b98-8000-e605-01ef9001ef90_2735521</uuid>
                        <uuid>_a-0000e8d8-9b98-8000-e605-01ef9001ef90_2756364</uuid>
                        <uuid>_a-0000e8d8-9b98-8000-e605-01ef9001ef90_2872186</uuid>
                        <uuid>_a-0000e8d8-9b98-8000-e605-01ef9001ef90_2873730</uuid>
                        <uuid>_a-0000e8d8-9b98-8000-e605-01ef9001ef90_2931698</uuid>
                        <uuid>_a-0000e8d8-9b98-8000-e605-01ef9001ef90_2933354</uuid>
                        <uuid>_a-0000e8d8-9b98-8000-e605-01ef9001ef90_2952237</uuid>
                        <uuid>_a-0000e8d8-9b98-8000-e605-01ef9001ef90_2952487</uuid>
                        <uuid>_a-0000e8d8-9b98-8000-e605-01ef9001ef90_3004185</uuid>
                        <uuid>_a-0000e8d8-9b98-8000-e605-01ef9001ef90_3020878</uuid>
                        <uuid>_a-0000e90c-fc1c-8000-e607-01ef9001ef90_3028276</uuid>
                        <uuid>_a-0000e916-edcb-8000-e60c-01ef9001ef90_3117428</uuid>
                        <uuid>_a-0000e916-edcb-8000-e60c-01ef9001ef90_3117600</uuid>
                        <uuid>_a-0000e916-edcb-8000-e60c-01ef9001ef90_3132557</uuid>
                        <uuid>_a-0000e916-edcb-8000-e60c-01ef9001ef90_3132740</uuid>
                        <uuid>_a-0000e916-edcb-8000-e60c-01ef9001ef90_3166991</uuid>
                        <uuid>_a-0000e916-edcb-8000-e60c-01ef9001ef90_3166997</uuid>
                        <uuid>_a-0000e916-edcb-8000-e60c-01ef9001ef90_3167085</uuid>
                        <uuid>_a-0000e916-edcb-8000-e60c-01ef9001ef90_3243134</uuid>
                        <uuid>_a-0000e928-a819-8000-e60e-01ef9001ef90_3293829</uuid>
                        <uuid>_a-0000e928-a819-8000-e60e-01ef9001ef90_3303296</uuid>
                        <uuid>_a-0000e93b-1de6-8000-e635-01ef9001ef90_3451059</uuid>
                        <uuid>_a-0000e93b-1de6-8000-e635-01ef9001ef90_3500459</uuid>
                        <uuid>_a-0000e93b-1de6-8000-e635-01ef9001ef90_3540744</uuid>
                        <uuid>_a-0000e94c-78eb-8000-e637-01ef9001ef90_3802697</uuid>
                        <uuid>_a-0000e94c-78eb-8000-e637-01ef9001ef90_3802749</uuid>
                        <uuid>_a-0000e94c-78eb-8000-e637-01ef9001ef90_3803651</uuid>
                        <uuid>_a-0000e94c-78eb-8000-e637-01ef9001ef90_3874604</uuid>
                        <uuid>_a-0000e94c-78eb-8000-e637-01ef9001ef90_3874804</uuid>
                        <uuid>_a-0000e94c-78eb-8000-e637-01ef9001ef90_4002698</uuid>
                        <uuid>_a-0000e94c-78eb-8000-e637-01ef9001ef90_4002705</uuid>
                        <uuid>_a-0000e94c-78eb-8000-e637-01ef9001ef90_4002782</uuid>
                        <uuid>_a-0000e94c-78eb-8000-e637-01ef9001ef90_4003080</uuid>
                        <uuid>_a-0000e94c-78eb-8000-e637-01ef9001ef90_4003090</uuid>
                        <uuid>_a-0000e94c-78eb-8000-e637-01ef9001ef90_4003179</uuid>
                        <uuid>_a-0000e94c-78eb-8000-e637-01ef9001ef90_4046270</uuid>
                        <uuid>_a-0000e94c-78eb-8000-e637-01ef9001ef90_4046282</uuid>
                        <uuid>_a-0000e94c-78eb-8000-e637-01ef9001ef90_4046303</uuid>
                        <uuid>_a-0000e94c-78eb-8000-e637-01ef9001ef90_4046409</uuid>
                        <uuid>_a-0000e94c-78eb-8000-e637-01ef9001ef90_4046487</uuid>
                        <uuid>_a-0000e968-30a1-8000-e639-01ef9001ef90_4305675</uuid>
                        <uuid>_a-0000e968-30a1-8000-e639-01ef9001ef90_4305797</uuid>
                        <uuid>_a-0000e968-30a1-8000-e639-01ef9001ef90_4306044</uuid>
                        <uuid>_a-0000e968-30a1-8000-e639-01ef9001ef90_4373014</uuid>
                        <uuid>_a-0000e968-30a1-8000-e639-01ef9001ef90_4429544</uuid>
                        <uuid>_a-0000e968-30a1-8000-e639-01ef9001ef90_4493495</uuid>
                        <uuid>_a-0000e968-30a1-8000-e639-01ef9001ef90_4493535</uuid>
                        <uuid>_a-0000e968-30a1-8000-e639-01ef9001ef90_4493570</uuid>
                        <uuid>_a-0000e982-d80b-8000-e63b-01ef9001ef90_4555231</uuid>
                        <uuid>_a-0000e982-d80b-8000-e63b-01ef9001ef90_4601466</uuid>
                        <uuid>_a-0000e982-d80b-8000-e63b-01ef9001ef90_4605818</uuid>
                        <uuid>_a-0000e982-d80b-8000-e63b-01ef9001ef90_4612988</uuid>
                        <uuid>_a-0000e982-d80b-8000-e63b-01ef9001ef90_4617772</uuid>
                        <uuid>_a-0000e982-d80b-8000-e63b-01ef9001ef90_4621838</uuid>
                        <uuid>_a-0000e982-d80b-8000-e63b-01ef9001ef90_4635413</uuid>
                        <uuid>_a-0000e982-d80b-8000-e63b-01ef9001ef90_4638299</uuid>
                        <uuid>_a-0000e982-d80b-8000-e63b-01ef9001ef90_4679248</uuid>
                        <uuid>_a-0000e982-d80b-8000-e63b-01ef9001ef90_4679254</uuid>
                        <uuid>_a-0000e982-d80b-8000-e63b-01ef9001ef90_4679364</uuid>
                        <uuid>_a-0000e982-d80b-8000-e63b-01ef9001ef90_4689904</uuid>
                        <uuid>_a-0000e982-d80b-8000-e63b-01ef9001ef90_4726165</uuid>
                        <uuid>_a-0000e982-d80b-8000-e63b-01ef9001ef90_4732035</uuid>
                        <uuid>_a-0000e982-d80b-8000-e63b-01ef9001ef90_4735148</uuid>
                        <uuid>_a-0000e982-d80b-8000-e63b-01ef9001ef90_4737218</uuid>
                        <uuid>_a-0000e982-d80b-8000-e63b-01ef9001ef90_4738636</uuid>
                        <uuid>_a-0000e982-d80b-8000-e63b-01ef9001ef90_4741497</uuid>
                        <uuid>_a-0000e982-d80b-8000-e63b-01ef9001ef90_4742837</uuid>
                        <uuid>_a-0000e982-d80b-8000-e63b-01ef9001ef90_4743848</uuid>
                        <uuid>_a-0000e982-d80b-8000-e63b-01ef9001ef90_4745085</uuid>
                        <uuid>_a-0000e982-d80b-8000-e63b-01ef9001ef90_4746760</uuid>
                        <uuid>_a-0000e982-d80b-8000-e63b-01ef9001ef90_4746827</uuid>
                        <uuid>_a-0000e982-d80b-8000-e63b-01ef9001ef90_4746848</uuid>
                        <uuid>_a-0000e982-d80b-8000-e63b-01ef9001ef90_4746884</uuid>
                        <uuid>_a-0000e982-d80b-8000-e63b-01ef9001ef90_4747042</uuid>
                        <uuid>_a-0000e982-d80b-8000-e63b-01ef9001ef90_4747054</uuid>
                        <uuid>_a-0000e982-d80b-8000-e63b-01ef9001ef90_4749061</uuid>
                        <uuid>_a-0000e982-d80b-8000-e63b-01ef9001ef90_4749067</uuid>
                        <uuid>_a-0000e982-d80b-8000-e63b-01ef9001ef90_4749073</uuid>
                        <uuid>_a-0000e982-d80b-8000-e63b-01ef9001ef90_4751318</uuid>
                        <uuid>_a-0000e982-d80b-8000-e63b-01ef9001ef90_4751361</uuid>
                        <uuid>_a-0000e982-d80b-8000-e63b-01ef9001ef90_4753024</uuid>
                        <uuid>_a-0000e982-d80b-8000-e63b-01ef9001ef90_4763710</uuid>
                        <uuid>_a-0000e982-d80b-8000-e63b-01ef9001ef90_4766196</uuid>
                        <uuid>_a-0000e982-d80b-8000-e63b-01ef9001ef90_4771668</uuid>
                        <uuid>_a-0000e982-d80b-8000-e63b-01ef9001ef90_4776405</uuid>
                        <uuid>_a-0000e982-d80b-8000-e63b-01ef9001ef90_4776591</uuid>
                        <uuid>_a-0000e982-d80b-8000-e63b-01ef9001ef90_4780406</uuid>
                        <uuid>_a-0000e982-d80b-8000-e63b-01ef9001ef90_4780412</uuid>
                        <uuid>_a-0000e982-d80b-8000-e63b-01ef9001ef90_4795568</uuid>
                        <uuid>_a-0000e982-d80b-8000-e63b-01ef9001ef90_4795736</uuid>
                        <uuid>_a-0000e982-d80b-8000-e63b-01ef9001ef90_4796242</uuid>
                        <uuid>_a-0000e982-d80b-8000-e63b-01ef9001ef90_4796572</uuid>
                        <uuid>_a-0000e982-d80b-8000-e63b-01ef9001ef90_4800478</uuid>
                        <uuid>_a-0000e982-d80b-8000-e63b-01ef9001ef90_4804899</uuid>
                        <uuid>_a-0000e982-d80b-8000-e63b-01ef9001ef90_4806546</uuid>
                        <uuid>_a-0000e982-d80b-8000-e63b-01ef9001ef90_4807540</uuid>
                        <uuid>_a-0000e982-d80b-8000-e63b-01ef9001ef90_4807546</uuid>
                        <uuid>_a-0000e982-d80b-8000-e63b-01ef9001ef90_4807563</uuid>
                        <uuid>_a-0000e982-d80b-8000-e63b-01ef9001ef90_4807593</uuid>
                        <uuid>_a-0000e982-d80b-8000-e63b-01ef9001ef90_4810050</uuid>
                        <uuid>_a-0000e982-d80b-8000-e63b-01ef9001ef90_4815880</uuid>
                        <uuid>_a-0000e982-d80b-8000-e63b-01ef9001ef90_4816217</uuid>
                        <uuid>_a-0000e9a3-ab27-8000-e63d-01ef9001ef90_4828984</uuid>
                        <uuid>_a-0000e9a3-ab27-8000-e63d-01ef9001ef90_4829156</uuid>
                        <uuid>_a-0000e9a3-ab27-8000-e63d-01ef9001ef90_4829216</uuid>
                        <uuid>_a-0000e9a3-ab27-8000-e63d-01ef9001ef90_4829472</uuid>
                        <uuid>_a-0000e9a3-ab27-8000-e63d-01ef9001ef90_4829739</uuid>
                        <uuid>_a-0000e9a3-ab27-8000-e63d-01ef9001ef90_4829868</uuid>
                        <uuid>_a-0000e9a3-ab27-8000-e63d-01ef9001ef90_4830328</uuid>
                        <uuid>_a-0000e9a3-ab27-8000-e63d-01ef9001ef90_4830381</uuid>
                        <uuid>_a-0000e9a3-ab27-8000-e63d-01ef9001ef90_4830969</uuid>
                        <uuid>_a-0000e9a3-ab27-8000-e63d-01ef9001ef90_4831029</uuid>
                        <uuid>_a-0000e9a3-ab27-8000-e63d-01ef9001ef90_4831345</uuid>
                        <uuid>_a-0000e9a3-ab27-8000-e63d-01ef9001ef90_4831415</uuid>
                        <uuid>_a-0000e9a3-ab27-8000-e63d-01ef9001ef90_4831457</uuid>
                        <uuid>_a-0000e9a3-ab27-8000-e63d-01ef9001ef90_4835948</uuid>
                        <uuid>_a-0000e9a3-ab27-8000-e63d-01ef9001ef90_4836209</uuid>
                        <uuid>_a-0000e9a3-ab27-8000-e63d-01ef9001ef90_4836252</uuid>
                        <uuid>_a-0000e9a3-ab27-8000-e63d-01ef9001ef90_4836343</uuid>
                        <uuid>_a-0000e9a7-6d42-8000-e63f-01ef9001ef90_4873693</uuid>
                        <uuid>_a-0000e9a7-6d42-8000-e63f-01ef9001ef90_4873787</uuid>
                        <uuid>_a-0000e9a7-6d42-8000-e63f-01ef9001ef90_4873901</uuid>
                        <uuid>_a-0000e9a7-6d42-8000-e63f-01ef9001ef90_4873934</uuid>
                        <uuid>_a-0000e9a7-6d42-8000-e63f-01ef9001ef90_4874128</uuid>
                        <uuid>_a-0000e9a7-6d42-8000-e63f-01ef9001ef90_4874189</uuid>
                        <uuid>_a-0000e9a7-6d42-8000-e63f-01ef9001ef90_4874327</uuid>
                        <uuid>_a-0000e9a7-6d42-8000-e63f-01ef9001ef90_4874370</uuid>
                        <uuid>_a-0000e9a7-6d42-8000-e63f-01ef9001ef90_4876425</uuid>
                        <uuid>_a-0000e9a7-6d42-8000-e63f-01ef9001ef90_4876437</uuid>
                        <uuid>_a-0000e9a7-6d42-8000-e63f-01ef9001ef90_4879925</uuid>
                        <uuid>_a-0000e9a7-6d42-8000-e63f-01ef9001ef90_4988656</uuid>
                        <uuid>_a-0000e9a7-6d42-8000-e63f-01ef9001ef90_5084957</uuid>
                        <uuid>_a-0000e9a7-6d42-8000-e63f-01ef9001ef90_5193750</uuid>
                        <uuid>_a-0000e9a7-6d42-8000-e63f-01ef9001ef90_5193763</uuid>
                        <uuid>_a-0000e9a7-6d42-8000-e63f-01ef9001ef90_5193968</uuid>
                        <uuid>_a-0000e9a7-6d42-8000-e63f-01ef9001ef90_5200596</uuid>
                        <uuid>_a-0000e9a7-6d42-8000-e63f-01ef9001ef90_5202056</uuid>
                        <uuid>_a-0000e9a7-6d42-8000-e63f-01ef9001ef90_5214775</uuid>
                        <uuid>_a-0000e9a7-6d42-8000-e63f-01ef9001ef90_5215091</uuid>
                        <uuid>_a-0000e9a7-6d42-8000-e63f-01ef9001ef90_5218117</uuid>
                        <uuid>_a-0000e9a7-6d42-8000-e63f-01ef9001ef90_5220995</uuid>
                        <uuid>_a-0000e9a7-6d42-8000-e63f-01ef9001ef90_5221019</uuid>
                        <uuid>_a-0000e9a7-6d42-8000-e63f-01ef9001ef90_5221214</uuid>
                        <uuid>_a-0000e9a7-6d42-8000-e63f-01ef9001ef90_5221704</uuid>
                        <uuid>_a-0000e9a7-6d42-8000-e63f-01ef9001ef90_5232948</uuid>
                        <uuid>_a-0000e9a7-6d42-8000-e63f-01ef9001ef90_5233281</uuid>
                        <uuid>_a-0000e9a7-6d42-8000-e63f-01ef9001ef90_5247914</uuid>
                        <uuid>_a-0000e9a7-6d42-8000-e63f-01ef9001ef90_5247960</uuid>
                        <uuid>_a-0000e9a7-6d42-8000-e63f-01ef9001ef90_5248696</uuid>
                        <uuid>_a-0000e9a7-6d42-8000-e63f-01ef9001ef90_5249038</uuid>
                        <uuid>_a-0000e9a7-6d42-8000-e63f-01ef9001ef90_5270018</uuid>
                        <uuid>_a-0000e9a7-6d42-8000-e63f-01ef9001ef90_5292884</uuid>
                        <uuid>_a-0000e9a7-6d42-8000-e63f-01ef9001ef90_5293346</uuid>
                        <uuid>_a-0000e9a7-6d42-8000-e63f-01ef9001ef90_5296245</uuid>
                        <uuid>_a-0000e9a7-6d42-8000-e63f-01ef9001ef90_5320535</uuid>
                        <uuid>_a-0000e9a7-6d42-8000-e63f-01ef9001ef90_5323090</uuid>
                        <uuid>_a-0000e9a7-6d42-8000-e63f-01ef9001ef90_5323096</uuid>
                        <uuid>_a-0000e9a7-6d42-8000-e63f-01ef9001ef90_5340446</uuid>
                        <uuid>_a-0000e9a7-6d42-8000-e63f-01ef9001ef90_5340618</uuid>
                        <uuid>_a-0000e9a7-6d42-8000-e63f-01ef9001ef90_5343584</uuid>
                        <uuid>_a-0000e9a7-6d42-8000-e63f-01ef9001ef90_5343736</uuid>
                        <uuid>_a-0000e9a7-6d42-8000-e63f-01ef9001ef90_5414515</uuid>
                        <uuid>_a-0000e9a7-6d42-8000-e63f-01ef9001ef90_5434927</uuid>
                        <uuid>_a-0000e9a7-6d42-8000-e63f-01ef9001ef90_5434945</uuid>
                        <uuid>_a-0000e9a7-6d42-8000-e63f-01ef9001ef90_5589289</uuid>
                        <uuid>_a-0000e9a7-6d42-8000-e63f-01ef9001ef90_5598123</uuid>
                        <uuid>_a-0000e9a7-6d42-8000-e63f-01ef9001ef90_5711673</uuid>
                        <uuid>_a-0000e9a7-6d42-8000-e63f-01ef9001ef90_5759294</uuid>
                        <uuid>_a-0000e9a7-6d42-8000-e63f-01ef9001ef90_5759313</uuid>
                        <uuid>_a-0000e9a7-6d42-8000-e63f-01ef9001ef90_5760152</uuid>
                        <uuid>_a-0000e9a7-6d42-8000-e63f-01ef9001ef90_5765674</uuid>
                        <uuid>_a-0000e9a7-6d42-8000-e63f-01ef9001ef90_5770737</uuid>
                        <uuid>_a-0000e9a7-6d42-8000-e63f-01ef9001ef90_5771020</uuid>
                        <uuid>_a-0000e9a7-6d42-8000-e63f-01ef9001ef90_5791175</uuid>
                        <uuid>_a-0000e9a7-6d42-8000-e63f-01ef9001ef90_5862847</uuid>
                        <uuid>_a-0000e9a7-6d42-8000-e63f-01ef9001ef90_5863296</uuid>
                        <uuid>_a-0000e9a7-6d42-8000-e63f-01ef9001ef90_5889917</uuid>
                        <uuid>_a-0000e9a7-6d42-8000-e63f-01ef9001ef90_5890147</uuid>
                        <uuid>_a-0000e9a7-6d42-8000-e63f-01ef9001ef90_5927078</uuid>
                        <uuid>_a-0000e9a7-6d42-8000-e63f-01ef9001ef90_5932205</uuid>
                        <uuid>_a-0000e9a7-6d42-8000-e63f-01ef9001ef90_5932233</uuid>
                        <uuid>_a-0000e9a7-6d42-8000-e63f-01ef9001ef90_5936411</uuid>
                        <uuid>_a-0000e9a7-6d42-8000-e63f-01ef9001ef90_5936691</uuid>
                        <uuid>_a-0000e9a7-6d42-8000-e63f-01ef9001ef90_5936868</uuid>
                        <uuid>_a-0000e9a7-6d42-8000-e63f-01ef9001ef90_5937825</uuid>
                        <uuid>_a-0000e9a7-6d42-8000-e63f-01ef9001ef90_5939823</uuid>
                        <uuid>_a-0000e9a7-6d42-8000-e63f-01ef9001ef90_5940468</uuid>
                        <uuid>_a-0000e9a7-6d42-8000-e63f-01ef9001ef90_5940474</uuid>
                        <uuid>_a-0000e9a7-6d42-8000-e63f-01ef9001ef90_5940480</uuid>
                        <uuid>_a-0000e9a7-6d42-8000-e63f-01ef9001ef90_5940527</uuid>
                        <uuid>_a-0000e9a7-6d42-8000-e63f-01ef9001ef90_5940533</uuid>
                        <uuid>_a-0000e9a7-6d42-8000-e63f-01ef9001ef90_5973180</uuid>
                        <uuid>_a-0000e9a7-6d42-8000-e63f-01ef9001ef90_5973442</uuid>
                        <uuid>_a-0000e9a7-6d42-8000-e63f-01ef9001ef90_5973454</uuid>
                        <uuid>_a-0000e9a7-6d42-8000-e63f-01ef9001ef90_5973460</uuid>
                        <uuid>_a-0000e9a7-6d42-8000-e63f-01ef9001ef90_5973622</uuid>
                        <uuid>_a-0000e9a7-6d42-8000-e63f-01ef9001ef90_5973628</uuid>
                        <uuid>_a-0000e9a7-6d42-8000-e63f-01ef9001ef90_5974287</uuid>
                        <uuid>_a-0000e9a7-6d42-8000-e63f-01ef9001ef90_5978114</uuid>
                        <uuid>_a-0000e9a7-6d42-8000-e63f-01ef9001ef90_5999843</uuid>
                        <uuid>_a-0000e9f5-96e6-8000-e641-01ef9001ef90_6016288</uuid>
                        <uuid>_a-0000e9f5-96e6-8000-e641-01ef9001ef90_6016640</uuid>
                        <uuid>_a-0000e9f5-96e6-8000-e641-01ef9001ef90_6017110</uuid>
                        <uuid>_a-0000e9f5-96e6-8000-e641-01ef9001ef90_6085066</uuid>
                        <uuid>_a-0000e9f5-96e6-8000-e641-01ef9001ef90_6085096</uuid>
                        <uuid>_a-0000e9f5-96e6-8000-e641-01ef9001ef90_6085126</uuid>
                        <uuid>_a-0000e9f5-96e6-8000-e641-01ef9001ef90_6270996</uuid>
                        <uuid>_a-0000e9f5-96e6-8000-e641-01ef9001ef90_6271097</uuid>
                        <uuid>_a-0000e9f5-96e6-8000-e641-01ef9001ef90_6271199</uuid>
                        <uuid>_a-0000e9f5-96e6-8000-e641-01ef9001ef90_6271402</uuid>
                        <uuid>_a-0000e9f5-96e6-8000-e641-01ef9001ef90_6271633</uuid>
                        <uuid>_a-0000e9f5-96e6-8000-e641-01ef9001ef90_6271846</uuid>
                        <uuid>_a-0000e9f5-96e6-8000-e641-01ef9001ef90_6272354</uuid>
                        <uuid>_a-0000e9f5-96e6-8000-e641-01ef9001ef90_6272652</uuid>
                        <uuid>_a-0000e9f5-96e6-8000-e641-01ef9001ef90_6327654</uuid>
                        <uuid>_a-0000e9f5-96e6-8000-e641-01ef9001ef90_6351963</uuid>
                        <uuid>_a-0000e9f5-96e6-8000-e641-01ef9001ef90_6396770</uuid>
                        <uuid>_a-0000e9f5-96e6-8000-e641-01ef9001ef90_6422252</uuid>
                        <uuid>_a-0000e9f5-96e6-8000-e641-01ef9001ef90_6431734</uuid>
                        <uuid>_a-0000e9f5-96e6-8000-e641-01ef9001ef90_6442280</uuid>
                        <uuid>_a-0000e9f5-96e6-8000-e641-01ef9001ef90_6442370</uuid>
                        <uuid>_a-0000e9f5-96e6-8000-e641-01ef9001ef90_6492923</uuid>
                        <uuid>_a-0000e9f5-96e6-8000-e641-01ef9001ef90_6495671</uuid>
                        <uuid>_a-0000e9f5-96e6-8000-e641-01ef9001ef90_6518079</uuid>
                        <uuid>_a-0000e9f5-96e6-8000-e641-01ef9001ef90_6519324</uuid>
                        <uuid>_a-0000e9f5-96e6-8000-e641-01ef9001ef90_6635312</uuid>
                        <uuid>_a-0000e9f5-96e6-8000-e641-01ef9001ef90_6635416</uuid>
                        <uuid>_a-0000e9f5-96e6-8000-e641-01ef9001ef90_6675123</uuid>
                        <uuid>_a-0000ea22-4ef8-8000-e643-01ef9001ef90_6703025</uuid>
                        <uuid>_a-0000ea22-4ef8-8000-e643-01ef9001ef90_6714648</uuid>
                        <uuid>_a-0000ea22-4ef8-8000-e643-01ef9001ef90_6716331</uuid>
                        <uuid>_a-0000ea22-4ef8-8000-e643-01ef9001ef90_6738129</uuid>
                        <uuid>_a-0000ea2e-319c-8000-e644-01ef9001ef90_6808324</uuid>
                        <uuid>_a-0000ea2e-319c-8000-e644-01ef9001ef90_6808396</uuid>
                        <uuid>_a-0000ea2e-319c-8000-e644-01ef9001ef90_6808403</uuid>
                        <uuid>_a-0000ea2e-319c-8000-e644-01ef9001ef90_6815530</uuid>
                        <uuid>_a-0000ea3c-477e-8000-e648-01ef9001ef90_6920595</uuid>
                        <uuid>_a-0000ea3c-477e-8000-e648-01ef9001ef90_6999267</uuid>
                        <uuid>_a-0000ea3c-477e-8000-e648-01ef9001ef90_7143490</uuid>
                        <uuid>_a-0000ea3c-477e-8000-e648-01ef9001ef90_7145389</uuid>
                        <uuid>_a-0000ea3c-477e-8000-e648-01ef9001ef90_7146168</uuid>
                        <uuid>_a-0000ea3c-477e-8000-e648-01ef9001ef90_7146756</uuid>
                        <uuid>_a-0000ea3c-477e-8000-e648-01ef9001ef90_7285879</uuid>
                        <uuid>_a-0000ea51-9b9a-8000-e64c-01ef9001ef90_7396923</uuid>
                        <uuid>_a-0000ea51-9b9a-8000-e64c-01ef9001ef90_7396994</uuid>
                        <uuid>_a-0000ea51-9b9a-8000-e64c-01ef9001ef90_7397206</uuid>
                        <uuid>_a-0000ea51-9b9a-8000-e64c-01ef9001ef90_7397218</uuid>
                        <uuid>_a-0000ea51-9b9a-8000-e64c-01ef9001ef90_7397234</uuid>
                        <uuid>_a-0000ea51-9b9a-8000-e64c-01ef9001ef90_7397240</uuid>
                        <uuid>_a-0000ea51-9b9a-8000-e64c-01ef9001ef90_7397301</uuid>
                        <uuid>_a-0000ea51-9b9a-8000-e64c-01ef9001ef90_7397389</uuid>
                        <uuid>_a-0000ea51-9b9a-8000-e64c-01ef9001ef90_7397395</uuid>
                        <uuid>_a-0000ea51-9b9a-8000-e64c-01ef9001ef90_7397409</uuid>
                        <uuid>_a-0000ea61-526a-8000-e65e-01ef9001ef90_7589646</uuid>
                        <uuid>_a-0000ea61-526a-8000-e65e-01ef9001ef90_7589746</uuid>
                        <uuid>_a-0000ea61-526a-8000-e65e-01ef9001ef90_7603016</uuid>
                        <uuid>_a-0000ea61-526a-8000-e65e-01ef9001ef90_7603024</uuid>
                        <uuid>_a-0000ea61-526a-8000-e65e-01ef9001ef90_7603406</uuid>
                        <uuid>_a-0000ea61-526a-8000-e65e-01ef9001ef90_7603413</uuid>
                        <uuid>_a-0000ea61-526a-8000-e65e-01ef9001ef90_7603809</uuid>
                        <uuid>_a-0000ea61-526a-8000-e65e-01ef9001ef90_7603850</uuid>
                        <uuid>_a-0000ea65-3c45-8000-e65f-01ef9001ef90_7626720</uuid>
                        <uuid>_a-0000ea65-3c45-8000-e65f-01ef9001ef90_7626726</uuid>
                        <uuid>_a-0000ea6a-8274-8000-e661-01ef9001ef90_7630209</uuid>
                        <uuid>_a-0000ea6a-8274-8000-e661-01ef9001ef90_7630320</uuid>
                        <uuid>_a-0000ea7b-6ff1-8000-e67d-01ef9001ef90_7832801</uuid>
                        <uuid>_a-0000ea7b-6ff1-8000-e67d-01ef9001ef90_7832807</uuid>
                        <uuid>_a-0000ea7b-6ff1-8000-e67d-01ef9001ef90_8043357</uuid>
                        <uuid>_a-0000ea7b-6ff1-8000-e67d-01ef9001ef90_8043564</uuid>
                        <uuid>_a-0000ea7b-6ff1-8000-e67d-01ef9001ef90_8043582</uuid>
                        <uuid>_a-0000ea97-682f-8000-e67f-01ef9001ef90_8138894</uuid>
                        <uuid>_a-0000ea97-682f-8000-e67f-01ef9001ef90_8159727</uuid>
                        <uuid>_a-0000ea97-682f-8000-e67f-01ef9001ef90_8159733</uuid>
                        <uuid>_a-0000ea97-682f-8000-e67f-01ef9001ef90_8159790</uuid>
                        <uuid>_a-0000ea97-682f-8000-e67f-01ef9001ef90_8159803</uuid>
                        <uuid>_a-0000ea97-682f-8000-e67f-01ef9001ef90_8167551</uuid>
                        <uuid>_a-0000ea97-682f-8000-e67f-01ef9001ef90_8176280</uuid>
                        <uuid>_a-0000ea97-682f-8000-e67f-01ef9001ef90_8181040</uuid>
                        <uuid>_a-0000ea97-682f-8000-e67f-01ef9001ef90_8182757</uuid>
                        <uuid>_a-0000eaa5-8248-8000-e681-01ef9001ef90_8186209</uuid>
                        <uuid>_a-0000eaa5-8248-8000-e681-01ef9001ef90_8187015</uuid>
                        <uuid>_a-0000eaa5-8248-8000-e681-01ef9001ef90_8189024</uuid>
                        <uuid>_a-0000eaa5-8248-8000-e681-01ef9001ef90_8190744</uuid>
                        <uuid>_a-0000eaa5-8248-8000-e681-01ef9001ef90_8193482</uuid>
                        <uuid>_a-0000eaa5-8248-8000-e681-01ef9001ef90_8193495</uuid>
                        <uuid>_a-0000eaa5-8248-8000-e681-01ef9001ef90_8193508</uuid>
                        <uuid>_a-0000eaa5-8248-8000-e681-01ef9001ef90_8193521</uuid>
                        <uuid>_a-0000eaa5-8248-8000-e681-01ef9001ef90_8193964</uuid>
                        <uuid>_a-0000eaa5-8248-8000-e681-01ef9001ef90_8193977</uuid>
                        <uuid>_a-0000eaa5-8248-8000-e681-01ef9001ef90_8194005</uuid>
                        <uuid>_a-0000eaa5-8248-8000-e681-01ef9001ef90_8195592</uuid>
                        <uuid>_a-0000eaa5-8248-8000-e681-01ef9001ef90_8197897</uuid>
                        <uuid>_a-0000eaa5-8248-8000-e681-01ef9001ef90_8198227</uuid>
                        <uuid>_a-0000eaa5-8248-8000-e681-01ef9001ef90_8203100</uuid>
                        <uuid>_a-0000eaa5-8248-8000-e681-01ef9001ef90_8209518</uuid>
                        <uuid>_a-0000eaa5-8248-8000-e681-01ef9001ef90_8210135</uuid>
                        <uuid>_a-0000eaa5-8248-8000-e681-01ef9001ef90_8239318</uuid>
                        <uuid>_a-0000eaa5-8248-8000-e681-01ef9001ef90_8239361</uuid>
                        <uuid>_a-0000eaa5-8248-8000-e681-01ef9001ef90_8239395</uuid>
                        <uuid>_a-0000eaa5-8248-8000-e681-01ef9001ef90_8239661</uuid>
                        <uuid>_a-0000eaa5-8248-8000-e681-01ef9001ef90_8239803</uuid>
                        <uuid>_a-0000eaa5-8248-8000-e681-01ef9001ef90_8240311</uuid>
                        <uuid>_a-0000eaa5-8248-8000-e681-01ef9001ef90_8240317</uuid>
                        <uuid>_a-0000eaa5-8248-8000-e681-01ef9001ef90_8251159</uuid>
                        <uuid>_a-0000eaa5-8248-8000-e681-01ef9001ef90_8252669</uuid>
                        <uuid>_a-0000eaa5-8248-8000-e681-01ef9001ef90_8253625</uuid>
                        <uuid>_a-0000eaa5-8248-8000-e681-01ef9001ef90_8263776</uuid>
                        <uuid>_a-0000eaa5-8248-8000-e681-01ef9001ef90_8264944</uuid>
                        <uuid>_a-0000eaa5-8248-8000-e681-01ef9001ef90_8301075</uuid>
                        <uuid>_a-0000eaa5-8248-8000-e681-01ef9001ef90_8301088</uuid>
                        <uuid>_a-0000eaa5-8248-8000-e681-01ef9001ef90_8301144</uuid>
                        <uuid>_a-0000eaa5-8248-8000-e681-01ef9001ef90_8310373</uuid>
                        <uuid>_a-0000eaa5-8248-8000-e681-01ef9001ef90_8312636</uuid>
                        <uuid>_a-0000eaa5-8248-8000-e681-01ef9001ef90_8314689</uuid>
                        <uuid>_a-0000eaa5-8248-8000-e681-01ef9001ef90_8314890</uuid>
                        <uuid>_a-0000eaa5-8248-8000-e681-01ef9001ef90_8334555</uuid>
                        <uuid>_a-0000eaa5-8248-8000-e681-01ef9001ef90_8334724</uuid>
                        <uuid>_a-0000eaa5-8248-8000-e681-01ef9001ef90_8334743</uuid>
                        <uuid>_a-0000eaa5-8248-8000-e681-01ef9001ef90_8334755</uuid>
                        <uuid>_a-0000eaa5-8248-8000-e681-01ef9001ef90_8334898</uuid>
                        <uuid>_a-0000eaa5-8248-8000-e681-01ef9001ef90_8348902</uuid>
                        <uuid>_a-0000eabf-35e2-8000-e683-01ef9001ef90_8396865</uuid>
                        <uuid>_a-0000eabf-35e2-8000-e683-01ef9001ef90_8396873</uuid>
                        <uuid>_a-0000eabf-35e2-8000-e683-01ef9001ef90_8396893</uuid>
                        <uuid>_a-0000eabf-35e2-8000-e683-01ef9001ef90_8400635</uuid>
                        <uuid>_a-0000eabf-35e2-8000-e683-01ef9001ef90_8401125</uuid>
                        <uuid>_a-0000eabf-35e2-8000-e683-01ef9001ef90_8401150</uuid>
                        <uuid>_a-0000eabf-35e2-8000-e683-01ef9001ef90_8401173</uuid>
                        <uuid>_a-0000eabf-35e2-8000-e683-01ef9001ef90_8425441</uuid>
                        <uuid>_a-0000eabf-35e2-8000-e683-01ef9001ef90_8432672</uuid>
                        <uuid>_a-0000eabf-35e2-8000-e683-01ef9001ef90_8440619</uuid>
                        <uuid>_a-0000eabf-35e2-8000-e683-01ef9001ef90_8453631</uuid>
                        <uuid>_a-0000eabf-35e2-8000-e683-01ef9001ef90_8470714</uuid>
                        <uuid>_a-0000eabf-35e2-8000-e683-01ef9001ef90_8470721</uuid>
                        <uuid>_a-0000eabf-35e2-8000-e683-01ef9001ef90_8470827</uuid>
                        <uuid>_a-0000eabf-35e2-8000-e683-01ef9001ef90_8471165</uuid>
                        <uuid>_a-0000eabf-35e2-8000-e683-01ef9001ef90_8477045</uuid>
                        <uuid>_a-0000eabf-35e2-8000-e683-01ef9001ef90_8477115</uuid>
                        <uuid>_a-0000eabf-35e2-8000-e683-01ef9001ef90_8477251</uuid>
                        <uuid>_a-0000eabf-35e2-8000-e683-01ef9001ef90_8477430</uuid>
                        <uuid>_a-0000eabf-35e2-8000-e683-01ef9001ef90_8478469</uuid>
                        <uuid>_a-0000eabf-35e2-8000-e683-01ef9001ef90_8499310</uuid>
                        <uuid>_a-0000eabf-35e2-8000-e683-01ef9001ef90_8504356</uuid>
                        <uuid>_a-0000eabf-35e2-8000-e683-01ef9001ef90_8525344</uuid>
                        <uuid>_a-0000eabf-35e2-8000-e683-01ef9001ef90_8537469</uuid>
                        <uuid>_a-0000eabf-35e2-8000-e683-01ef9001ef90_8537475</uuid>
                        <uuid>_a-0000eabf-35e2-8000-e683-01ef9001ef90_8537484</uuid>
                        <uuid>_a-0000eabf-35e2-8000-e683-01ef9001ef90_8537491</uuid>
                        <uuid>_a-0000eabf-35e2-8000-e683-01ef9001ef90_8537504</uuid>
                        <uuid>_a-0000eabf-35e2-8000-e683-01ef9001ef90_8537512</uuid>
                        <uuid>_a-0000eae4-5659-8000-e685-01ef9001ef90_8619011</uuid>
                        <uuid>_a-0000eae4-5659-8000-e685-01ef9001ef90_8675093</uuid>
                        <uuid>_a-0000eae4-5659-8000-e685-01ef9001ef90_8678775</uuid>
                        <uuid>_a-0000eae4-5659-8000-e685-01ef9001ef90_8697955</uuid>
                        <uuid>_a-0000eae4-5659-8000-e685-01ef9001ef90_8697967</uuid>
                        <uuid>_a-0000eae4-5659-8000-e685-01ef9001ef90_8697973</uuid>
                        <uuid>_a-0000eae4-5659-8000-e685-01ef9001ef90_8702036</uuid>
                        <uuid>_a-0000eb09-d442-8000-e687-01ef9001ef90_8737709</uuid>
                        <uuid>_a-0000eb09-d442-8000-e687-01ef9001ef90_8737889</uuid>
                        <uuid>_a-0000eb09-d442-8000-e687-01ef9001ef90_8737895</uuid>
                        <uuid>_a-0000eb09-d442-8000-e687-01ef9001ef90_8737957</uuid>
                        <uuid>_a-0000eb09-d442-8000-e687-01ef9001ef90_8738079</uuid>
                        <uuid>_a-0000eb09-d442-8000-e687-01ef9001ef90_8738165</uuid>
                        <uuid>_a-0000eb09-d442-8000-e687-01ef9001ef90_8738171</uuid>
                        <uuid>_a-0000eb09-d442-8000-e687-01ef9001ef90_8752132</uuid>
                        <uuid>_a-0000eb09-d442-8000-e687-01ef9001ef90_8752487</uuid>
                        <uuid>_a-0000eb09-d442-8000-e687-01ef9001ef90_8752516</uuid>
                        <uuid>_a-0000eb09-d442-8000-e687-01ef9001ef90_8752549</uuid>
                        <uuid>_a-0000eb09-d442-8000-e687-01ef9001ef90_8752582</uuid>
                        <uuid>_a-0000eb09-d442-8000-e687-01ef9001ef90_8755143</uuid>
                        <uuid>_a-0000eb09-d442-8000-e687-01ef9001ef90_8810723</uuid>
                        <uuid>_a-0000eb09-d442-8000-e687-01ef9001ef90_8810751</uuid>
                        <uuid>_a-0000eb09-d442-8000-e687-01ef9001ef90_8810805</uuid>
                        <uuid>_a-0000eb09-d442-8000-e687-01ef9001ef90_8842299</uuid>
                        <uuid>_a-0000eb09-d442-8000-e687-01ef9001ef90_8843476</uuid>
                        <uuid>_a-0000eb09-d442-8000-e687-01ef9001ef90_8857303</uuid>
                        <uuid>_a-0000eb09-d442-8000-e687-01ef9001ef90_8875393</uuid>
                        <uuid>_a-0000eb09-d442-8000-e687-01ef9001ef90_8875411</uuid>
                        <uuid>_a-0000eb09-d442-8000-e687-01ef9001ef90_8875418</uuid>
                        <uuid>_a-0000eb09-d442-8000-e687-01ef9001ef90_8875440</uuid>
                        <uuid>_a-0000eb09-d442-8000-e687-01ef9001ef90_8875446</uuid>
                        <uuid>_a-0000eb09-d442-8000-e687-01ef9001ef90_8876130</uuid>
                        <uuid>_a-0000eb09-d442-8000-e687-01ef9001ef90_8876957</uuid>
                        <uuid>_a-0000eb53-0a0e-8000-e689-01ef9001ef90_9171289</uuid>
                        <uuid>_a-0000eb53-0a0e-8000-e689-01ef9001ef90_9394093</uuid>
                        <uuid>_a-0000eb53-0a0e-8000-e689-01ef9001ef90_9394317</uuid>
                        <uuid>4abb2c14-ac25-4b4a-a0f6-a11f52071c0b</uuid>
                        <uuid>88b69a51-faf2-4a7c-a011-715a197ae740</uuid>
                        <uuid>40741abf-e2a8-4f64-8b9e-99e30d7b6b84</uuid>
                        <uuid>1787e600-d2e8-4c1e-b050-c2885fb7b8e6</uuid>
                        <uuid>c1a88e05-5d06-4b4b-92d2-f58a10499d1b</uuid>
                        <uuid>92dfd29a-b57a-4280-8f7f-0fb66fbcbfcd</uuid>
                        <uuid>404a9f88-bd69-4083-a4f9-8c8b2a8fc4a6</uuid>
                        <uuid>f3aebc37-a285-48ce-a743-6533738f57b9</uuid>
                        <uuid>2b33a461-98c3-4c01-bd41-9136cd18db0c</uuid>
                        <uuid>_a-0000eb53-0a0e-8000-e689-01ef9001ef90_9405225</uuid>
                        <uuid>b0f0446c-2af6-4d77-bb8c-6e0a053488e6</uuid>
                        <uuid>_a-0000eb53-0a0e-8000-e689-01ef9001ef90_9405653</uuid>
                        <uuid>_a-0000eb53-0a0e-8000-e689-01ef9001ef90_9431760</uuid>
                        <uuid>_a-0000eb53-0a0e-8000-e689-01ef9001ef90_9431792</uuid>
                        <uuid>_a-0000eb53-0a0e-8000-e689-01ef9001ef90_9431798</uuid>
                        <uuid>_a-0000eb53-0a0e-8000-e689-01ef9001ef90_9431804</uuid>
                        <uuid>_a-0000eb53-0a0e-8000-e689-01ef9001ef90_9431810</uuid>
                        <uuid>_a-0000eb53-0a0e-8000-e689-01ef9001ef90_9431816</uuid>
                        <uuid>_a-0000eb53-0a0e-8000-e689-01ef9001ef90_9431822</uuid>
                        <uuid>_a-0000eb53-0a0e-8000-e689-01ef9001ef90_9431840</uuid>
                        <uuid>_a-0000eb53-0a0e-8000-e689-01ef9001ef90_9431908</uuid>
                        <uuid>_a-0000eb53-0a0e-8000-e689-01ef9001ef90_9432317</uuid>
                        <uuid>_a-0000eb53-0a0e-8000-e689-01ef9001ef90_9514843</uuid>
                        <uuid>_a-0000eb53-0a0e-8000-e689-01ef9001ef90_9533439</uuid>
                        <uuid>_a-0000eb53-0a0e-8000-e689-01ef9001ef90_9534907</uuid>
                        <uuid>_a-0000eb9b-4ec6-8000-e68b-01ef9001ef90_9605501</uuid>
                        <uuid>_a-0000eb9b-4ec6-8000-e68b-01ef9001ef90_9623154</uuid>
                        <uuid>_a-0000eb9b-4ec6-8000-e68b-01ef9001ef90_9623226</uuid>
                        <uuid>_a-0000ebb9-a974-8000-e690-01ef9001ef90_9658800</uuid>
                    </uuids>
                </item>
                <item>
                    <type>forum</type>
                    <uuids/>
                </item>
                <item>
                    <type>processModelFolder</type>
                    <uuids>
                        <uuid>_g-0000e801-560f-8000-3039-014d98014d98_291</uuid>
                    </uuids>
                </item>
                <item>
                    <type>processModel</type>
                    <uuids>
                        <uuid>0002e871-bdab-8000-4d88-014d98014d98</uuid>
                        <uuid>0002e8a5-7097-8000-61ac-014d98014d98</uuid>
                        <uuid>0005e8a5-9a87-8000-61c2-014d98014d98</uuid>
                        <uuid>0005e8a5-d279-8000-61ee-014d98014d98</uuid>
                        <uuid>0005e8c1-ceea-8000-7195-014d98014d98</uuid>
                        <uuid>0002e8d3-97c1-8000-78cb-014d98014d98</uuid>
                        <uuid>0005e8d7-901c-8000-7c2f-014d98014d98</uuid>
                        <uuid>0005e8d7-b187-8000-7c3f-014d98014d98</uuid>
                        <uuid>0005e90a-95ba-8000-9535-014d98014d98</uuid>
                        <uuid>0002e90c-93da-8000-969a-014d98014d98</uuid>
                        <uuid>0005e90f-9bfc-8000-990c-014d98014d98</uuid>
                        <uuid>0002e913-911b-8000-99aa-014d98014d98</uuid>
                        <uuid>0002e92b-3a0e-8000-a6fb-014d98014d98</uuid>
                        <uuid>0002e92e-f38d-8000-a7cc-014d98014d98</uuid>
                        <uuid>0002e945-8b52-8000-b557-014d98014d98</uuid>
                        <uuid>0006e953-0667-8000-bd15-014d98014d98</uuid>
                        <uuid>0004e953-0b5b-8000-bd1b-014d98014d98</uuid>
                        <uuid>0005e953-3058-8000-bd29-014d98014d98</uuid>
                        <uuid>0002e963-bd67-8000-c672-014d98014d98</uuid>
                        <uuid>0002e963-e40a-8000-c679-014d98014d98</uuid>
                        <uuid>0005e965-5c71-8000-c67c-014d98014d98</uuid>
                        <uuid>0005e988-5748-8000-db35-014d98014d98</uuid>
                        <uuid>0002e988-679e-8000-db40-014d98014d98</uuid>
                        <uuid>0002e997-5e24-8000-e1ea-014d98014d98</uuid>
                        <uuid>0005e99b-0de9-8000-e3b4-014d98014d98</uuid>
                        <uuid>0005e99c-5e8c-8000-e3bc-014d98014d98</uuid>
                        <uuid>0005e99c-9ec3-8000-e3c2-014d98014d98</uuid>
                        <uuid>0002e99e-485f-8000-e406-014d98014d98</uuid>
                        <uuid>0002e99f-464a-8000-e44e-014d98014d98</uuid>
                        <uuid>0002e9a0-9ba5-8000-e554-014d98014d98</uuid>
                        <uuid>0002e9a0-a253-8000-e557-014d98014d98</uuid>
                        <uuid>0002e9a1-e534-8000-e648-014d98014d98</uuid>
                        <uuid>0044e9a2-2254-8000-e70c-014d98014d98</uuid>
                        <uuid>0002e9a2-3fd4-8000-e754-014d98014d98</uuid>
                        <uuid>0002e9a2-44be-8000-e75a-014d98014d98</uuid>
                        <uuid>0009e9a2-da13-8000-e7ed-014d98014d98</uuid>
                        <uuid>0005e9a8-69e1-8000-ea3c-014d98014d98</uuid>
                        <uuid>0002e9a8-d705-8000-ea97-014d98014d98</uuid>
                        <uuid>0002e9b3-18fc-8000-eec1-014d98014d98</uuid>
                        <uuid>0009e9b5-d0a3-8000-f0bc-014d98014d98</uuid>
                        <uuid>0002e9b9-95bb-8000-f12b-014d98014d98</uuid>
                        <uuid>0002e9b9-ee15-8000-f1c9-014d98014d98</uuid>
                        <uuid>0005e9ba-a3ec-8000-f238-014d98014d98</uuid>
                        <uuid>0002e9bc-29a4-8000-f30e-014d98014d98</uuid>
                        <uuid>000ae9be-c98e-8000-f51a-014d98014d98</uuid>
                        <uuid>0002e9cd-a48e-8000-fb4c-014d98014d98</uuid>
                        <uuid>0002e9dc-a66c-8000-05ed-014d98014d98</uuid>
                        <uuid>0002e9e8-06c7-8000-0b04-014d98014d98</uuid>
                        <uuid>0002e9e9-5997-8000-0c00-014d98014d98</uuid>
                        <uuid>000ae9ff-5e62-8000-1667-014d98014d98</uuid>
                        <uuid>0002ea08-344a-8000-1c2d-014d98014d98</uuid>
                        <uuid>0006ea12-0e3b-8000-1f96-014d98014d98</uuid>
                        <uuid>0002ea24-571c-8000-2934-014d98014d98</uuid>
                        <uuid>0002ea32-c99d-8000-2fee-014d98014d98</uuid>
                        <uuid>0002ea4e-8119-8000-43f4-014d98014d98</uuid>
                        <uuid>001bea63-b64d-8000-5181-014d98014d98</uuid>
                        <uuid>0003ea63-e3e8-8000-5215-014d98014d98</uuid>
                        <uuid>0003ea64-fda8-8000-5359-014d98014d98</uuid>
                        <uuid>001bea65-076d-8000-5365-014d98014d98</uuid>
                        <uuid>000bea6a-07f9-8000-54e1-014d98014d98</uuid>
                        <uuid>0006ea7d-b147-8000-61e6-014d98014d98</uuid>
                        <uuid>0002eaab-358c-8000-76bb-014d98014d98</uuid>
                        <uuid>0005eaae-b586-8000-7812-014d98014d98</uuid>
                        <uuid>0002eab2-ee58-8000-7924-014d98014d98</uuid>
                        <uuid>0002eab8-1431-8000-7c1b-014d98014d98</uuid>
                        <uuid>0002eab8-2080-8000-7c2d-014d98014d98</uuid>
                        <uuid>0008eac2-912e-8000-7df7-014d98014d98</uuid>
                        <uuid>0002eac5-bdee-8000-7e45-014d98014d98</uuid>
                        <uuid>0002eac6-6597-8000-7e5c-014d98014d98</uuid>
                        <uuid>0008eac6-c4f2-8000-7e87-014d98014d98</uuid>
                        <uuid>0008eac6-d9df-8000-7ea7-014d98014d98</uuid>
                        <uuid>0008eac6-df69-8000-7eb9-014d98014d98</uuid>
                        <uuid>0002eac8-5e10-8000-7f98-014d98014d98</uuid>
                        <uuid>0002eac9-75ca-8000-7ff3-014d98014d98</uuid>
                        <uuid>000ceac9-7e18-8000-7fff-014d98014d98</uuid>
                        <uuid>0002eaca-1d62-8000-802a-014d98014d98</uuid>
                        <uuid>001bead0-1daa-8000-81ae-014d98014d98</uuid>
                        <uuid>0002ead0-f102-8000-81db-014d98014d98</uuid>
                        <uuid>0002ead0-f69a-8000-81e2-014d98014d98</uuid>
                        <uuid>0002ead0-f94a-8000-81e7-014d98014d98</uuid>
                        <uuid>0002ead1-09ea-8000-81ee-014d98014d98</uuid>
                        <uuid>000aead1-5980-8000-8257-014d98014d98</uuid>
                        <uuid>000bead7-ddd4-8000-847e-014d98014d98</uuid>
                        <uuid>0006eb08-b07c-8000-8f46-014d98014d98</uuid>
                        <uuid>000beb2c-bad6-8000-96e9-014d98014d98</uuid>
                        <uuid>000beb2c-bd10-8000-96ed-014d98014d98</uuid>
                        <uuid>0014eb2c-c753-8000-96f9-014d98014d98</uuid>
                        <uuid>000beb2e-de0c-8000-97d8-014d98014d98</uuid>
                        <uuid>0025ebba-c6d5-8000-bb78-014d98014d98</uuid>
                    </uuids>
                </item>
                <item>
                    <type>portlet</type>
                    <uuids/>
                </item>
                <item>
                    <type>page</type>
                    <uuids/>
                </item>
                <item>
                    <type>application</type>
                    <uuids/>
                </item>
                <item>
                    <type>tempoFeed</type>
                    <uuids/>
                </item>
                <item>
                    <type>recordType</type>
                    <uuids/>
                </item>
                <item>
                    <type>recordField</type>
                    <uuids/>
                </item>
                <item>
                    <type>recordRelationship</type>
                    <uuids/>
                </item>
                <item>
                    <type>tempoReport</type>
                    <uuids/>
                </item>
                <item>
                    <type>taskReport</type>
                    <uuids/>
                </item>
                <item>
                    <type>webApi</type>
                    <uuids>
                        <uuid>1c7fcbab-cc6e-44be-a1b3-f2373431da4d</uuid>
                    </uuids>
                </item>
                <item>
                    <type>site</type>
                    <uuids>
                        <uuid>28e60a96-34f6-4ab6-a6b3-22e6e3bb3227</uuid>
                    </uuids>
                </item>
                <item>
                    <type>adminSetting</type>
                    <uuids/>
                </item>
                <item>
                    <type>thirdPartyCredentials</type>
                    <uuids/>
                </item>
                <item>
                    <type>dataSource</type>
                    <uuids/>
                </item>
                <item>
                    <type>embeddedSailTheme</type>
                    <uuids/>
                </item>
                <item>
                    <type>connectedSystem</type>
                    <uuids>
                        <uuid>_a-0000eabf-35e2-8000-e683-01ef9001ef90_8396853</uuid>
                        <uuid>_a-0000eabf-35e2-8000-e683-01ef9001ef90_8396859</uuid>
                        <uuid>_a-0000eabf-35e2-8000-e683-01ef9001ef90_8400907</uuid>
                    </uuids>
                </item>
                <item>
                    <type>pluginInfo</type>
                    <uuids/>
                </item>
                <item>
                    <type>featureFlag</type>
                    <uuids/>
                </item>
                <item>
                    <type>designObjectReferenceImplementation</type>
                    <uuids/>
                </item>
                <item>
                    <type>aiSkill</type>
                    <uuids/>
                </item>
                <item>
                    <type>roboticTaskDesignObject</type>
                    <uuids/>
                </item>
                <item>
                    <type>robotPoolDesignObject</type>
                    <uuids/>
                </item>
                <item>
                    <type>portal</type>
                    <uuids/>
                </item>
                <item>
                    <type>translationSet</type>
                    <uuids/>
                </item>
                <item>
                    <type>translationString</type>
                    <uuids/>
                </item>
            </globalIdMap>
        </associatedObjects>
        <applicationNavigation/>
        <applicationActions/>
        <associatedApplications>
            <globalIdMap>
                <item>
                    <type>datatype</type>
                    <uuids/>
                </item>
                <item>
                    <type>dataStore</type>
                    <uuids/>
                </item>
                <item>
                    <type>user</type>
                    <uuids/>
                </item>
                <item>
                    <type>groupType</type>
                    <uuids/>
                </item>
                <item>
                    <type>group</type>
                    <uuids/>
                </item>
                <item>
                    <type>content</type>
                    <uuids/>
                </item>
                <item>
                    <type>forum</type>
                    <uuids/>
                </item>
                <item>
                    <type>processModelFolder</type>
                    <uuids/>
                </item>
                <item>
                    <type>processModel</type>
                    <uuids/>
                </item>
                <item>
                    <type>portlet</type>
                    <uuids/>
                </item>
                <item>
                    <type>page</type>
                    <uuids/>
                </item>
                <item>
                    <type>application</type>
                    <uuids/>
                </item>
                <item>
                    <type>tempoFeed</type>
                    <uuids/>
                </item>
                <item>
                    <type>recordType</type>
                    <uuids/>
                </item>
                <item>
                    <type>recordField</type>
                    <uuids/>
                </item>
                <item>
                    <type>recordRelationship</type>
                    <uuids/>
                </item>
                <item>
                    <type>tempoReport</type>
                    <uuids/>
                </item>
                <item>
                    <type>taskReport</type>
                    <uuids/>
                </item>
                <item>
                    <type>webApi</type>
                    <uuids/>
                </item>
                <item>
                    <type>site</type>
                    <uuids/>
                </item>
                <item>
                    <type>adminSetting</type>
                    <uuids/>
                </item>
                <item>
                    <type>thirdPartyCredentials</type>
                    <uuids/>
                </item>
                <item>
                    <type>dataSource</type>
                    <uuids/>
                </item>
                <item>
                    <type>embeddedSailTheme</type>
                    <uuids/>
                </item>
                <item>
                    <type>connectedSystem</type>
                    <uuids/>
                </item>
                <item>
                    <type>pluginInfo</type>
                    <uuids/>
                </item>
                <item>
                    <type>featureFlag</type>
                    <uuids/>
                </item>
                <item>
                    <type>designObjectReferenceImplementation</type>
                    <uuids/>
                </item>
                <item>
                    <type>aiSkill</type>
                    <uuids/>
                </item>
                <item>
                    <type>roboticTaskDesignObject</type>
                    <uuids/>
                </item>
                <item>
                    <type>robotPoolDesignObject</type>
                    <uuids/>
                </item>
                <item>
                    <type>portal</type>
                    <uuids/>
                </item>
                <item>
                    <type>translationSet</type>
                    <uuids/>
                </item>
                <item>
                    <type>translationString</type>
                    <uuids/>
                </item>
            </globalIdMap>
        </associatedApplications>
    </application>
    <roleMap>
        <contentRoleMap public="true">
            <role inherit="false" allowForAll="false" name="readers">
                <users/>
                <groups>
                    <groupUuid>_e-0000e867-3fd5-8000-e5e0-011e94011e94_5795</groupUuid>
                </groups>
            </role>
            <role inherit="false" allowForAll="false" name="authors">
                <users/>
                <groups/>
            </role>
            <role inherit="false" allowForAll="false" name="administrators">
                <users/>
                <groups>
                    <groupUuid>_e-0000e801-560f-8000-e5d6-011e94011e94_5700</groupUuid>
                    <groupUuid>_e-0000e801-560f-8000-e5d6-011e94011e94_5698</groupUuid>
                </groups>
            </role>
            <role inherit="false" allowForAll="false" name="denyReaders">
                <users/>
                <groups/>
            </role>
            <role inherit="false" allowForAll="false" name="denyAuthors">
                <users/>
                <groups/>
            </role>
            <role inherit="false" allowForAll="false" name="denyAdministrators">
                <users/>
                <groups/>
            </role>
        </contentRoleMap>
    </roleMap>
    <defaultApplicationObjects/>
    <applicationDocumentation/>
    <history>
        <historyInfo versionUuid="_a-0000e94c-78eb-8000-e637-01ef9001ef90_3803656"/>
        <historyInfo versionUuid="_a-0000ea52-e6d5-8000-e654-01ef9001ef90_7529218"/>
        <historyInfo versionUuid="_a-0000eaa5-8248-8000-e681-01ef9001ef90_8379810"/>
        <historyInfo versionUuid="_a-0000eabf-35e2-8000-e683-01ef9001ef90_8504362"/>
        <historyInfo versionUuid="_a-0000eabf-35e2-8000-e683-01ef9001ef90_8556580"/>
        <historyInfo versionUuid="_a-0000eb09-d442-8000-e687-01ef9001ef90_8902683"/>
        <historyInfo versionUuid="_a-0000eb53-0a0e-8000-e689-01ef9001ef90_9156735"/>
        <historyInfo versionUuid="_a-0000eb53-0a0e-8000-e689-01ef9001ef90_9171296"/>
        <historyInfo versionUuid="_a-0000eb53-0a0e-8000-e689-01ef9001ef90_9224119"/>
        <historyInfo versionUuid="_a-0000eb53-0a0e-8000-e689-01ef9001ef90_9282440"/>
        <historyInfo versionUuid="_a-0000eb53-0a0e-8000-e689-01ef9001ef90_9396920"/>
        <historyInfo versionUuid="_a-0000eb53-0a0e-8000-e689-01ef9001ef90_9405770"/>
        <historyInfo versionUuid="_a-0000eb53-0a0e-8000-e689-01ef9001ef90_9416343"/>
        <historyInfo versionUuid="_a-0000eb53-0a0e-8000-e689-01ef9001ef90_9420476"/>
        <historyInfo versionUuid="_a-0000eb53-0a0e-8000-e689-01ef9001ef90_9425921"/>
        <historyInfo versionUuid="_a-0000eb53-0a0e-8000-e689-01ef9001ef90_9432322"/>
        <historyInfo versionUuid="_a-0000eb53-0a0e-8000-e689-01ef9001ef90_9516154"/>
        <historyInfo versionUuid="_a-0000eb53-0a0e-8000-e689-01ef9001ef90_9534913"/>
        <historyInfo versionUuid="_a-0000ebe7-98ae-8000-e699-01ef9001ef90_9855716"/>
    </history>
    <postDeploymentProcessData/>
</applicationHaul>
